id,transaction_number,customer_id,transaction_date,status,subtotal,discount_amount,tax_amount,total_amount,created_at,updated_at
1,TXN-202604-000001,407,2026-04-03 00:00:00+00:00,completed,1261.18,0.00,94.59,1355.77,2026-04-03 00:00:00+00:00,2026-09-24 15:51:32.431066+00:00
2,TXN-202507-000002,377,2025-07-25 00:00:00+00:00,completed,9.18,0.46,0.65,9.37,2025-07-25 00:00:00+00:00,2026-09-24 15:51:32.431066+00:00
3,TXN-202604-000003,587,2026-04-10 00:00:00+00:00,completed,205.23,0.00,15.39,220.62,2026-04-10 00:00:00+00:00,2026-09-24 15:51:32.431066+00:00
4,TXN-202609-000004,334,2026-09-10 00:00:00+00:00,completed,3212.06,0.00,240.90,3452.96,2026-09-10 00:00:00+00:00,2026-09-24 15:51:32.431066+00:00
5,TXN-202609-000005,599,2026-09-08 00:00:00+00:00,completed,97.34,0.00,7.30,104.64,2026-09-08 00:00:00+00:00,2026-09-24 15:51:32.431066+00:00
6,TXN-202604-000006,126,2026-04-25 00:00:00+00:00,refunded,437.38,0.00,32.80,470.18,2026-04-25 00:00:00+00:00,2026-09-24 15:51:32.431066+00:00
7,TXN-202609-000007,176,2026-09-06 00:00:00+00:00,completed,2574.06,0.00,193.05,2767.11,2026-09-06 00:00:00+00:00,2026-09-24 15:51:32.431066+00:00
8,TXN-202607-000008,361,2026-07-26 00:00:00+00:00,completed,974.93,0.00,73.12,1048.05,2026-07-26 00:00:00+00:00,2026-09-24 15:51:32.431066+00:00
9,TXN-202606-000009,138,2026-06-07 00:00:00+00:00,completed,1170.34,0.00,87.78,1258.12,2026-06-07 00:00:00+00:00,2026-09-24 15:51:32.431066+00:00
10,TXN-202512-000010,468,2025-12-10 00:00:00+00:00,completed,8389.24,0.00,629.19,9018.43,2025-12-10 00:00:00+00:00,2026-09-24 15:51:32.431066+00:00
11,TXN-202512-000011,620,2025-12-03 00:00:00+00:00,completed,52.88,2.64,3.77,54.01,2025-12-03 00:00:00+00:00,2026-09-24 15:51:32.431066+00:00
12,TXN-202512-000012,80,2025-12-17 00:00:00+00:00,completed,140.13,0.00,10.51,150.64,2025-12-17 00:00:00+00:00,2026-09-24 15:51:32.431066+00:00
13,TXN-202609-000013,342,2026-09-10 00:00:00+00:00,completed,481.04,0.00,36.08,517.12,2026-09-10 00:00:00+00:00,2026-09-24 15:51:32.431066+00:00
14,TXN-202510-000014,948,2025-10-13 00:00:00+00:00,completed,1000.41,0.00,75.03,1075.44,2025-10-13 00:00:00+00:00,2026-09-24 15:51:32.431066+00:00
15,TXN-202606-000015,175,2026-06-19 00:00:00+00:00,completed,6788.90,0.00,509.17,7298.07,2026-06-19 00:00:00+00:00,2026-09-24 15:51:32.431066+00:00
16,TXN-202606-000016,743,2026-06-22 00:00:00+00:00,refunded,2189.05,0.00,164.18,2353.23,2026-06-22 00:00:00+00:00,2026-09-24 15:51:32.431066+00:00
17,TXN-202608-000017,417,2026-08-18 00:00:00+00:00,completed,481.04,0.00,36.08,517.12,2026-08-18 00:00:00+00:00,2026-09-24 15:51:32.431066+00:00
18,TXN-202608-000018,59,2026-08-14 00:00:00+00:00,completed,7824.70,0.00,586.85,8411.55,2026-08-14 00:00:00+00:00,2026-09-24 15:51:32.431066+00:00
19,TXN-202609-000019,933,2026-09-14 00:00:00+00:00,completed,918.20,0.00,68.86,987.06,2026-09-14 00:00:00+00:00,2026-09-24 15:51:32.431066+00:00
20,TXN-202608-000020,953,2026-08-31 00:00:00+00:00,refunded,147.94,0.00,11.10,159.04,2026-08-31 00:00:00+00:00,2026-09-24 15:51:32.431066+00:00
21,TXN-202607-000021,433,2026-07-21 00:00:00+00:00,completed,477.98,0.00,35.85,513.83,2026-07-21 00:00:00+00:00,2026-09-24 15:51:32.431066+00:00
22,TXN-202604-000022,219,2026-04-09 00:00:00+00:00,completed,218.14,0.00,16.36,234.50,2026-04-09 00:00:00+00:00,2026-09-24 15:51:32.431066+00:00
23,TXN-202607-000023,59,2026-07-10 00:00:00+00:00,completed,7402.62,0.00,555.20,7957.82,2026-07-10 00:00:00+00:00,2026-09-24 15:51:32.431066+00:00
24,TXN-202601-000024,158,2026-01-30 00:00:00+00:00,completed,42834.44,2141.72,3051.95,43744.67,2026-01-30 00:00:00+00:00,2026-09-24 15:51:32.431066+00:00
25,TXN-202604-000025,762,2026-04-14 00:00:00+00:00,completed,158.48,0.00,11.89,170.37,2026-04-14 00:00:00+00:00,2026-09-24 15:51:32.431066+00:00
26,TXN-202607-000026,864,2026-07-02 00:00:00+00:00,completed,113.79,0.00,8.53,122.32,2026-07-02 00:00:00+00:00,2026-09-24 15:51:32.431066+00:00
27,TXN-202512-000027,243,2025-12-21 00:00:00+00:00,completed,2018.12,0.00,151.36,2169.48,2025-12-21 00:00:00+00:00,2026-09-24 15:51:32.431066+00:00
28,TXN-202511-000028,288,2025-11-01 00:00:00+00:00,completed,328.30,0.00,24.62,352.92,2025-11-01 00:00:00+00:00,2026-09-24 15:51:32.431066+00:00
29,TXN-202507-000029,650,2025-07-23 00:00:00+00:00,completed,1653.92,0.00,124.04,1777.96,2025-07-23 00:00:00+00:00,2026-09-24 15:51:32.431066+00:00
30,TXN-202602-000030,390,2026-02-23 00:00:00+00:00,completed,28503.08,1425.15,2030.84,29108.77,2026-02-23 00:00:00+00:00,2026-09-24 15:51:32.431066+00:00
31,TXN-202606-000031,763,2026-06-07 00:00:00+00:00,completed,4014.50,0.00,301.09,4315.59,2026-06-07 00:00:00+00:00,2026-09-24 15:51:32.431066+00:00
32,TXN-202604-000032,134,2026-04-02 00:00:00+00:00,completed,210.69,0.00,15.80,226.49,2026-04-02 00:00:00+00:00,2026-09-24 15:51:32.431066+00:00
33,TXN-202512-000033,909,2025-12-11 00:00:00+00:00,completed,819.54,0.00,61.47,881.01,2025-12-11 00:00:00+00:00,2026-09-24 15:51:32.431066+00:00
34,TXN-202609-000034,560,2026-09-24 00:00:00+00:00,completed,324.36,0.00,24.33,348.69,2026-09-24 00:00:00+00:00,2026-09-24 15:51:32.431066+00:00
35,TXN-202608-000035,899,2026-08-12 00:00:00+00:00,completed,109.34,0.00,8.20,117.54,2026-08-12 00:00:00+00:00,2026-09-24 15:51:32.431066+00:00
36,TXN-202603-000036,976,2026-03-18 00:00:00+00:00,completed,32151.06,0.00,2411.33,34562.39,2026-03-18 00:00:00+00:00,2026-09-24 15:51:32.431066+00:00
37,TXN-202605-000037,411,2026-05-08 00:00:00+00:00,completed,27.64,0.00,2.07,29.71,2026-05-08 00:00:00+00:00,2026-09-24 15:51:32.431066+00:00
38,TXN-202606-000038,467,2026-06-07 00:00:00+00:00,completed,100.68,0.00,7.55,108.23,2026-06-07 00:00:00+00:00,2026-09-24 15:51:32.431066+00:00
39,TXN-202511-000039,244,2025-11-03 00:00:00+00:00,completed,201.36,0.00,15.10,216.46,2025-11-03 00:00:00+00:00,2026-09-24 15:51:32.431066+00:00
40,TXN-202604-000040,658,2026-04-16 00:00:00+00:00,refunded,740.31,0.00,55.52,795.83,2026-04-16 00:00:00+00:00,2026-09-24 15:51:32.431066+00:00
41,TXN-202606-000041,906,2026-06-03 00:00:00+00:00,completed,3468.40,0.00,260.13,3728.53,2026-06-03 00:00:00+00:00,2026-09-24 15:51:32.431066+00:00
42,TXN-202607-000042,962,2026-07-13 00:00:00+00:00,completed,351.38,0.00,26.35,377.73,2026-07-13 00:00:00+00:00,2026-09-24 15:51:32.431066+00:00
43,TXN-202602-000043,645,2026-02-24 00:00:00+00:00,completed,3930.06,0.00,294.75,4224.81,2026-02-24 00:00:00+00:00,2026-09-24 15:51:32.431066+00:00
44,TXN-202605-000044,181,2026-05-28 00:00:00+00:00,completed,6562.47,0.00,492.19,7054.66,2026-05-28 00:00:00+00:00,2026-09-24 15:51:32.431066+00:00
45,TXN-202509-000045,437,2025-09-15 00:00:00+00:00,completed,2905.92,0.00,217.94,3123.86,2025-09-15 00:00:00+00:00,2026-09-24 15:51:32.431066+00:00
46,TXN-202601-000046,45,2026-01-29 00:00:00+00:00,completed,83.76,0.00,6.28,90.04,2026-01-29 00:00:00+00:00,2026-09-24 15:51:32.431066+00:00
47,TXN-202603-000047,811,2026-03-05 00:00:00+00:00,completed,3084.77,0.00,231.36,3316.13,2026-03-05 00:00:00+00:00,2026-09-24 15:51:32.431066+00:00
48,TXN-202602-000048,709,2026-02-14 00:00:00+00:00,completed,707.98,35.40,50.44,723.02,2026-02-14 00:00:00+00:00,2026-09-24 15:51:32.431066+00:00
49,TXN-202607-000049,233,2026-07-31 00:00:00+00:00,completed,5297.65,0.00,397.32,5694.97,2026-07-31 00:00:00+00:00,2026-09-24 15:51:32.431066+00:00
50,TXN-202604-000050,105,2026-04-16 00:00:00+00:00,completed,1153.61,0.00,86.52,1240.13,2026-04-16 00:00:00+00:00,2026-09-24 15:51:32.431066+00:00
51,TXN-202512-000051,696,2025-12-15 00:00:00+00:00,completed,9995.00,0.00,749.62,10744.62,2025-12-15 00:00:00+00:00,2026-09-24 15:51:32.431066+00:00
52,TXN-202508-000052,808,2025-08-10 00:00:00+00:00,completed,58322.83,0.00,4374.21,62697.04,2025-08-10 00:00:00+00:00,2026-09-24 15:51:32.431066+00:00
53,TXN-202606-000053,252,2026-06-20 00:00:00+00:00,completed,5588.56,0.00,419.14,6007.70,2026-06-20 00:00:00+00:00,2026-09-24 15:51:32.431066+00:00
54,TXN-202511-000054,720,2025-11-27 00:00:00+00:00,refunded,191.73,0.00,14.38,206.11,2025-11-27 00:00:00+00:00,2026-09-24 15:51:32.431066+00:00
55,TXN-202509-000055,944,2025-09-03 00:00:00+00:00,completed,3035.07,0.00,227.63,3262.70,2025-09-03 00:00:00+00:00,2026-09-24 15:51:32.431066+00:00
56,TXN-202603-000056,765,2026-03-20 00:00:00+00:00,completed,15876.84,0.00,1190.76,17067.60,2026-03-20 00:00:00+00:00,2026-09-24 15:51:32.431066+00:00
57,TXN-202603-000057,13,2026-03-19 00:00:00+00:00,completed,113.79,0.00,8.53,122.32,2026-03-19 00:00:00+00:00,2026-09-24 15:51:32.431066+00:00
58,TXN-202506-000058,455,2025-06-05 00:00:00+00:00,completed,28206.32,0.00,2115.47,30321.79,2025-06-05 00:00:00+00:00,2026-09-24 15:51:32.431066+00:00
59,TXN-202511-000059,161,2025-11-18 00:00:00+00:00,completed,259.80,0.00,19.48,279.28,2025-11-18 00:00:00+00:00,2026-09-24 15:51:32.431066+00:00
60,TXN-202608-000060,573,2026-08-18 00:00:00+00:00,completed,1700.43,0.00,127.53,1827.96,2026-08-18 00:00:00+00:00,2026-09-24 15:51:32.431066+00:00
61,TXN-202601-000061,110,2026-01-26 00:00:00+00:00,completed,411.37,0.00,30.85,442.22,2026-01-26 00:00:00+00:00,2026-09-24 15:51:32.431066+00:00
62,TXN-202608-000062,584,2026-08-31 00:00:00+00:00,refunded,126.74,0.00,9.51,136.25,2026-08-31 00:00:00+00:00,2026-09-24 15:51:32.431066+00:00
63,TXN-202605-000063,513,2026-05-17 00:00:00+00:00,completed,38286.39,0.00,2871.48,41157.87,2026-05-17 00:00:00+00:00,2026-09-24 15:51:32.431066+00:00
64,TXN-202608-000064,670,2026-08-05 00:00:00+00:00,completed,215.88,0.00,16.19,232.07,2026-08-05 00:00:00+00:00,2026-09-24 15:51:32.431066+00:00
65,TXN-202511-000065,442,2025-11-06 00:00:00+00:00,completed,826.46,0.00,61.98,888.44,2025-11-06 00:00:00+00:00,2026-09-24 15:51:32.431066+00:00
66,TXN-202606-000066,892,2026-06-03 00:00:00+00:00,completed,134.82,0.00,10.11,144.93,2026-06-03 00:00:00+00:00,2026-09-24 15:51:32.431066+00:00
67,TXN-202607-000067,287,2026-07-13 00:00:00+00:00,pending,99.03,0.00,7.43,106.46,2026-07-13 00:00:00+00:00,2026-09-24 15:51:32.431066+00:00
68,TXN-202608-000068,782,2026-08-02 00:00:00+00:00,completed,12004.65,0.00,900.35,12905.00,2026-08-02 00:00:00+00:00,2026-09-24 15:51:32.431066+00:00
69,TXN-202604-000069,163,2026-04-23 00:00:00+00:00,completed,12470.94,0.00,935.32,13406.26,2026-04-23 00:00:00+00:00,2026-09-24 15:51:32.431066+00:00
70,TXN-202601-000070,787,2026-01-16 00:00:00+00:00,completed,396.93,0.00,29.77,426.70,2026-01-16 00:00:00+00:00,2026-09-24 15:51:32.431066+00:00
71,TXN-202509-000071,559,2025-09-18 00:00:00+00:00,completed,35507.31,0.00,2663.05,38170.36,2025-09-18 00:00:00+00:00,2026-09-24 15:51:32.431066+00:00
72,TXN-202608-000072,730,2026-08-11 00:00:00+00:00,completed,1026.88,0.00,77.02,1103.90,2026-08-11 00:00:00+00:00,2026-09-24 15:51:32.431066+00:00
73,TXN-202607-000073,204,2026-07-28 00:00:00+00:00,completed,461.46,23.07,32.88,471.27,2026-07-28 00:00:00+00:00,2026-09-24 15:51:32.431066+00:00
74,TXN-202605-000074,632,2026-05-17 00:00:00+00:00,completed,304.10,0.00,22.81,326.91,2026-05-17 00:00:00+00:00,2026-09-24 15:51:32.431066+00:00
75,TXN-202608-000075,994,2026-08-08 00:00:00+00:00,pending,130.51,0.00,9.79,140.30,2026-08-08 00:00:00+00:00,2026-09-24 15:51:32.431066+00:00
76,TXN-202609-000076,431,2026-09-02 00:00:00+00:00,completed,5247.39,0.00,393.55,5640.94,2026-09-02 00:00:00+00:00,2026-09-24 15:51:32.431066+00:00
77,TXN-202605-000077,717,2026-05-08 00:00:00+00:00,completed,206.40,0.00,15.48,221.88,2026-05-08 00:00:00+00:00,2026-09-24 15:51:32.431066+00:00
78,TXN-202602-000078,383,2026-02-06 00:00:00+00:00,completed,107.28,0.00,8.05,115.33,2026-02-06 00:00:00+00:00,2026-09-24 15:51:32.431066+00:00
79,TXN-202601-000079,961,2026-01-06 00:00:00+00:00,completed,6649.52,0.00,498.71,7148.23,2026-01-06 00:00:00+00:00,2026-09-24 15:51:32.431066+00:00
80,TXN-202608-000080,649,2026-08-16 00:00:00+00:00,completed,127.82,0.00,9.59,137.41,2026-08-16 00:00:00+00:00,2026-09-24 15:51:32.431066+00:00
81,TXN-202603-000081,391,2026-03-03 00:00:00+00:00,completed,2594.30,0.00,194.57,2788.87,2026-03-03 00:00:00+00:00,2026-09-24 15:51:32.431066+00:00
82,TXN-202601-000082,675,2026-01-11 00:00:00+00:00,completed,255.81,12.79,18.23,261.25,2026-01-11 00:00:00+00:00,2026-09-24 15:51:32.431066+00:00
83,TXN-202609-000083,861,2026-09-03 00:00:00+00:00,completed,560.42,0.00,42.03,602.45,2026-09-03 00:00:00+00:00,2026-09-24 15:51:32.431066+00:00
84,TXN-202609-000084,132,2026-09-12 00:00:00+00:00,completed,12073.21,0.00,905.49,12978.70,2026-09-12 00:00:00+00:00,2026-09-24 15:51:32.431066+00:00
85,TXN-202609-000085,591,2026-09-09 00:00:00+00:00,completed,7589.23,0.00,569.19,8158.42,2026-09-09 00:00:00+00:00,2026-09-24 15:51:32.431066+00:00
86,TXN-202510-000086,725,2025-10-29 00:00:00+00:00,completed,151.72,0.00,11.38,163.10,2025-10-29 00:00:00+00:00,2026-09-24 15:51:32.431066+00:00
87,TXN-202607-000087,192,2026-07-10 00:00:00+00:00,completed,9078.87,0.00,680.92,9759.79,2026-07-10 00:00:00+00:00,2026-09-24 15:51:32.431066+00:00
88,TXN-202607-000088,950,2026-07-22 00:00:00+00:00,completed,6.94,0.35,0.49,7.08,2026-07-22 00:00:00+00:00,2026-09-24 15:51:32.431066+00:00
89,TXN-202512-000089,935,2025-12-30 00:00:00+00:00,completed,93.76,0.00,7.03,100.79,2025-12-30 00:00:00+00:00,2026-09-24 15:51:32.431066+00:00
90,TXN-202601-000090,322,2026-01-08 00:00:00+00:00,completed,30.63,0.00,2.30,32.93,2026-01-08 00:00:00+00:00,2026-09-24 15:51:32.431066+00:00
91,TXN-202606-000091,356,2026-06-25 00:00:00+00:00,completed,1454.04,0.00,109.05,1563.09,2026-06-25 00:00:00+00:00,2026-09-24 15:51:32.431066+00:00
92,TXN-202512-000092,374,2025-12-14 00:00:00+00:00,completed,24043.29,0.00,1803.25,25846.54,2025-12-14 00:00:00+00:00,2026-09-24 15:51:32.431066+00:00
93,TXN-202605-000093,565,2026-05-29 00:00:00+00:00,completed,1301.24,0.00,97.59,1398.83,2026-05-29 00:00:00+00:00,2026-09-24 15:51:32.431066+00:00
94,TXN-202603-000094,288,2026-03-24 00:00:00+00:00,completed,267.30,0.00,20.05,287.35,2026-03-24 00:00:00+00:00,2026-09-24 15:51:32.431066+00:00
95,TXN-202604-000095,622,2026-04-07 00:00:00+00:00,completed,11699.56,0.00,877.47,12577.03,2026-04-07 00:00:00+00:00,2026-09-24 15:51:32.431066+00:00
96,TXN-202608-000096,673,2026-08-21 00:00:00+00:00,completed,1555.22,77.76,110.81,1588.27,2026-08-21 00:00:00+00:00,2026-09-24 15:51:32.431066+00:00
97,TXN-202604-000097,218,2026-04-26 00:00:00+00:00,completed,902.05,0.00,67.65,969.70,2026-04-26 00:00:00+00:00,2026-09-24 15:51:32.431066+00:00
98,TXN-202607-000098,202,2026-07-30 00:00:00+00:00,completed,113.79,0.00,8.53,122.32,2026-07-30 00:00:00+00:00,2026-09-24 15:51:32.431066+00:00
99,TXN-202604-000099,22,2026-04-06 00:00:00+00:00,completed,269.96,0.00,20.25,290.21,2026-04-06 00:00:00+00:00,2026-09-24 15:51:32.431066+00:00
100,TXN-202605-000100,482,2026-05-07 00:00:00+00:00,pending,223.73,0.00,16.78,240.51,2026-05-07 00:00:00+00:00,2026-09-24 15:51:32.431066+00:00
101,TXN-202609-000101,506,2026-09-14 00:00:00+00:00,completed,16315.35,815.77,1162.47,16662.05,2026-09-14 00:00:00+00:00,2026-09-24 15:51:32.431066+00:00
102,TXN-202606-000102,271,2026-06-12 00:00:00+00:00,completed,78.65,0.00,5.90,84.55,2026-06-12 00:00:00+00:00,2026-09-24 15:51:32.431066+00:00
103,TXN-202609-000103,772,2026-09-14 00:00:00+00:00,completed,905.15,0.00,67.89,973.04,2026-09-14 00:00:00+00:00,2026-09-24 15:51:32.431066+00:00
104,TXN-202512-000104,362,2025-12-02 00:00:00+00:00,completed,682.94,0.00,51.22,734.16,2025-12-02 00:00:00+00:00,2026-09-24 15:51:32.431066+00:00
105,TXN-202604-000105,500,2026-04-08 00:00:00+00:00,completed,1077.08,0.00,80.78,1157.86,2026-04-08 00:00:00+00:00,2026-09-24 15:51:32.431066+00:00
106,TXN-202512-000106,526,2025-12-19 00:00:00+00:00,completed,4870.29,0.00,365.27,5235.56,2025-12-19 00:00:00+00:00,2026-09-24 15:51:32.431066+00:00
107,TXN-202604-000107,763,2026-04-14 00:00:00+00:00,completed,7877.97,0.00,590.85,8468.82,2026-04-14 00:00:00+00:00,2026-09-24 15:51:32.431066+00:00
108,TXN-202604-000108,521,2026-04-02 00:00:00+00:00,completed,1015.72,0.00,76.18,1091.90,2026-04-02 00:00:00+00:00,2026-09-24 15:51:32.431066+00:00
109,TXN-202606-000109,609,2026-06-24 00:00:00+00:00,completed,9035.77,451.79,643.80,9227.78,2026-06-24 00:00:00+00:00,2026-09-24 15:51:32.431066+00:00
110,TXN-202604-000110,232,2026-04-12 00:00:00+00:00,completed,121.01,0.00,9.08,130.09,2026-04-12 00:00:00+00:00,2026-09-24 15:51:32.431066+00:00
111,TXN-202607-000111,356,2026-07-05 00:00:00+00:00,completed,1325.65,0.00,99.42,1425.07,2026-07-05 00:00:00+00:00,2026-09-24 15:51:32.431066+00:00
112,TXN-202609-000112,192,2026-09-05 00:00:00+00:00,completed,8618.89,0.00,646.42,9265.31,2026-09-05 00:00:00+00:00,2026-09-24 15:51:32.431066+00:00
113,TXN-202601-000113,254,2026-01-20 00:00:00+00:00,completed,9877.75,0.00,740.83,10618.58,2026-01-20 00:00:00+00:00,2026-09-24 15:51:32.431066+00:00
114,TXN-202604-000114,503,2026-04-24 00:00:00+00:00,completed,602.40,0.00,45.18,647.58,2026-04-24 00:00:00+00:00,2026-09-24 15:51:32.431066+00:00
115,TXN-202608-000115,878,2026-08-15 00:00:00+00:00,completed,767.40,0.00,57.55,824.95,2026-08-15 00:00:00+00:00,2026-09-24 15:51:32.431066+00:00
116,TXN-202509-000116,510,2025-09-30 00:00:00+00:00,completed,2353.89,0.00,176.54,2530.43,2025-09-30 00:00:00+00:00,2026-09-24 15:51:32.431066+00:00
117,TXN-202607-000117,921,2026-07-15 00:00:00+00:00,completed,34351.95,0.00,2576.40,36928.35,2026-07-15 00:00:00+00:00,2026-09-24 15:51:32.431066+00:00
118,TXN-202608-000118,572,2026-08-31 00:00:00+00:00,completed,856.83,0.00,64.26,921.09,2026-08-31 00:00:00+00:00,2026-09-24 15:51:32.431066+00:00
119,TXN-202602-000119,1,2026-02-04 00:00:00+00:00,completed,39890.98,0.00,2991.82,42882.80,2026-02-04 00:00:00+00:00,2026-09-24 15:51:32.431066+00:00
120,TXN-202603-000120,915,2026-03-14 00:00:00+00:00,completed,41087.38,0.00,3081.55,44168.93,2026-03-14 00:00:00+00:00,2026-09-24 15:51:32.431066+00:00
121,TXN-202606-000121,702,2026-06-17 00:00:00+00:00,completed,37.40,0.00,2.80,40.20,2026-06-17 00:00:00+00:00,2026-09-24 15:51:32.431066+00:00
122,TXN-202606-000122,786,2026-06-06 00:00:00+00:00,completed,401.60,0.00,30.12,431.72,2026-06-06 00:00:00+00:00,2026-09-24 15:51:32.431066+00:00
123,TXN-202607-000123,636,2026-07-18 00:00:00+00:00,completed,4063.50,0.00,304.76,4368.26,2026-07-18 00:00:00+00:00,2026-09-24 15:51:32.431066+00:00
124,TXN-202604-000124,842,2026-04-26 00:00:00+00:00,refunded,1177.24,0.00,88.29,1265.53,2026-04-26 00:00:00+00:00,2026-09-24 15:51:32.431066+00:00
125,TXN-202511-000125,140,2025-11-12 00:00:00+00:00,completed,2854.71,0.00,214.10,3068.81,2025-11-12 00:00:00+00:00,2026-09-24 15:51:32.431066+00:00
126,TXN-202603-000126,1,2026-03-29 00:00:00+00:00,completed,12735.69,0.00,955.18,13690.87,2026-03-29 00:00:00+00:00,2026-09-24 15:51:32.431066+00:00
127,TXN-202606-000127,862,2026-06-27 00:00:00+00:00,completed,1056.37,0.00,79.23,1135.60,2026-06-27 00:00:00+00:00,2026-09-24 15:51:32.431066+00:00
128,TXN-202608-000128,175,2026-08-20 00:00:00+00:00,completed,10776.52,0.00,808.24,11584.76,2026-08-20 00:00:00+00:00,2026-09-24 15:51:32.431066+00:00
129,TXN-202508-000129,152,2025-08-01 00:00:00+00:00,completed,721.56,36.08,51.41,736.89,2025-08-01 00:00:00+00:00,2026-09-24 15:51:32.431066+00:00
130,TXN-202609-000130,673,2026-09-06 00:00:00+00:00,completed,1277.31,0.00,95.80,1373.11,2026-09-06 00:00:00+00:00,2026-09-24 15:51:32.431066+00:00
131,TXN-202606-000131,400,2026-06-13 00:00:00+00:00,completed,1884.07,0.00,141.31,2025.38,2026-06-13 00:00:00+00:00,2026-09-24 15:51:32.431066+00:00
132,TXN-202606-000132,946,2026-06-13 00:00:00+00:00,completed,260.79,0.00,19.56,280.35,2026-06-13 00:00:00+00:00,2026-09-24 15:51:32.431066+00:00
133,TXN-202607-000133,599,2026-07-01 00:00:00+00:00,completed,37.93,0.00,2.84,40.77,2026-07-01 00:00:00+00:00,2026-09-24 15:51:32.431066+00:00
134,TXN-202601-000134,696,2026-01-10 00:00:00+00:00,completed,6265.74,0.00,469.93,6735.67,2026-01-10 00:00:00+00:00,2026-09-24 15:51:32.431066+00:00
135,TXN-202607-000135,64,2026-07-20 00:00:00+00:00,completed,178.55,0.00,13.39,191.94,2026-07-20 00:00:00+00:00,2026-09-24 15:51:32.431066+00:00
136,TXN-202607-000136,653,2026-07-25 00:00:00+00:00,completed,1613.05,0.00,120.98,1734.03,2026-07-25 00:00:00+00:00,2026-09-24 15:51:32.431066+00:00
137,TXN-202512-000137,197,2025-12-10 00:00:00+00:00,completed,354.31,0.00,26.57,380.88,2025-12-10 00:00:00+00:00,2026-09-24 15:51:32.431066+00:00
138,TXN-202602-000138,886,2026-02-01 00:00:00+00:00,completed,678.73,0.00,50.90,729.63,2026-02-01 00:00:00+00:00,2026-09-24 15:51:32.431066+00:00
139,TXN-202602-000139,874,2026-02-24 00:00:00+00:00,completed,125.20,0.00,9.39,134.59,2026-02-24 00:00:00+00:00,2026-09-24 15:51:32.431066+00:00
140,TXN-202607-000140,616,2026-07-19 00:00:00+00:00,completed,602.40,0.00,45.18,647.58,2026-07-19 00:00:00+00:00,2026-09-24 15:51:32.431066+00:00
141,TXN-202511-000141,894,2025-11-27 00:00:00+00:00,completed,2274.25,0.00,170.57,2444.82,2025-11-27 00:00:00+00:00,2026-09-24 15:51:32.431066+00:00
142,TXN-202604-000142,960,2026-04-23 00:00:00+00:00,completed,939.32,0.00,70.45,1009.77,2026-04-23 00:00:00+00:00,2026-09-24 15:51:32.431066+00:00
143,TXN-202511-000143,900,2025-11-09 00:00:00+00:00,pending,1292.53,64.63,92.09,1319.99,2025-11-09 00:00:00+00:00,2026-09-24 15:51:32.431066+00:00
144,TXN-202602-000144,973,2026-02-11 00:00:00+00:00,completed,174.99,0.00,13.12,188.11,2026-02-11 00:00:00+00:00,2026-09-24 15:51:32.431066+00:00
145,TXN-202606-000145,359,2026-06-04 00:00:00+00:00,completed,456.99,0.00,34.27,491.26,2026-06-04 00:00:00+00:00,2026-09-24 15:51:32.431066+00:00
146,TXN-202510-000146,699,2025-10-23 00:00:00+00:00,completed,214.96,0.00,16.12,231.08,2025-10-23 00:00:00+00:00,2026-09-24 15:51:32.431066+00:00
147,TXN-202601-000147,449,2026-01-17 00:00:00+00:00,completed,408.16,0.00,30.61,438.77,2026-01-17 00:00:00+00:00,2026-09-24 15:51:32.431066+00:00
148,TXN-202606-000148,828,2026-06-19 00:00:00+00:00,completed,22920.69,0.00,1719.05,24639.74,2026-06-19 00:00:00+00:00,2026-09-24 15:51:32.431066+00:00
149,TXN-202604-000149,251,2026-04-17 00:00:00+00:00,completed,1820.27,0.00,136.52,1956.79,2026-04-17 00:00:00+00:00,2026-09-24 15:51:32.431066+00:00
150,TXN-202608-000150,376,2026-08-10 00:00:00+00:00,completed,255.80,0.00,19.18,274.98,2026-08-10 00:00:00+00:00,2026-09-24 15:51:32.431066+00:00
151,TXN-202607-000151,637,2026-07-06 00:00:00+00:00,completed,192.08,0.00,14.41,206.49,2026-07-06 00:00:00+00:00,2026-09-24 15:51:32.431066+00:00
152,TXN-202605-000152,126,2026-05-21 00:00:00+00:00,completed,375.12,0.00,28.13,403.25,2026-05-21 00:00:00+00:00,2026-09-24 15:51:32.431066+00:00
153,TXN-202605-000153,848,2026-05-24 00:00:00+00:00,completed,626.36,0.00,46.98,673.34,2026-05-24 00:00:00+00:00,2026-09-24 15:51:32.431066+00:00
154,TXN-202607-000154,54,2026-07-20 00:00:00+00:00,completed,117.39,0.00,8.80,126.19,2026-07-20 00:00:00+00:00,2026-09-24 15:51:32.431066+00:00
155,TXN-202506-000155,776,2025-06-09 00:00:00+00:00,completed,456.26,0.00,34.22,490.48,2025-06-09 00:00:00+00:00,2026-09-24 15:51:32.431066+00:00
156,TXN-202607-000156,295,2026-07-11 00:00:00+00:00,completed,555.16,0.00,41.64,596.80,2026-07-11 00:00:00+00:00,2026-09-24 15:51:32.431066+00:00
157,TXN-202603-000157,699,2026-03-03 00:00:00+00:00,completed,1205.50,0.00,90.41,1295.91,2026-03-03 00:00:00+00:00,2026-09-24 15:51:32.431066+00:00
158,TXN-202607-000158,791,2026-07-28 00:00:00+00:00,completed,7249.83,362.49,516.55,7403.89,2026-07-28 00:00:00+00:00,2026-09-24 15:51:32.431066+00:00
159,TXN-202607-000159,654,2026-07-28 00:00:00+00:00,completed,721.56,0.00,54.12,775.68,2026-07-28 00:00:00+00:00,2026-09-24 15:51:32.431066+00:00
160,TXN-202603-000160,265,2026-03-22 00:00:00+00:00,completed,3635.60,0.00,272.67,3908.27,2026-03-22 00:00:00+00:00,2026-09-24 15:51:32.431066+00:00
161,TXN-202507-000161,325,2025-07-19 00:00:00+00:00,completed,50.33,0.00,3.77,54.10,2025-07-19 00:00:00+00:00,2026-09-24 15:51:32.431066+00:00
162,TXN-202609-000162,866,2026-09-24 00:00:00+00:00,completed,5697.09,0.00,427.28,6124.37,2026-09-24 00:00:00+00:00,2026-09-24 15:51:32.431066+00:00
163,TXN-202609-000163,209,2026-09-02 00:00:00+00:00,completed,2586.60,0.00,193.99,2780.59,2026-09-02 00:00:00+00:00,2026-09-24 15:51:32.431066+00:00
164,TXN-202511-000164,32,2025-11-22 00:00:00+00:00,completed,758.18,0.00,56.86,815.04,2025-11-22 00:00:00+00:00,2026-09-24 15:51:32.431066+00:00
165,TXN-202608-000165,521,2026-08-07 00:00:00+00:00,cancelled,157.30,0.00,11.80,169.10,2026-08-07 00:00:00+00:00,2026-09-24 15:51:32.431066+00:00
166,TXN-202606-000166,81,2026-06-23 00:00:00+00:00,completed,54056.18,0.00,4054.21,58110.39,2026-06-23 00:00:00+00:00,2026-09-24 15:51:32.431066+00:00
167,TXN-202607-000167,937,2026-07-03 00:00:00+00:00,completed,4404.45,0.00,330.33,4734.78,2026-07-03 00:00:00+00:00,2026-09-24 15:51:32.431066+00:00
168,TXN-202605-000168,350,2026-05-25 00:00:00+00:00,completed,167.92,0.00,12.59,180.51,2026-05-25 00:00:00+00:00,2026-09-24 15:51:32.431066+00:00
169,TXN-202605-000169,124,2026-05-13 00:00:00+00:00,completed,49143.55,0.00,3685.77,52829.32,2026-05-13 00:00:00+00:00,2026-09-24 15:51:32.431066+00:00
170,TXN-202606-000170,759,2026-06-21 00:00:00+00:00,completed,125.62,0.00,9.42,135.04,2026-06-21 00:00:00+00:00,2026-09-24 15:51:32.431066+00:00
171,TXN-202608-000171,379,2026-08-07 00:00:00+00:00,completed,257.80,0.00,19.34,277.14,2026-08-07 00:00:00+00:00,2026-09-24 15:51:32.431066+00:00
172,TXN-202609-000172,578,2026-09-14 00:00:00+00:00,completed,292.18,0.00,21.91,314.09,2026-09-14 00:00:00+00:00,2026-09-24 15:51:32.431066+00:00
173,TXN-202604-000173,749,2026-04-24 00:00:00+00:00,completed,812.24,0.00,60.92,873.16,2026-04-24 00:00:00+00:00,2026-09-24 15:51:32.431066+00:00
174,TXN-202511-000174,450,2025-11-17 00:00:00+00:00,completed,5137.79,0.00,385.33,5523.12,2025-11-17 00:00:00+00:00,2026-09-24 15:51:32.431066+00:00
175,TXN-202606-000175,41,2026-06-04 00:00:00+00:00,completed,44397.48,0.00,3329.81,47727.29,2026-06-04 00:00:00+00:00,2026-09-24 15:51:32.431066+00:00
176,TXN-202609-000176,141,2026-09-22 00:00:00+00:00,completed,1072.29,0.00,80.42,1152.71,2026-09-22 00:00:00+00:00,2026-09-24 15:51:32.431066+00:00
177,TXN-202601-000177,705,2026-01-02 00:00:00+00:00,completed,208.01,0.00,15.60,223.61,2026-01-02 00:00:00+00:00,2026-09-24 15:51:32.431066+00:00
178,TXN-202604-000178,966,2026-04-20 00:00:00+00:00,completed,126.16,0.00,9.46,135.62,2026-04-20 00:00:00+00:00,2026-09-24 15:51:32.431066+00:00
179,TXN-202511-000179,768,2025-11-15 00:00:00+00:00,completed,220.80,11.04,15.73,225.49,2025-11-15 00:00:00+00:00,2026-09-24 15:51:32.431066+00:00
180,TXN-202607-000180,629,2026-07-29 00:00:00+00:00,completed,3054.92,0.00,229.12,3284.04,2026-07-29 00:00:00+00:00,2026-09-24 15:51:32.431066+00:00
181,TXN-202604-000181,493,2026-04-07 00:00:00+00:00,completed,992.48,0.00,74.44,1066.92,2026-04-07 00:00:00+00:00,2026-09-24 15:51:32.431066+00:00
182,TXN-202512-000182,980,2025-12-11 00:00:00+00:00,completed,29767.17,0.00,2232.54,31999.71,2025-12-11 00:00:00+00:00,2026-09-24 15:51:32.431066+00:00
183,TXN-202604-000183,56,2026-04-05 00:00:00+00:00,completed,36.69,0.00,2.75,39.44,2026-04-05 00:00:00+00:00,2026-09-24 15:51:32.431066+00:00
184,TXN-202512-000184,897,2025-12-28 00:00:00+00:00,completed,381.35,0.00,28.60,409.95,2025-12-28 00:00:00+00:00,2026-09-24 15:51:32.431066+00:00
185,TXN-202606-000185,935,2026-06-25 00:00:00+00:00,completed,147.94,0.00,11.10,159.04,2026-06-25 00:00:00+00:00,2026-09-24 15:51:32.431066+00:00
186,TXN-202609-000186,406,2026-09-17 00:00:00+00:00,completed,122.06,0.00,9.15,131.21,2026-09-17 00:00:00+00:00,2026-09-24 15:51:32.431066+00:00
187,TXN-202602-000187,514,2026-02-05 00:00:00+00:00,completed,270.82,0.00,20.31,291.13,2026-02-05 00:00:00+00:00,2026-09-24 15:51:32.431066+00:00
188,TXN-202605-000188,387,2026-05-27 00:00:00+00:00,completed,882.07,0.00,66.16,948.23,2026-05-27 00:00:00+00:00,2026-09-24 15:51:32.431066+00:00
189,TXN-202512-000189,942,2025-12-11 00:00:00+00:00,completed,2394.38,0.00,179.58,2573.96,2025-12-11 00:00:00+00:00,2026-09-24 15:51:32.431066+00:00
190,TXN-202604-000190,483,2026-04-14 00:00:00+00:00,completed,466.46,0.00,34.98,501.44,2026-04-14 00:00:00+00:00,2026-09-24 15:51:32.431066+00:00
191,TXN-202606-000191,251,2026-06-02 00:00:00+00:00,completed,580.14,0.00,43.51,623.65,2026-06-02 00:00:00+00:00,2026-09-24 15:51:32.431066+00:00
192,TXN-202603-000192,319,2026-03-08 00:00:00+00:00,completed,1043.65,0.00,78.27,1121.92,2026-03-08 00:00:00+00:00,2026-09-24 15:51:32.431066+00:00
193,TXN-202511-000193,485,2025-11-03 00:00:00+00:00,completed,9357.47,0.00,701.81,10059.28,2025-11-03 00:00:00+00:00,2026-09-24 15:51:32.431066+00:00
194,TXN-202606-000194,576,2026-06-26 00:00:00+00:00,completed,286.31,0.00,21.47,307.78,2026-06-26 00:00:00+00:00,2026-09-24 15:51:32.431066+00:00
195,TXN-202602-000195,80,2026-02-09 00:00:00+00:00,completed,74.16,0.00,5.56,79.72,2026-02-09 00:00:00+00:00,2026-09-24 15:51:32.431066+00:00
196,TXN-202511-000196,117,2025-11-30 00:00:00+00:00,completed,1606.40,0.00,120.48,1726.88,2025-11-30 00:00:00+00:00,2026-09-24 15:51:32.431066+00:00
197,TXN-202606-000197,278,2026-06-25 00:00:00+00:00,completed,678.26,0.00,50.87,729.13,2026-06-25 00:00:00+00:00,2026-09-24 15:51:32.431066+00:00
198,TXN-202603-000198,474,2026-03-05 00:00:00+00:00,completed,1133.82,0.00,85.04,1218.86,2026-03-05 00:00:00+00:00,2026-09-24 15:51:32.431066+00:00
199,TXN-202608-000199,63,2026-08-01 00:00:00+00:00,completed,468.86,0.00,35.16,504.02,2026-08-01 00:00:00+00:00,2026-09-24 15:51:32.431066+00:00
200,TXN-202606-000200,198,2026-06-24 00:00:00+00:00,completed,835.72,0.00,62.68,898.40,2026-06-24 00:00:00+00:00,2026-09-24 15:51:32.431066+00:00
201,TXN-202512-000201,208,2025-12-31 00:00:00+00:00,completed,302.04,0.00,22.65,324.69,2025-12-31 00:00:00+00:00,2026-09-24 15:51:32.431066+00:00
202,TXN-202606-000202,535,2026-06-25 00:00:00+00:00,completed,14007.71,0.00,1050.58,15058.29,2026-06-25 00:00:00+00:00,2026-09-24 15:51:32.431066+00:00
203,TXN-202609-000203,436,2026-09-07 00:00:00+00:00,completed,586.27,0.00,43.97,630.24,2026-09-07 00:00:00+00:00,2026-09-24 15:51:32.431066+00:00
204,TXN-202512-000204,863,2025-12-31 00:00:00+00:00,completed,151.80,0.00,11.38,163.18,2025-12-31 00:00:00+00:00,2026-09-24 15:51:32.431066+00:00
205,TXN-202508-000205,357,2025-08-24 00:00:00+00:00,completed,532.10,0.00,39.91,572.01,2025-08-24 00:00:00+00:00,2026-09-24 15:51:32.431066+00:00
206,TXN-202603-000206,943,2026-03-30 00:00:00+00:00,completed,12302.99,615.15,876.59,12564.43,2026-03-30 00:00:00+00:00,2026-09-24 15:51:32.431066+00:00
207,TXN-202603-000207,491,2026-03-05 00:00:00+00:00,completed,1179.12,0.00,88.43,1267.55,2026-03-05 00:00:00+00:00,2026-09-24 15:51:32.431066+00:00
208,TXN-202511-000208,896,2025-11-26 00:00:00+00:00,completed,212.88,0.00,15.97,228.85,2025-11-26 00:00:00+00:00,2026-09-24 15:51:32.431066+00:00
209,TXN-202511-000209,455,2025-11-06 00:00:00+00:00,completed,31433.28,0.00,2357.50,33790.78,2025-11-06 00:00:00+00:00,2026-09-24 15:51:32.431066+00:00
210,TXN-202607-000210,518,2026-07-30 00:00:00+00:00,completed,719.90,0.00,53.99,773.89,2026-07-30 00:00:00+00:00,2026-09-24 15:51:32.431066+00:00
211,TXN-202604-000211,580,2026-04-26 00:00:00+00:00,completed,2155.23,0.00,161.64,2316.87,2026-04-26 00:00:00+00:00,2026-09-24 15:51:32.431066+00:00
212,TXN-202506-000212,808,2025-06-01 00:00:00+00:00,completed,45745.21,0.00,3430.89,49176.10,2025-06-01 00:00:00+00:00,2026-09-24 15:51:32.431066+00:00
213,TXN-202510-000213,205,2025-10-18 00:00:00+00:00,completed,4079.82,0.00,305.99,4385.81,2025-10-18 00:00:00+00:00,2026-09-24 15:51:32.431066+00:00
214,TXN-202608-000214,216,2026-08-26 00:00:00+00:00,completed,209.31,0.00,15.70,225.01,2026-08-26 00:00:00+00:00,2026-09-24 15:51:32.431066+00:00
215,TXN-202510-000215,33,2025-10-16 00:00:00+00:00,completed,4171.46,0.00,312.86,4484.32,2025-10-16 00:00:00+00:00,2026-09-24 15:51:32.431066+00:00
216,TXN-202604-000216,108,2026-04-06 00:00:00+00:00,completed,436.80,0.00,32.76,469.56,2026-04-06 00:00:00+00:00,2026-09-24 15:51:32.431066+00:00
217,TXN-202604-000217,936,2026-04-27 00:00:00+00:00,completed,187.04,0.00,14.03,201.07,2026-04-27 00:00:00+00:00,2026-09-24 15:51:32.431066+00:00
218,TXN-202512-000218,250,2025-12-06 00:00:00+00:00,completed,11273.56,0.00,845.52,12119.08,2025-12-06 00:00:00+00:00,2026-09-24 15:51:32.431066+00:00
219,TXN-202603-000219,30,2026-03-24 00:00:00+00:00,completed,72.54,0.00,5.44,77.98,2026-03-24 00:00:00+00:00,2026-09-24 15:51:32.431066+00:00
220,TXN-202512-000220,983,2025-12-03 00:00:00+00:00,completed,196.08,0.00,14.71,210.79,2025-12-03 00:00:00+00:00,2026-09-24 15:51:32.431066+00:00
221,TXN-202511-000221,242,2025-11-20 00:00:00+00:00,completed,294.40,0.00,22.08,316.48,2025-11-20 00:00:00+00:00,2026-09-24 15:51:32.431066+00:00
222,TXN-202607-000222,404,2026-07-25 00:00:00+00:00,completed,245.83,0.00,18.44,264.27,2026-07-25 00:00:00+00:00,2026-09-24 15:51:32.431066+00:00
223,TXN-202606-000223,356,2026-06-22 00:00:00+00:00,completed,1596.14,0.00,119.71,1715.85,2026-06-22 00:00:00+00:00,2026-09-24 15:51:32.431066+00:00
224,TXN-202608-000224,142,2026-08-18 00:00:00+00:00,completed,962.08,0.00,72.16,1034.24,2026-08-18 00:00:00+00:00,2026-09-24 15:51:32.431066+00:00
225,TXN-202601-000225,292,2026-01-29 00:00:00+00:00,completed,572.99,0.00,42.97,615.96,2026-01-29 00:00:00+00:00,2026-09-24 15:51:32.431066+00:00
226,TXN-202510-000226,415,2025-10-23 00:00:00+00:00,completed,1330.11,0.00,99.76,1429.87,2025-10-23 00:00:00+00:00,2026-09-24 15:51:32.431066+00:00
227,TXN-202608-000227,931,2026-08-04 00:00:00+00:00,completed,603.30,0.00,45.25,648.55,2026-08-04 00:00:00+00:00,2026-09-24 15:51:32.431066+00:00
228,TXN-202605-000228,605,2026-05-05 00:00:00+00:00,completed,2560.66,0.00,192.05,2752.71,2026-05-05 00:00:00+00:00,2026-09-24 15:51:32.431066+00:00
229,TXN-202508-000229,839,2025-08-10 00:00:00+00:00,completed,149.60,0.00,11.22,160.82,2025-08-10 00:00:00+00:00,2026-09-24 15:51:32.431066+00:00
230,TXN-202607-000230,611,2026-07-07 00:00:00+00:00,completed,93.42,0.00,7.01,100.43,2026-07-07 00:00:00+00:00,2026-09-24 15:51:32.431066+00:00
231,TXN-202608-000231,745,2026-08-14 00:00:00+00:00,completed,835.93,0.00,62.69,898.62,2026-08-14 00:00:00+00:00,2026-09-24 15:51:32.431066+00:00
232,TXN-202606-000232,310,2026-06-29 00:00:00+00:00,completed,60472.91,0.00,4535.47,65008.38,2026-06-29 00:00:00+00:00,2026-09-24 15:51:32.431066+00:00
233,TXN-202608-000233,588,2026-08-31 00:00:00+00:00,completed,4019.99,0.00,301.50,4321.49,2026-08-31 00:00:00+00:00,2026-09-24 15:51:32.431066+00:00
234,TXN-202605-000234,425,2026-05-13 00:00:00+00:00,completed,3639.99,182.00,259.35,3717.34,2026-05-13 00:00:00+00:00,2026-09-24 15:51:32.431066+00:00
235,TXN-202609-000235,730,2026-09-13 00:00:00+00:00,completed,845.94,0.00,63.45,909.39,2026-09-13 00:00:00+00:00,2026-09-24 15:51:32.431066+00:00
236,TXN-202607-000236,875,2026-07-19 00:00:00+00:00,completed,17669.26,0.00,1325.19,18994.45,2026-07-19 00:00:00+00:00,2026-09-24 15:51:32.431066+00:00
237,TXN-202605-000237,691,2026-05-29 00:00:00+00:00,completed,247.71,0.00,18.58,266.29,2026-05-29 00:00:00+00:00,2026-09-24 15:51:32.431066+00:00
238,TXN-202603-000238,551,2026-03-18 00:00:00+00:00,completed,68.56,0.00,5.14,73.70,2026-03-18 00:00:00+00:00,2026-09-24 15:51:32.431066+00:00
239,TXN-202604-000239,163,2026-04-13 00:00:00+00:00,completed,43471.43,0.00,3260.36,46731.79,2026-04-13 00:00:00+00:00,2026-09-24 15:51:32.431066+00:00
240,TXN-202606-000240,846,2026-06-06 00:00:00+00:00,completed,721.56,0.00,54.12,775.68,2026-06-06 00:00:00+00:00,2026-09-24 15:51:32.431066+00:00
241,TXN-202510-000241,700,2025-10-03 00:00:00+00:00,completed,20264.46,0.00,1519.83,21784.29,2025-10-03 00:00:00+00:00,2026-09-24 15:51:32.431066+00:00
242,TXN-202609-000242,166,2026-09-14 00:00:00+00:00,completed,28223.98,0.00,2116.80,30340.78,2026-09-14 00:00:00+00:00,2026-09-24 15:51:32.431066+00:00
243,TXN-202601-000243,619,2026-01-04 00:00:00+00:00,completed,18772.39,0.00,1407.93,20180.32,2026-01-04 00:00:00+00:00,2026-09-24 15:51:32.431066+00:00
244,TXN-202601-000244,663,2026-01-16 00:00:00+00:00,completed,582.18,0.00,43.66,625.84,2026-01-16 00:00:00+00:00,2026-09-24 15:51:32.431066+00:00
245,TXN-202608-000245,666,2026-08-21 00:00:00+00:00,completed,17.53,0.00,1.31,18.84,2026-08-21 00:00:00+00:00,2026-09-24 15:51:32.431066+00:00
246,TXN-202608-000246,673,2026-08-19 00:00:00+00:00,completed,956.90,0.00,71.77,1028.67,2026-08-19 00:00:00+00:00,2026-09-24 15:51:32.431066+00:00
247,TXN-202607-000247,267,2026-07-12 00:00:00+00:00,completed,169.44,0.00,12.71,182.15,2026-07-12 00:00:00+00:00,2026-09-24 15:51:32.431066+00:00
248,TXN-202604-000248,296,2026-04-12 00:00:00+00:00,completed,652.84,0.00,48.96,701.80,2026-04-12 00:00:00+00:00,2026-09-24 15:51:32.431066+00:00
249,TXN-202605-000249,302,2026-05-24 00:00:00+00:00,completed,452.82,0.00,33.96,486.78,2026-05-24 00:00:00+00:00,2026-09-24 15:51:32.431066+00:00
250,TXN-202606-000250,373,2026-06-29 00:00:00+00:00,completed,713.68,0.00,53.53,767.21,2026-06-29 00:00:00+00:00,2026-09-24 15:51:32.431066+00:00
251,TXN-202607-000251,664,2026-07-26 00:00:00+00:00,completed,465.04,0.00,34.88,499.92,2026-07-26 00:00:00+00:00,2026-09-24 15:51:32.431066+00:00
252,TXN-202608-000252,797,2026-08-04 00:00:00+00:00,completed,4670.02,0.00,350.25,5020.27,2026-08-04 00:00:00+00:00,2026-09-24 15:51:32.431066+00:00
253,TXN-202605-000253,642,2026-05-19 00:00:00+00:00,completed,750.77,0.00,56.31,807.08,2026-05-19 00:00:00+00:00,2026-09-24 15:51:32.431066+00:00
254,TXN-202604-000254,188,2026-04-01 00:00:00+00:00,completed,4272.08,213.60,304.39,4362.87,2026-04-01 00:00:00+00:00,2026-09-24 15:51:32.431066+00:00
255,TXN-202608-000255,600,2026-08-12 00:00:00+00:00,completed,528.01,0.00,39.60,567.61,2026-08-12 00:00:00+00:00,2026-09-24 15:51:32.431066+00:00
256,TXN-202511-000256,488,2025-11-24 00:00:00+00:00,completed,2883.67,0.00,216.28,3099.95,2025-11-24 00:00:00+00:00,2026-09-24 15:51:32.431066+00:00
257,TXN-202608-000257,826,2026-08-12 00:00:00+00:00,completed,438.30,0.00,32.87,471.17,2026-08-12 00:00:00+00:00,2026-09-24 15:51:32.431066+00:00
258,TXN-202606-000258,495,2026-06-10 00:00:00+00:00,completed,825.21,0.00,61.89,887.10,2026-06-10 00:00:00+00:00,2026-09-24 15:51:32.431066+00:00
259,TXN-202605-000259,998,2026-05-24 00:00:00+00:00,completed,15440.48,0.00,1158.04,16598.52,2026-05-24 00:00:00+00:00,2026-09-24 15:51:32.431066+00:00
260,TXN-202605-000260,199,2026-05-26 00:00:00+00:00,completed,669.50,0.00,50.21,719.71,2026-05-26 00:00:00+00:00,2026-09-24 15:51:32.431066+00:00
261,TXN-202608-000261,161,2026-08-08 00:00:00+00:00,completed,151.72,0.00,11.38,163.10,2026-08-08 00:00:00+00:00,2026-09-24 15:51:32.431066+00:00
262,TXN-202606-000262,799,2026-06-24 00:00:00+00:00,completed,655.00,0.00,49.12,704.12,2026-06-24 00:00:00+00:00,2026-09-24 15:51:32.431066+00:00
263,TXN-202602-000263,764,2026-02-26 00:00:00+00:00,completed,334.52,0.00,25.09,359.61,2026-02-26 00:00:00+00:00,2026-09-24 15:51:32.431066+00:00
264,TXN-202512-000264,825,2025-12-29 00:00:00+00:00,completed,293.46,0.00,22.01,315.47,2025-12-29 00:00:00+00:00,2026-09-24 15:51:32.431066+00:00
265,TXN-202606-000265,438,2026-06-06 00:00:00+00:00,completed,129.95,0.00,9.75,139.70,2026-06-06 00:00:00+00:00,2026-09-24 15:51:32.431066+00:00
266,TXN-202608-000266,492,2026-08-26 00:00:00+00:00,completed,7603.01,0.00,570.23,8173.24,2026-08-26 00:00:00+00:00,2026-09-24 15:51:32.431066+00:00
267,TXN-202608-000267,424,2026-08-22 00:00:00+00:00,completed,1170.12,0.00,87.76,1257.88,2026-08-22 00:00:00+00:00,2026-09-24 15:51:32.431066+00:00
268,TXN-202608-000268,267,2026-08-09 00:00:00+00:00,completed,244.41,0.00,18.33,262.74,2026-08-09 00:00:00+00:00,2026-09-24 15:51:32.431066+00:00
269,TXN-202604-000269,906,2026-04-23 00:00:00+00:00,completed,40849.32,0.00,3063.70,43913.02,2026-04-23 00:00:00+00:00,2026-09-24 15:51:32.431066+00:00
270,TXN-202602-000270,650,2026-02-21 00:00:00+00:00,completed,111.56,0.00,8.37,119.93,2026-02-21 00:00:00+00:00,2026-09-24 15:51:32.431066+00:00
271,TXN-202609-000271,196,2026-09-11 00:00:00+00:00,completed,292.41,0.00,21.93,314.34,2026-09-11 00:00:00+00:00,2026-09-24 15:51:32.431066+00:00
272,TXN-202608-000272,465,2026-08-03 00:00:00+00:00,completed,26.82,0.00,2.01,28.83,2026-08-03 00:00:00+00:00,2026-09-24 15:51:32.431066+00:00
273,TXN-202604-000273,266,2026-04-24 00:00:00+00:00,completed,321.04,0.00,24.08,345.12,2026-04-24 00:00:00+00:00,2026-09-24 15:51:32.431066+00:00
274,TXN-202511-000274,316,2025-11-15 00:00:00+00:00,cancelled,8592.48,0.00,644.44,9236.92,2025-11-15 00:00:00+00:00,2026-09-24 15:51:32.431066+00:00
275,TXN-202607-000275,239,2026-07-18 00:00:00+00:00,completed,997.31,49.87,71.06,1018.50,2026-07-18 00:00:00+00:00,2026-09-24 15:51:32.431066+00:00
276,TXN-202608-000276,204,2026-08-15 00:00:00+00:00,completed,597.39,0.00,44.80,642.19,2026-08-15 00:00:00+00:00,2026-09-24 15:51:32.431066+00:00
277,TXN-202512-000277,196,2025-12-08 00:00:00+00:00,completed,505.18,0.00,37.89,543.07,2025-12-08 00:00:00+00:00,2026-09-24 15:51:32.431066+00:00
278,TXN-202609-000278,364,2026-09-20 00:00:00+00:00,completed,18139.12,0.00,1360.43,19499.55,2026-09-20 00:00:00+00:00,2026-09-24 15:51:32.431066+00:00
279,TXN-202609-000279,482,2026-09-09 00:00:00+00:00,completed,439.82,0.00,32.99,472.81,2026-09-09 00:00:00+00:00,2026-09-24 15:51:32.431066+00:00
280,TXN-202609-000280,989,2026-09-11 00:00:00+00:00,completed,1037.94,0.00,77.85,1115.79,2026-09-11 00:00:00+00:00,2026-09-24 15:51:32.431066+00:00
281,TXN-202609-000281,931,2026-09-23 00:00:00+00:00,completed,1514.95,0.00,113.62,1628.57,2026-09-23 00:00:00+00:00,2026-09-24 15:51:32.431066+00:00
282,TXN-202607-000282,538,2026-07-06 00:00:00+00:00,completed,335.28,0.00,25.15,360.43,2026-07-06 00:00:00+00:00,2026-09-24 15:51:32.431066+00:00
283,TXN-202605-000283,488,2026-05-16 00:00:00+00:00,completed,460.40,0.00,34.53,494.93,2026-05-16 00:00:00+00:00,2026-09-24 15:51:32.431066+00:00
284,TXN-202508-000284,980,2025-08-19 00:00:00+00:00,pending,17064.26,0.00,1279.82,18344.08,2025-08-19 00:00:00+00:00,2026-09-24 15:51:32.431066+00:00
285,TXN-202607-000285,685,2026-07-28 00:00:00+00:00,completed,427.51,0.00,32.06,459.57,2026-07-28 00:00:00+00:00,2026-09-24 15:51:32.431066+00:00
286,TXN-202603-000286,648,2026-03-25 00:00:00+00:00,completed,372.87,0.00,27.97,400.84,2026-03-25 00:00:00+00:00,2026-09-24 15:51:32.431066+00:00
287,TXN-202604-000287,644,2026-04-15 00:00:00+00:00,completed,402.72,0.00,30.20,432.92,2026-04-15 00:00:00+00:00,2026-09-24 15:51:32.431066+00:00
288,TXN-202511-000288,787,2025-11-28 00:00:00+00:00,completed,40.24,0.00,3.02,43.26,2025-11-28 00:00:00+00:00,2026-09-24 15:51:32.431066+00:00
289,TXN-202607-000289,99,2026-07-22 00:00:00+00:00,completed,390.04,0.00,29.25,419.29,2026-07-22 00:00:00+00:00,2026-09-24 15:51:32.431066+00:00
290,TXN-202602-000290,233,2026-02-24 00:00:00+00:00,completed,8599.60,0.00,644.97,9244.57,2026-02-24 00:00:00+00:00,2026-09-24 15:51:32.431066+00:00
291,TXN-202603-000291,524,2026-03-04 00:00:00+00:00,completed,332.54,0.00,24.94,357.48,2026-03-04 00:00:00+00:00,2026-09-24 15:51:32.431066+00:00
292,TXN-202609-000292,372,2026-09-06 00:00:00+00:00,refunded,1682.66,0.00,126.20,1808.86,2026-09-06 00:00:00+00:00,2026-09-24 15:51:32.431066+00:00
293,TXN-202606-000293,625,2026-06-11 00:00:00+00:00,completed,468.72,0.00,35.15,503.87,2026-06-11 00:00:00+00:00,2026-09-24 15:51:32.431066+00:00
294,TXN-202609-000294,214,2026-09-14 00:00:00+00:00,completed,71.06,0.00,5.33,76.39,2026-09-14 00:00:00+00:00,2026-09-24 15:51:32.431066+00:00
295,TXN-202607-000295,996,2026-07-21 00:00:00+00:00,completed,1966.03,0.00,147.45,2113.48,2026-07-21 00:00:00+00:00,2026-09-24 15:51:32.431066+00:00
296,TXN-202512-000296,915,2025-12-04 00:00:00+00:00,completed,24222.16,0.00,1816.66,26038.82,2025-12-04 00:00:00+00:00,2026-09-24 15:51:32.431066+00:00
297,TXN-202512-000297,158,2025-12-25 00:00:00+00:00,completed,19508.72,0.00,1463.15,20971.87,2025-12-25 00:00:00+00:00,2026-09-24 15:51:32.431066+00:00
298,TXN-202609-000298,750,2026-09-20 00:00:00+00:00,completed,1922.48,0.00,144.19,2066.67,2026-09-20 00:00:00+00:00,2026-09-24 15:51:32.431066+00:00
299,TXN-202512-000299,337,2025-12-31 00:00:00+00:00,completed,26186.42,0.00,1963.98,28150.40,2025-12-31 00:00:00+00:00,2026-09-24 15:51:32.431066+00:00
300,TXN-202607-000300,663,2026-07-14 00:00:00+00:00,completed,66.94,0.00,5.02,71.96,2026-07-14 00:00:00+00:00,2026-09-24 15:51:32.431066+00:00
301,TXN-202603-000301,646,2026-03-21 00:00:00+00:00,cancelled,904.13,0.00,67.81,971.94,2026-03-21 00:00:00+00:00,2026-09-24 15:51:32.431066+00:00
302,TXN-202511-000302,270,2025-11-14 00:00:00+00:00,completed,473.15,0.00,35.49,508.64,2025-11-14 00:00:00+00:00,2026-09-24 15:51:32.431066+00:00
303,TXN-202602-000303,990,2026-02-23 00:00:00+00:00,completed,179.20,0.00,13.44,192.64,2026-02-23 00:00:00+00:00,2026-09-24 15:51:32.431066+00:00
304,TXN-202607-000304,208,2026-07-28 00:00:00+00:00,completed,161.34,0.00,12.10,173.44,2026-07-28 00:00:00+00:00,2026-09-24 15:51:32.431066+00:00
305,TXN-202608-000305,931,2026-08-11 00:00:00+00:00,completed,1247.72,0.00,93.58,1341.30,2026-08-11 00:00:00+00:00,2026-09-24 15:51:32.431066+00:00
306,TXN-202606-000306,363,2026-06-10 00:00:00+00:00,completed,191.66,0.00,14.37,206.03,2026-06-10 00:00:00+00:00,2026-09-24 15:51:32.431066+00:00
307,TXN-202602-000307,846,2026-02-21 00:00:00+00:00,completed,402.72,0.00,30.20,432.92,2026-02-21 00:00:00+00:00,2026-09-24 15:51:32.431066+00:00
308,TXN-202608-000308,225,2026-08-23 00:00:00+00:00,completed,1460.99,0.00,109.57,1570.56,2026-08-23 00:00:00+00:00,2026-09-24 15:51:32.431066+00:00
309,TXN-202604-000309,565,2026-04-16 00:00:00+00:00,completed,314.60,0.00,23.60,338.20,2026-04-16 00:00:00+00:00,2026-09-24 15:51:32.431066+00:00
310,TXN-202601-000310,373,2026-01-31 00:00:00+00:00,completed,147.94,0.00,11.10,159.04,2026-01-31 00:00:00+00:00,2026-09-24 15:51:32.431066+00:00
311,TXN-202608-000311,720,2026-08-06 00:00:00+00:00,completed,896.32,0.00,67.22,963.54,2026-08-06 00:00:00+00:00,2026-09-24 15:51:32.431066+00:00
312,TXN-202605-000312,55,2026-05-21 00:00:00+00:00,completed,442.12,0.00,33.16,475.28,2026-05-21 00:00:00+00:00,2026-09-24 15:51:32.431066+00:00
313,TXN-202603-000313,356,2026-03-01 00:00:00+00:00,completed,1077.30,0.00,80.80,1158.10,2026-03-01 00:00:00+00:00,2026-09-24 15:51:32.431066+00:00
314,TXN-202604-000314,137,2026-04-03 00:00:00+00:00,completed,7257.68,0.00,544.33,7802.01,2026-04-03 00:00:00+00:00,2026-09-24 15:51:32.431066+00:00
315,TXN-202606-000315,995,2026-06-06 00:00:00+00:00,completed,995.09,0.00,74.63,1069.72,2026-06-06 00:00:00+00:00,2026-09-24 15:51:32.431066+00:00
316,TXN-202603-000316,255,2026-03-30 00:00:00+00:00,completed,951.29,0.00,71.35,1022.64,2026-03-30 00:00:00+00:00,2026-09-24 15:51:32.431066+00:00
317,TXN-202604-000317,189,2026-04-18 00:00:00+00:00,completed,214.26,0.00,16.07,230.33,2026-04-18 00:00:00+00:00,2026-09-24 15:51:32.431066+00:00
318,TXN-202602-000318,537,2026-02-18 00:00:00+00:00,completed,1237.16,61.86,88.15,1263.45,2026-02-18 00:00:00+00:00,2026-09-24 15:51:32.431066+00:00
319,TXN-202604-000319,314,2026-04-17 00:00:00+00:00,completed,288.68,0.00,21.65,310.33,2026-04-17 00:00:00+00:00,2026-09-24 15:51:32.431066+00:00
320,TXN-202510-000320,354,2025-10-25 00:00:00+00:00,completed,10862.01,0.00,814.65,11676.66,2025-10-25 00:00:00+00:00,2026-09-24 15:51:32.431066+00:00
321,TXN-202511-000321,531,2025-11-06 00:00:00+00:00,completed,2064.66,0.00,154.85,2219.51,2025-11-06 00:00:00+00:00,2026-09-24 15:51:32.431066+00:00
322,TXN-202601-000322,375,2026-01-25 00:00:00+00:00,completed,260.81,0.00,19.56,280.37,2026-01-25 00:00:00+00:00,2026-09-24 15:51:32.431066+00:00
323,TXN-202605-000323,671,2026-05-31 00:00:00+00:00,completed,697.76,0.00,52.33,750.09,2026-05-31 00:00:00+00:00,2026-09-24 15:51:32.431066+00:00
324,TXN-202601-000324,414,2026-01-15 00:00:00+00:00,completed,37872.37,0.00,2840.43,40712.80,2026-01-15 00:00:00+00:00,2026-09-24 15:51:32.431066+00:00
325,TXN-202608-000325,551,2026-08-20 00:00:00+00:00,completed,1168.77,0.00,87.66,1256.43,2026-08-20 00:00:00+00:00,2026-09-24 15:51:32.431066+00:00
326,TXN-202604-000326,730,2026-04-28 00:00:00+00:00,completed,29.09,1.45,2.07,29.71,2026-04-28 00:00:00+00:00,2026-09-24 15:51:32.431066+00:00
327,TXN-202608-000327,922,2026-08-15 00:00:00+00:00,completed,16523.93,0.00,1239.29,17763.22,2026-08-15 00:00:00+00:00,2026-09-24 15:51:32.431066+00:00
328,TXN-202603-000328,755,2026-03-18 00:00:00+00:00,completed,112.20,0.00,8.41,120.61,2026-03-18 00:00:00+00:00,2026-09-24 15:51:32.431066+00:00
329,TXN-202606-000329,798,2026-06-26 00:00:00+00:00,completed,10027.15,0.00,752.04,10779.19,2026-06-26 00:00:00+00:00,2026-09-24 15:51:32.431066+00:00
330,TXN-202608-000330,73,2026-08-12 00:00:00+00:00,completed,1673.24,0.00,125.49,1798.73,2026-08-12 00:00:00+00:00,2026-09-24 15:51:32.431066+00:00
331,TXN-202605-000331,292,2026-05-24 00:00:00+00:00,cancelled,438.20,0.00,32.86,471.06,2026-05-24 00:00:00+00:00,2026-09-24 15:51:32.431066+00:00
332,TXN-202608-000332,481,2026-08-25 00:00:00+00:00,completed,1020.29,0.00,76.52,1096.81,2026-08-25 00:00:00+00:00,2026-09-24 15:51:32.431066+00:00
333,TXN-202509-000333,757,2025-09-21 00:00:00+00:00,completed,1841.54,0.00,138.12,1979.66,2025-09-21 00:00:00+00:00,2026-09-24 15:51:32.431066+00:00
334,TXN-202603-000334,974,2026-03-25 00:00:00+00:00,completed,235.96,0.00,17.70,253.66,2026-03-25 00:00:00+00:00,2026-09-24 15:51:32.431066+00:00
335,TXN-202606-000335,26,2026-06-29 00:00:00+00:00,refunded,401.60,0.00,30.12,431.72,2026-06-29 00:00:00+00:00,2026-09-24 15:51:32.431066+00:00
336,TXN-202608-000336,59,2026-08-06 00:00:00+00:00,completed,1792.84,89.64,127.74,1830.94,2026-08-06 00:00:00+00:00,2026-09-24 15:51:32.431066+00:00
337,TXN-202607-000337,701,2026-07-09 00:00:00+00:00,completed,47.01,0.00,3.53,50.54,2026-07-09 00:00:00+00:00,2026-09-24 15:51:32.431066+00:00
338,TXN-202606-000338,37,2026-06-08 00:00:00+00:00,completed,61.16,0.00,4.59,65.75,2026-06-08 00:00:00+00:00,2026-09-24 15:51:32.431066+00:00
339,TXN-202609-000339,461,2026-09-14 00:00:00+00:00,completed,1217.21,0.00,91.29,1308.50,2026-09-14 00:00:00+00:00,2026-09-24 15:51:32.431066+00:00
340,TXN-202512-000340,991,2025-12-11 00:00:00+00:00,completed,524.27,0.00,39.32,563.59,2025-12-11 00:00:00+00:00,2026-09-24 15:51:32.431066+00:00
341,TXN-202607-000341,233,2026-07-18 00:00:00+00:00,completed,1401.69,0.00,105.13,1506.82,2026-07-18 00:00:00+00:00,2026-09-24 15:51:32.431066+00:00
342,TXN-202511-000342,409,2025-11-30 00:00:00+00:00,completed,474.51,0.00,35.59,510.10,2025-11-30 00:00:00+00:00,2026-09-24 15:51:32.431066+00:00
343,TXN-202603-000343,403,2026-03-01 00:00:00+00:00,refunded,4142.75,0.00,310.71,4453.46,2026-03-01 00:00:00+00:00,2026-09-24 15:51:32.431066+00:00
344,TXN-202608-000344,25,2026-08-26 00:00:00+00:00,completed,11212.39,0.00,840.93,12053.32,2026-08-26 00:00:00+00:00,2026-09-24 15:51:32.431066+00:00
345,TXN-202609-000345,626,2026-09-04 00:00:00+00:00,completed,240.52,0.00,18.04,258.56,2026-09-04 00:00:00+00:00,2026-09-24 15:51:32.431066+00:00
346,TXN-202609-000346,340,2026-09-16 00:00:00+00:00,completed,254.44,0.00,19.08,273.52,2026-09-16 00:00:00+00:00,2026-09-24 15:51:32.431066+00:00
347,TXN-202603-000347,927,2026-03-25 00:00:00+00:00,completed,15858.27,0.00,1189.37,17047.64,2026-03-25 00:00:00+00:00,2026-09-24 15:51:32.431066+00:00
348,TXN-202609-000348,869,2026-09-19 00:00:00+00:00,completed,151.72,0.00,11.38,163.10,2026-09-19 00:00:00+00:00,2026-09-24 15:51:32.431066+00:00
349,TXN-202605-000349,902,2026-05-20 00:00:00+00:00,completed,597.98,0.00,44.85,642.83,2026-05-20 00:00:00+00:00,2026-09-24 15:51:32.431066+00:00
350,TXN-202608-000350,907,2026-08-03 00:00:00+00:00,completed,820.08,0.00,61.51,881.59,2026-08-03 00:00:00+00:00,2026-09-24 15:51:32.431066+00:00
351,TXN-202607-000351,984,2026-07-06 00:00:00+00:00,completed,213.22,0.00,15.99,229.21,2026-07-06 00:00:00+00:00,2026-09-24 15:51:32.431066+00:00
352,TXN-202601-000352,174,2026-01-14 00:00:00+00:00,completed,746.96,0.00,56.02,802.98,2026-01-14 00:00:00+00:00,2026-09-24 15:51:32.431066+00:00
353,TXN-202608-000353,42,2026-08-08 00:00:00+00:00,completed,343.42,0.00,25.76,369.18,2026-08-08 00:00:00+00:00,2026-09-24 15:51:32.431066+00:00
354,TXN-202511-000354,390,2025-11-09 00:00:00+00:00,completed,33934.09,0.00,2545.06,36479.15,2025-11-09 00:00:00+00:00,2026-09-24 15:51:32.431066+00:00
355,TXN-202608-000355,24,2026-08-08 00:00:00+00:00,completed,72.17,0.00,5.41,77.58,2026-08-08 00:00:00+00:00,2026-09-24 15:51:32.431066+00:00
356,TXN-202607-000356,798,2026-07-30 00:00:00+00:00,completed,10467.57,0.00,785.07,11252.64,2026-07-30 00:00:00+00:00,2026-09-24 15:51:32.431066+00:00
357,TXN-202509-000357,94,2025-09-05 00:00:00+00:00,completed,683.88,0.00,51.29,735.17,2025-09-05 00:00:00+00:00,2026-09-24 15:51:32.431066+00:00
358,TXN-202604-000358,508,2026-04-22 00:00:00+00:00,completed,299.87,0.00,22.49,322.36,2026-04-22 00:00:00+00:00,2026-09-24 15:51:32.431066+00:00
359,TXN-202511-000359,590,2025-11-19 00:00:00+00:00,completed,438.30,0.00,32.87,471.17,2025-11-19 00:00:00+00:00,2026-09-24 15:51:32.431066+00:00
360,TXN-202605-000360,437,2026-05-24 00:00:00+00:00,completed,2897.36,0.00,217.30,3114.66,2026-05-24 00:00:00+00:00,2026-09-24 15:51:32.431066+00:00
361,TXN-202512-000361,506,2025-12-02 00:00:00+00:00,completed,26941.01,0.00,2020.58,28961.59,2025-12-02 00:00:00+00:00,2026-09-24 15:51:32.431066+00:00
362,TXN-202605-000362,763,2026-05-04 00:00:00+00:00,completed,4899.93,0.00,367.49,5267.42,2026-05-04 00:00:00+00:00,2026-09-24 15:51:32.431066+00:00
363,TXN-202511-000363,464,2025-11-23 00:00:00+00:00,completed,306.53,0.00,22.99,329.52,2025-11-23 00:00:00+00:00,2026-09-24 15:51:32.431066+00:00
364,TXN-202602-000364,177,2026-02-01 00:00:00+00:00,completed,772.47,0.00,57.94,830.41,2026-02-01 00:00:00+00:00,2026-09-24 15:51:32.431066+00:00
365,TXN-202603-000365,850,2026-03-30 00:00:00+00:00,completed,1979.38,0.00,148.45,2127.83,2026-03-30 00:00:00+00:00,2026-09-24 15:51:32.431066+00:00
366,TXN-202602-000366,985,2026-02-24 00:00:00+00:00,completed,135.74,0.00,10.18,145.92,2026-02-24 00:00:00+00:00,2026-09-24 15:51:32.431066+00:00
367,TXN-202607-000367,316,2026-07-04 00:00:00+00:00,completed,6932.43,0.00,519.93,7452.36,2026-07-04 00:00:00+00:00,2026-09-24 15:51:32.431066+00:00
368,TXN-202604-000368,579,2026-04-01 00:00:00+00:00,completed,6017.64,0.00,451.32,6468.96,2026-04-01 00:00:00+00:00,2026-09-24 15:51:32.431066+00:00
369,TXN-202606-000369,340,2026-06-29 00:00:00+00:00,completed,80.36,0.00,6.03,86.39,2026-06-29 00:00:00+00:00,2026-09-24 15:51:32.431066+00:00
370,TXN-202604-000370,833,2026-04-10 00:00:00+00:00,completed,352.36,0.00,26.43,378.79,2026-04-10 00:00:00+00:00,2026-09-24 15:51:32.431066+00:00
371,TXN-202608-000371,503,2026-08-09 00:00:00+00:00,completed,272.10,0.00,20.41,292.51,2026-08-09 00:00:00+00:00,2026-09-24 15:51:32.431066+00:00
372,TXN-202604-000372,253,2026-04-21 00:00:00+00:00,completed,5743.65,0.00,430.77,6174.42,2026-04-21 00:00:00+00:00,2026-09-24 15:51:32.431066+00:00
373,TXN-202603-000373,754,2026-03-09 00:00:00+00:00,completed,162.11,0.00,12.16,174.27,2026-03-09 00:00:00+00:00,2026-09-24 15:51:32.431066+00:00
374,TXN-202608-000374,30,2026-08-03 00:00:00+00:00,completed,187.96,0.00,14.10,202.06,2026-08-03 00:00:00+00:00,2026-09-24 15:51:32.431066+00:00
375,TXN-202606-000375,111,2026-06-15 00:00:00+00:00,completed,134.82,0.00,10.11,144.93,2026-06-15 00:00:00+00:00,2026-09-24 15:51:32.431066+00:00
376,TXN-202603-000376,18,2026-03-18 00:00:00+00:00,completed,1072.35,0.00,80.43,1152.78,2026-03-18 00:00:00+00:00,2026-09-24 15:51:32.431066+00:00
377,TXN-202608-000377,857,2026-08-22 00:00:00+00:00,completed,20600.65,0.00,1545.05,22145.70,2026-08-22 00:00:00+00:00,2026-09-24 15:51:32.431066+00:00
378,TXN-202606-000378,366,2026-06-13 00:00:00+00:00,completed,1102.64,0.00,82.70,1185.34,2026-06-13 00:00:00+00:00,2026-09-24 15:51:32.431066+00:00
379,TXN-202601-000379,92,2026-01-09 00:00:00+00:00,completed,19646.62,0.00,1473.50,21120.12,2026-01-09 00:00:00+00:00,2026-09-24 15:51:32.431066+00:00
380,TXN-202509-000380,157,2025-09-24 00:00:00+00:00,completed,2403.23,0.00,180.24,2583.47,2025-09-24 00:00:00+00:00,2026-09-24 15:51:32.431066+00:00
381,TXN-202603-000381,42,2026-03-18 00:00:00+00:00,completed,1205.37,0.00,90.40,1295.77,2026-03-18 00:00:00+00:00,2026-09-24 15:51:32.431066+00:00
382,TXN-202510-000382,218,2025-10-16 00:00:00+00:00,completed,435.06,0.00,32.63,467.69,2025-10-16 00:00:00+00:00,2026-09-24 15:51:32.431066+00:00
383,TXN-202607-000383,267,2026-07-19 00:00:00+00:00,completed,370.30,0.00,27.77,398.07,2026-07-19 00:00:00+00:00,2026-09-24 15:51:32.431066+00:00
384,TXN-202512-000384,824,2025-12-31 00:00:00+00:00,completed,3174.54,0.00,238.09,3412.63,2025-12-31 00:00:00+00:00,2026-09-24 15:51:32.431066+00:00
385,TXN-202607-000385,370,2026-07-29 00:00:00+00:00,completed,383.78,0.00,28.78,412.56,2026-07-29 00:00:00+00:00,2026-09-24 15:51:32.431066+00:00
386,TXN-202609-000386,342,2026-09-08 00:00:00+00:00,completed,722.78,0.00,54.21,776.99,2026-09-08 00:00:00+00:00,2026-09-24 15:51:32.431066+00:00
387,TXN-202604-000387,684,2026-04-26 00:00:00+00:00,completed,9502.21,475.11,677.03,9704.13,2026-04-26 00:00:00+00:00,2026-09-24 15:51:32.431066+00:00
388,TXN-202603-000388,196,2026-03-01 00:00:00+00:00,completed,922.36,0.00,69.18,991.54,2026-03-01 00:00:00+00:00,2026-09-24 15:51:32.431066+00:00
389,TXN-202609-000389,955,2026-09-14 00:00:00+00:00,completed,894.36,0.00,67.08,961.44,2026-09-14 00:00:00+00:00,2026-09-24 15:51:32.431066+00:00
390,TXN-202607-000390,467,2026-07-20 00:00:00+00:00,completed,496.68,24.83,35.39,507.24,2026-07-20 00:00:00+00:00,2026-09-24 15:51:32.431066+00:00
391,TXN-202510-000391,31,2025-10-29 00:00:00+00:00,completed,81.43,0.00,6.11,87.54,2025-10-29 00:00:00+00:00,2026-09-24 15:51:32.431066+00:00
392,TXN-202605-000392,727,2026-05-03 00:00:00+00:00,completed,11359.88,0.00,851.99,12211.87,2026-05-03 00:00:00+00:00,2026-09-24 15:51:32.431066+00:00
393,TXN-202512-000393,294,2025-12-08 00:00:00+00:00,completed,1620.45,0.00,121.53,1741.98,2025-12-08 00:00:00+00:00,2026-09-24 15:51:32.431066+00:00
394,TXN-202510-000394,417,2025-10-17 00:00:00+00:00,completed,1519.08,0.00,113.93,1633.01,2025-10-17 00:00:00+00:00,2026-09-24 15:51:32.431066+00:00
395,TXN-202512-000395,617,2025-12-12 00:00:00+00:00,completed,451.44,0.00,33.86,485.30,2025-12-12 00:00:00+00:00,2026-09-24 15:51:32.431066+00:00
396,TXN-202510-000396,641,2025-10-21 00:00:00+00:00,completed,390.95,0.00,29.32,420.27,2025-10-21 00:00:00+00:00,2026-09-24 15:51:32.431066+00:00
397,TXN-202606-000397,514,2026-06-14 00:00:00+00:00,completed,167.64,0.00,12.57,180.21,2026-06-14 00:00:00+00:00,2026-09-24 15:51:32.431066+00:00
398,TXN-202607-000398,807,2026-07-25 00:00:00+00:00,completed,375.64,0.00,28.17,403.81,2026-07-25 00:00:00+00:00,2026-09-24 15:51:32.431066+00:00
399,TXN-202608-000399,418,2026-08-14 00:00:00+00:00,completed,700.04,0.00,52.50,752.54,2026-08-14 00:00:00+00:00,2026-09-24 15:51:32.431066+00:00
400,TXN-202512-000400,973,2025-12-16 00:00:00+00:00,completed,149.17,7.46,10.63,152.34,2025-12-16 00:00:00+00:00,2026-09-24 15:51:32.431066+00:00
401,TXN-202609-000401,213,2026-09-19 00:00:00+00:00,completed,191.12,0.00,14.33,205.45,2026-09-19 00:00:00+00:00,2026-09-24 15:51:32.431066+00:00
402,TXN-202607-000402,398,2026-07-15 00:00:00+00:00,completed,6851.98,0.00,513.90,7365.88,2026-07-15 00:00:00+00:00,2026-09-24 15:51:32.431066+00:00
403,TXN-202601-000403,817,2026-01-15 00:00:00+00:00,completed,639.82,0.00,47.99,687.81,2026-01-15 00:00:00+00:00,2026-09-24 15:51:32.431066+00:00
404,TXN-202607-000404,89,2026-07-14 00:00:00+00:00,completed,68.01,0.00,5.10,73.11,2026-07-14 00:00:00+00:00,2026-09-24 15:51:32.431066+00:00
405,TXN-202602-000405,248,2026-02-20 00:00:00+00:00,completed,35907.54,0.00,2693.07,38600.61,2026-02-20 00:00:00+00:00,2026-09-24 15:51:32.431066+00:00
406,TXN-202512-000406,113,2025-12-05 00:00:00+00:00,completed,185.20,9.26,13.20,189.14,2025-12-05 00:00:00+00:00,2026-09-24 15:51:32.431066+00:00
407,TXN-202609-000407,349,2026-09-02 00:00:00+00:00,completed,2433.69,121.68,173.40,2485.41,2026-09-02 00:00:00+00:00,2026-09-24 15:51:32.431066+00:00
408,TXN-202607-000408,814,2026-07-18 00:00:00+00:00,completed,421.72,0.00,31.63,453.35,2026-07-18 00:00:00+00:00,2026-09-24 15:51:32.431066+00:00
409,TXN-202512-000409,67,2025-12-17 00:00:00+00:00,completed,520.98,0.00,39.07,560.05,2025-12-17 00:00:00+00:00,2026-09-24 15:51:32.431066+00:00
410,TXN-202604-000410,681,2026-04-18 00:00:00+00:00,completed,2728.92,0.00,204.67,2933.59,2026-04-18 00:00:00+00:00,2026-09-24 15:51:32.431066+00:00
411,TXN-202512-000411,381,2025-12-26 00:00:00+00:00,completed,144.72,0.00,10.85,155.57,2025-12-26 00:00:00+00:00,2026-09-24 15:51:32.431066+00:00
412,TXN-202609-000412,328,2026-09-05 00:00:00+00:00,completed,13467.55,0.00,1010.07,14477.62,2026-09-05 00:00:00+00:00,2026-09-24 15:51:32.431066+00:00
413,TXN-202602-000413,523,2026-02-10 00:00:00+00:00,completed,335.28,0.00,25.15,360.43,2026-02-10 00:00:00+00:00,2026-09-24 15:51:32.431066+00:00
414,TXN-202603-000414,231,2026-03-23 00:00:00+00:00,completed,7703.45,0.00,577.76,8281.21,2026-03-23 00:00:00+00:00,2026-09-24 15:51:32.431066+00:00
415,TXN-202608-000415,973,2026-08-21 00:00:00+00:00,completed,867.34,0.00,65.05,932.39,2026-08-21 00:00:00+00:00,2026-09-24 15:51:32.431066+00:00
416,TXN-202604-000416,32,2026-04-02 00:00:00+00:00,completed,81.84,0.00,6.14,87.98,2026-04-02 00:00:00+00:00,2026-09-24 15:51:32.431066+00:00
417,TXN-202606-000417,476,2026-06-24 00:00:00+00:00,completed,671.96,0.00,50.40,722.36,2026-06-24 00:00:00+00:00,2026-09-24 15:51:32.431066+00:00
418,TXN-202608-000418,502,2026-08-07 00:00:00+00:00,completed,9790.25,0.00,734.27,10524.52,2026-08-07 00:00:00+00:00,2026-09-24 15:51:32.431066+00:00
419,TXN-202607-000419,693,2026-07-24 00:00:00+00:00,completed,21182.51,0.00,1588.69,22771.20,2026-07-24 00:00:00+00:00,2026-09-24 15:51:32.431066+00:00
420,TXN-202602-000420,384,2026-02-01 00:00:00+00:00,completed,30765.27,0.00,2307.40,33072.67,2026-02-01 00:00:00+00:00,2026-09-24 15:51:32.431066+00:00
421,TXN-202608-000421,273,2026-08-04 00:00:00+00:00,completed,185.96,9.30,13.25,189.91,2026-08-04 00:00:00+00:00,2026-09-24 15:51:32.431066+00:00
422,TXN-202608-000422,111,2026-08-24 00:00:00+00:00,completed,208.60,0.00,15.64,224.24,2026-08-24 00:00:00+00:00,2026-09-24 15:51:32.431066+00:00
423,TXN-202508-000423,581,2025-08-17 00:00:00+00:00,completed,5490.88,0.00,411.82,5902.70,2025-08-17 00:00:00+00:00,2026-09-24 15:51:32.431066+00:00
424,TXN-202603-000424,861,2026-03-01 00:00:00+00:00,pending,391.78,0.00,29.38,421.16,2026-03-01 00:00:00+00:00,2026-09-24 15:51:32.431066+00:00
425,TXN-202606-000425,277,2026-06-18 00:00:00+00:00,completed,335.28,0.00,25.15,360.43,2026-06-18 00:00:00+00:00,2026-09-24 15:51:32.431066+00:00
426,TXN-202604-000426,940,2026-04-25 00:00:00+00:00,completed,7089.56,0.00,531.72,7621.28,2026-04-25 00:00:00+00:00,2026-09-24 15:51:32.431066+00:00
427,TXN-202602-000427,868,2026-02-20 00:00:00+00:00,completed,260.10,0.00,19.51,279.61,2026-02-20 00:00:00+00:00,2026-09-24 15:51:32.431066+00:00
428,TXN-202607-000428,903,2026-07-03 00:00:00+00:00,completed,7032.88,0.00,527.47,7560.35,2026-07-03 00:00:00+00:00,2026-09-24 15:51:32.431066+00:00
429,TXN-202604-000429,224,2026-04-07 00:00:00+00:00,completed,399.59,0.00,29.97,429.56,2026-04-07 00:00:00+00:00,2026-09-24 15:51:32.431066+00:00
430,TXN-202608-000430,731,2026-08-23 00:00:00+00:00,completed,1013.31,0.00,76.00,1089.31,2026-08-23 00:00:00+00:00,2026-09-24 15:51:32.431066+00:00
431,TXN-202607-000431,267,2026-07-30 00:00:00+00:00,pending,428.52,0.00,32.14,460.66,2026-07-30 00:00:00+00:00,2026-09-24 15:51:32.431066+00:00
432,TXN-202511-000432,374,2025-11-10 00:00:00+00:00,completed,19692.34,0.00,1476.93,21169.27,2025-11-10 00:00:00+00:00,2026-09-24 15:51:32.431066+00:00
433,TXN-202601-000433,286,2026-01-10 00:00:00+00:00,completed,9936.45,0.00,745.23,10681.68,2026-01-10 00:00:00+00:00,2026-09-24 15:51:32.431066+00:00
434,TXN-202604-000434,759,2026-04-16 00:00:00+00:00,completed,127.02,6.35,9.05,129.72,2026-04-16 00:00:00+00:00,2026-09-24 15:51:32.431066+00:00
435,TXN-202601-000435,837,2026-01-23 00:00:00+00:00,completed,2574.99,0.00,193.12,2768.11,2026-01-23 00:00:00+00:00,2026-09-24 15:51:32.431066+00:00
436,TXN-202508-000436,517,2025-08-06 00:00:00+00:00,completed,19384.10,0.00,1453.81,20837.91,2025-08-06 00:00:00+00:00,2026-09-24 15:51:32.431066+00:00
437,TXN-202510-000437,44,2025-10-06 00:00:00+00:00,refunded,933.80,0.00,70.03,1003.83,2025-10-06 00:00:00+00:00,2026-09-24 15:51:32.431066+00:00
438,TXN-202609-000438,363,2026-09-10 00:00:00+00:00,completed,540.73,0.00,40.55,581.28,2026-09-10 00:00:00+00:00,2026-09-24 15:51:32.431066+00:00
439,TXN-202609-000439,377,2026-09-24 00:00:00+00:00,completed,749.40,0.00,56.20,805.60,2026-09-24 00:00:00+00:00,2026-09-24 15:51:32.431066+00:00
440,TXN-202602-000440,769,2026-02-26 00:00:00+00:00,refunded,23084.56,0.00,1731.34,24815.90,2026-02-26 00:00:00+00:00,2026-09-24 15:51:32.431066+00:00
441,TXN-202601-000441,252,2026-01-26 00:00:00+00:00,completed,3916.62,195.83,279.06,3999.85,2026-01-26 00:00:00+00:00,2026-09-24 15:51:32.431066+00:00
442,TXN-202608-000442,841,2026-08-17 00:00:00+00:00,completed,82.68,4.13,5.89,84.44,2026-08-17 00:00:00+00:00,2026-09-24 15:51:32.431066+00:00
443,TXN-202609-000443,318,2026-09-21 00:00:00+00:00,completed,11576.36,0.00,868.23,12444.59,2026-09-21 00:00:00+00:00,2026-09-24 15:51:32.431066+00:00
444,TXN-202608-000444,628,2026-08-02 00:00:00+00:00,completed,368.84,0.00,27.66,396.50,2026-08-02 00:00:00+00:00,2026-09-24 15:51:32.431066+00:00
445,TXN-202609-000445,527,2026-09-23 00:00:00+00:00,completed,1646.30,0.00,123.47,1769.77,2026-09-23 00:00:00+00:00,2026-09-24 15:51:32.431066+00:00
446,TXN-202606-000446,96,2026-06-24 00:00:00+00:00,completed,481.04,0.00,36.08,517.12,2026-06-24 00:00:00+00:00,2026-09-24 15:51:32.431066+00:00
447,TXN-202511-000447,428,2025-11-27 00:00:00+00:00,completed,8080.15,0.00,606.01,8686.16,2025-11-27 00:00:00+00:00,2026-09-24 15:51:32.431066+00:00
448,TXN-202606-000448,82,2026-06-12 00:00:00+00:00,completed,41856.97,0.00,3139.27,44996.24,2026-06-12 00:00:00+00:00,2026-09-24 15:51:32.431066+00:00
449,TXN-202605-000449,522,2026-05-23 00:00:00+00:00,completed,43035.91,0.00,3227.69,46263.60,2026-05-23 00:00:00+00:00,2026-09-24 15:51:32.431066+00:00
450,TXN-202512-000450,493,2025-12-10 00:00:00+00:00,completed,8209.50,0.00,615.71,8825.21,2025-12-10 00:00:00+00:00,2026-09-24 15:51:32.431066+00:00
451,TXN-202511-000451,380,2025-11-24 00:00:00+00:00,completed,625.54,0.00,46.92,672.46,2025-11-24 00:00:00+00:00,2026-09-24 15:51:32.431066+00:00
452,TXN-202601-000452,250,2026-01-18 00:00:00+00:00,completed,2567.46,0.00,192.56,2760.02,2026-01-18 00:00:00+00:00,2026-09-24 15:51:32.431066+00:00
453,TXN-202608-000453,957,2026-08-20 00:00:00+00:00,completed,137.12,0.00,10.28,147.40,2026-08-20 00:00:00+00:00,2026-09-24 15:51:32.431066+00:00
454,TXN-202605-000454,696,2026-05-05 00:00:00+00:00,completed,8961.89,0.00,672.14,9634.03,2026-05-05 00:00:00+00:00,2026-09-24 15:51:32.431066+00:00
455,TXN-202602-000455,503,2026-02-09 00:00:00+00:00,completed,40.29,2.01,2.87,41.15,2026-02-09 00:00:00+00:00,2026-09-24 15:51:32.431066+00:00
456,TXN-202608-000456,267,2026-08-27 00:00:00+00:00,completed,1160.84,0.00,87.06,1247.90,2026-08-27 00:00:00+00:00,2026-09-24 15:51:32.431066+00:00
457,TXN-202606-000457,368,2026-06-11 00:00:00+00:00,completed,1521.43,76.07,108.40,1553.76,2026-06-11 00:00:00+00:00,2026-09-24 15:51:32.431066+00:00
458,TXN-202512-000458,897,2025-12-03 00:00:00+00:00,completed,447.79,0.00,33.58,481.37,2025-12-03 00:00:00+00:00,2026-09-24 15:51:32.431066+00:00
459,TXN-202602-000459,446,2026-02-19 00:00:00+00:00,completed,300.08,0.00,22.51,322.59,2026-02-19 00:00:00+00:00,2026-09-24 15:51:32.431066+00:00
460,TXN-202509-000460,354,2025-09-09 00:00:00+00:00,completed,20104.40,0.00,1507.83,21612.23,2025-09-09 00:00:00+00:00,2026-09-24 15:51:32.431066+00:00
461,TXN-202511-000461,343,2025-11-28 00:00:00+00:00,completed,44.91,0.00,3.37,48.28,2025-11-28 00:00:00+00:00,2026-09-24 15:51:32.431066+00:00
462,TXN-202607-000462,428,2026-07-31 00:00:00+00:00,completed,4257.10,0.00,319.28,4576.38,2026-07-31 00:00:00+00:00,2026-09-24 15:51:32.431066+00:00
463,TXN-202607-000463,755,2026-07-15 00:00:00+00:00,completed,512.66,0.00,38.45,551.11,2026-07-15 00:00:00+00:00,2026-09-24 15:51:32.431066+00:00
464,TXN-202606-000464,41,2026-06-30 00:00:00+00:00,completed,40555.90,0.00,3041.69,43597.59,2026-06-30 00:00:00+00:00,2026-09-24 15:51:32.431066+00:00
465,TXN-202606-000465,842,2026-06-06 00:00:00+00:00,completed,269.46,0.00,20.21,289.67,2026-06-06 00:00:00+00:00,2026-09-24 15:51:32.431066+00:00
466,TXN-202605-000466,963,2026-05-20 00:00:00+00:00,completed,1089.85,0.00,81.74,1171.59,2026-05-20 00:00:00+00:00,2026-09-24 15:51:32.431066+00:00
467,TXN-202601-000467,799,2026-01-03 00:00:00+00:00,completed,363.04,0.00,27.23,390.27,2026-01-03 00:00:00+00:00,2026-09-24 15:51:32.431066+00:00
468,TXN-202512-000468,492,2025-12-30 00:00:00+00:00,completed,6985.01,0.00,523.88,7508.89,2025-12-30 00:00:00+00:00,2026-09-24 15:51:32.431066+00:00
469,TXN-202609-000469,317,2026-09-18 00:00:00+00:00,completed,122.37,6.12,8.72,124.97,2026-09-18 00:00:00+00:00,2026-09-24 15:51:32.431066+00:00
470,TXN-202512-000470,777,2025-12-07 00:00:00+00:00,completed,715.88,0.00,53.69,769.57,2025-12-07 00:00:00+00:00,2026-09-24 15:51:32.431066+00:00
471,TXN-202511-000471,630,2025-11-15 00:00:00+00:00,completed,438.40,0.00,32.88,471.28,2025-11-15 00:00:00+00:00,2026-09-24 15:51:32.431066+00:00
472,TXN-202609-000472,636,2026-09-17 00:00:00+00:00,completed,1024.11,0.00,76.81,1100.92,2026-09-17 00:00:00+00:00,2026-09-24 15:51:32.431066+00:00
473,TXN-202505-000473,947,2025-05-29 00:00:00+00:00,completed,1580.28,0.00,118.52,1698.80,2025-05-29 00:00:00+00:00,2026-09-24 15:51:32.431066+00:00
474,TXN-202607-000474,496,2026-07-23 00:00:00+00:00,completed,1551.20,0.00,116.34,1667.54,2026-07-23 00:00:00+00:00,2026-09-24 15:51:32.431066+00:00
475,TXN-202605-000475,658,2026-05-27 00:00:00+00:00,completed,205.68,10.28,14.65,210.05,2026-05-27 00:00:00+00:00,2026-09-24 15:51:32.431066+00:00
476,TXN-202607-000476,382,2026-07-06 00:00:00+00:00,completed,20516.45,0.00,1538.73,22055.18,2026-07-06 00:00:00+00:00,2026-09-24 15:51:32.431066+00:00
477,TXN-202603-000477,780,2026-03-18 00:00:00+00:00,completed,9.66,0.00,0.72,10.38,2026-03-18 00:00:00+00:00,2026-09-24 15:51:32.431066+00:00
478,TXN-202609-000478,301,2026-09-17 00:00:00+00:00,completed,5738.39,0.00,430.38,6168.77,2026-09-17 00:00:00+00:00,2026-09-24 15:51:32.431066+00:00
479,TXN-202507-000479,417,2025-07-31 00:00:00+00:00,pending,118.43,0.00,8.88,127.31,2025-07-31 00:00:00+00:00,2026-09-24 15:51:32.431066+00:00
480,TXN-202511-000480,787,2025-11-26 00:00:00+00:00,completed,72.17,0.00,5.41,77.58,2025-11-26 00:00:00+00:00,2026-09-24 15:51:32.431066+00:00
481,TXN-202609-000481,862,2026-09-09 00:00:00+00:00,completed,923.04,0.00,69.23,992.27,2026-09-09 00:00:00+00:00,2026-09-24 15:51:32.431066+00:00
482,TXN-202606-000482,54,2026-06-07 00:00:00+00:00,completed,346.42,0.00,25.98,372.40,2026-06-07 00:00:00+00:00,2026-09-24 15:51:32.431066+00:00
483,TXN-202604-000483,917,2026-04-07 00:00:00+00:00,completed,6.59,0.00,0.49,7.08,2026-04-07 00:00:00+00:00,2026-09-24 15:51:32.431066+00:00
484,TXN-202605-000484,224,2026-05-27 00:00:00+00:00,completed,1019.65,0.00,76.47,1096.12,2026-05-27 00:00:00+00:00,2026-09-24 15:51:32.431066+00:00
485,TXN-202608-000485,198,2026-08-28 00:00:00+00:00,completed,248.67,0.00,18.65,267.32,2026-08-28 00:00:00+00:00,2026-09-24 15:51:32.431066+00:00
486,TXN-202608-000486,911,2026-08-20 00:00:00+00:00,completed,216.51,0.00,16.24,232.75,2026-08-20 00:00:00+00:00,2026-09-24 15:51:32.431066+00:00
487,TXN-202609-000487,834,2026-09-05 00:00:00+00:00,completed,7070.03,0.00,530.25,7600.28,2026-09-05 00:00:00+00:00,2026-09-24 15:51:32.431066+00:00
488,TXN-202606-000488,110,2026-06-16 00:00:00+00:00,completed,8431.42,0.00,632.36,9063.78,2026-06-16 00:00:00+00:00,2026-09-24 15:51:32.431066+00:00
489,TXN-202605-000489,455,2026-05-04 00:00:00+00:00,completed,23408.34,0.00,1755.63,25163.97,2026-05-04 00:00:00+00:00,2026-09-24 15:51:32.431066+00:00
490,TXN-202609-000490,911,2026-09-03 00:00:00+00:00,completed,764.10,0.00,57.31,821.41,2026-09-03 00:00:00+00:00,2026-09-24 15:51:32.431066+00:00
491,TXN-202606-000491,781,2026-06-14 00:00:00+00:00,completed,1117.68,0.00,83.83,1201.51,2026-06-14 00:00:00+00:00,2026-09-24 15:51:32.431066+00:00
492,TXN-202511-000492,800,2025-11-20 00:00:00+00:00,completed,775.01,0.00,58.13,833.14,2025-11-20 00:00:00+00:00,2026-09-24 15:51:32.431066+00:00
493,TXN-202510-000493,819,2025-10-23 00:00:00+00:00,completed,201.36,0.00,15.10,216.46,2025-10-23 00:00:00+00:00,2026-09-24 15:51:32.431066+00:00
494,TXN-202608-000494,570,2026-08-28 00:00:00+00:00,completed,1770.07,0.00,132.76,1902.83,2026-08-28 00:00:00+00:00,2026-09-24 15:51:32.431066+00:00
495,TXN-202602-000495,493,2026-02-14 00:00:00+00:00,completed,6453.44,0.00,484.01,6937.45,2026-02-14 00:00:00+00:00,2026-09-24 15:51:32.431066+00:00
496,TXN-202603-000496,390,2026-03-28 00:00:00+00:00,completed,15366.84,0.00,1152.51,16519.35,2026-03-28 00:00:00+00:00,2026-09-24 15:51:32.431066+00:00
497,TXN-202606-000497,423,2026-06-01 00:00:00+00:00,completed,8993.56,0.00,674.52,9668.08,2026-06-01 00:00:00+00:00,2026-09-24 15:51:32.431066+00:00
498,TXN-202605-000498,215,2026-05-23 00:00:00+00:00,completed,721.56,0.00,54.12,775.68,2026-05-23 00:00:00+00:00,2026-09-24 15:51:32.431066+00:00
499,TXN-202608-000499,645,2026-08-30 00:00:00+00:00,completed,9579.56,0.00,718.47,10298.03,2026-08-30 00:00:00+00:00,2026-09-24 15:51:32.431066+00:00
500,TXN-202604-000500,235,2026-04-15 00:00:00+00:00,completed,19511.49,0.00,1463.36,20974.85,2026-04-15 00:00:00+00:00,2026-09-24 15:51:32.431066+00:00
501,TXN-202512-000501,461,2025-12-20 00:00:00+00:00,completed,204.03,0.00,15.30,219.33,2025-12-20 00:00:00+00:00,2026-09-24 15:51:32.431066+00:00
502,TXN-202609-000502,307,2026-09-17 00:00:00+00:00,completed,1275.38,0.00,95.65,1371.03,2026-09-17 00:00:00+00:00,2026-09-24 15:51:32.431066+00:00
503,TXN-202512-000503,112,2025-12-07 00:00:00+00:00,completed,142.12,0.00,10.66,152.78,2025-12-07 00:00:00+00:00,2026-09-24 15:51:32.431066+00:00
504,TXN-202609-000504,273,2026-09-15 00:00:00+00:00,completed,477.56,0.00,35.82,513.38,2026-09-15 00:00:00+00:00,2026-09-24 15:51:32.431066+00:00
505,TXN-202607-000505,814,2026-07-25 00:00:00+00:00,completed,102.51,0.00,7.69,110.20,2026-07-25 00:00:00+00:00,2026-09-24 15:51:32.431066+00:00
506,TXN-202606-000506,549,2026-06-29 00:00:00+00:00,completed,515.62,0.00,38.67,554.29,2026-06-29 00:00:00+00:00,2026-09-24 15:51:32.431066+00:00
507,TXN-202608-000507,756,2026-08-16 00:00:00+00:00,completed,717.83,0.00,53.84,771.67,2026-08-16 00:00:00+00:00,2026-09-24 15:51:32.431066+00:00
508,TXN-202605-000508,348,2026-05-09 00:00:00+00:00,completed,14027.21,0.00,1052.04,15079.25,2026-05-09 00:00:00+00:00,2026-09-24 15:51:32.431066+00:00
509,TXN-202510-000509,531,2025-10-27 00:00:00+00:00,completed,483.11,0.00,36.23,519.34,2025-10-27 00:00:00+00:00,2026-09-24 15:51:32.431066+00:00
510,TXN-202604-000510,868,2026-04-27 00:00:00+00:00,completed,33.01,0.00,2.48,35.49,2026-04-27 00:00:00+00:00,2026-09-24 15:51:32.431066+00:00
511,TXN-202603-000511,86,2026-03-01 00:00:00+00:00,completed,119.21,0.00,8.94,128.15,2026-03-01 00:00:00+00:00,2026-09-24 15:51:32.431066+00:00
512,TXN-202512-000512,381,2025-12-25 00:00:00+00:00,completed,1536.92,0.00,115.27,1652.19,2025-12-25 00:00:00+00:00,2026-09-24 15:51:32.431066+00:00
513,TXN-202606-000513,88,2026-06-29 00:00:00+00:00,completed,13837.43,0.00,1037.81,14875.24,2026-06-29 00:00:00+00:00,2026-09-24 15:51:32.431066+00:00
514,TXN-202510-000514,543,2025-10-30 00:00:00+00:00,completed,225.49,0.00,16.91,242.40,2025-10-30 00:00:00+00:00,2026-09-24 15:51:32.431066+00:00
515,TXN-202607-000515,51,2026-07-12 00:00:00+00:00,completed,6129.87,0.00,459.74,6589.61,2026-07-12 00:00:00+00:00,2026-09-24 15:51:32.431066+00:00
516,TXN-202606-000516,617,2026-06-15 00:00:00+00:00,completed,175.42,8.77,12.50,179.15,2026-06-15 00:00:00+00:00,2026-09-24 15:51:32.431066+00:00
517,TXN-202512-000517,951,2025-12-16 00:00:00+00:00,completed,598.09,0.00,44.86,642.95,2025-12-16 00:00:00+00:00,2026-09-24 15:51:32.431066+00:00
518,TXN-202604-000518,902,2026-04-16 00:00:00+00:00,completed,1655.43,0.00,124.16,1779.59,2026-04-16 00:00:00+00:00,2026-09-24 15:51:32.431066+00:00
519,TXN-202608-000519,586,2026-08-01 00:00:00+00:00,completed,12310.81,0.00,923.31,13234.12,2026-08-01 00:00:00+00:00,2026-09-24 15:51:32.431066+00:00
520,TXN-202603-000520,107,2026-03-14 00:00:00+00:00,refunded,803.20,0.00,60.24,863.44,2026-03-14 00:00:00+00:00,2026-09-24 15:51:32.431066+00:00
521,TXN-202511-000521,383,2025-11-29 00:00:00+00:00,refunded,147.94,0.00,11.10,159.04,2025-11-29 00:00:00+00:00,2026-09-24 15:51:32.431066+00:00
522,TXN-202606-000522,934,2026-06-17 00:00:00+00:00,completed,4821.20,0.00,361.59,5182.79,2026-06-17 00:00:00+00:00,2026-09-24 15:51:32.431066+00:00
523,TXN-202608-000523,513,2026-08-08 00:00:00+00:00,completed,33888.56,0.00,2541.64,36430.20,2026-08-08 00:00:00+00:00,2026-09-24 15:51:32.431066+00:00
524,TXN-202607-000524,726,2026-07-18 00:00:00+00:00,completed,107.70,0.00,8.08,115.78,2026-07-18 00:00:00+00:00,2026-09-24 15:51:32.431066+00:00
525,TXN-202512-000525,539,2025-12-24 00:00:00+00:00,completed,19732.25,0.00,1479.92,21212.17,2025-12-24 00:00:00+00:00,2026-09-24 15:51:32.431066+00:00
526,TXN-202510-000526,399,2025-10-26 00:00:00+00:00,completed,8459.41,0.00,634.46,9093.87,2025-10-26 00:00:00+00:00,2026-09-24 15:51:32.431066+00:00
527,TXN-202607-000527,131,2026-07-28 00:00:00+00:00,completed,32105.43,0.00,2407.91,34513.34,2026-07-28 00:00:00+00:00,2026-09-24 15:51:32.431066+00:00
528,TXN-202510-000528,352,2025-10-14 00:00:00+00:00,completed,26526.13,0.00,1989.46,28515.59,2025-10-14 00:00:00+00:00,2026-09-24 15:51:32.431066+00:00
529,TXN-202609-000529,505,2026-09-06 00:00:00+00:00,completed,251.30,0.00,18.85,270.15,2026-09-06 00:00:00+00:00,2026-09-24 15:51:32.431066+00:00
530,TXN-202605-000530,57,2026-05-29 00:00:00+00:00,completed,454.66,0.00,34.10,488.76,2026-05-29 00:00:00+00:00,2026-09-24 15:51:32.431066+00:00
531,TXN-202606-000531,976,2026-06-23 00:00:00+00:00,completed,43384.32,0.00,3253.82,46638.14,2026-06-23 00:00:00+00:00,2026-09-24 15:51:32.431066+00:00
532,TXN-202609-000532,244,2026-09-17 00:00:00+00:00,completed,378.39,0.00,28.38,406.77,2026-09-17 00:00:00+00:00,2026-09-24 15:51:32.431066+00:00
533,TXN-202511-000533,711,2025-11-24 00:00:00+00:00,completed,35.53,0.00,2.66,38.19,2025-11-24 00:00:00+00:00,2026-09-24 15:51:32.431066+00:00
534,TXN-202607-000534,187,2026-07-25 00:00:00+00:00,completed,10219.01,0.00,766.43,10985.44,2026-07-25 00:00:00+00:00,2026-09-24 15:51:32.431066+00:00
535,TXN-202606-000535,875,2026-06-27 00:00:00+00:00,completed,22669.33,0.00,1700.20,24369.53,2026-06-27 00:00:00+00:00,2026-09-24 15:51:32.431066+00:00
536,TXN-202512-000536,961,2025-12-12 00:00:00+00:00,pending,1847.06,0.00,138.53,1985.59,2025-12-12 00:00:00+00:00,2026-09-24 15:51:32.431066+00:00
537,TXN-202607-000537,32,2026-07-26 00:00:00+00:00,completed,444.44,0.00,33.33,477.77,2026-07-26 00:00:00+00:00,2026-09-24 15:51:32.431066+00:00
538,TXN-202512-000538,533,2025-12-30 00:00:00+00:00,completed,369.48,0.00,27.71,397.19,2025-12-30 00:00:00+00:00,2026-09-24 15:51:32.431066+00:00
539,TXN-202601-000539,870,2026-01-14 00:00:00+00:00,completed,160.45,0.00,12.03,172.48,2026-01-14 00:00:00+00:00,2026-09-24 15:51:32.431066+00:00
540,TXN-202511-000540,646,2025-11-10 00:00:00+00:00,completed,595.17,0.00,44.64,639.81,2025-11-10 00:00:00+00:00,2026-09-24 15:51:32.431066+00:00
541,TXN-202605-000541,345,2026-05-01 00:00:00+00:00,completed,93.42,0.00,7.01,100.43,2026-05-01 00:00:00+00:00,2026-09-24 15:51:32.431066+00:00
542,TXN-202606-000542,319,2026-06-06 00:00:00+00:00,completed,15.54,0.00,1.17,16.71,2026-06-06 00:00:00+00:00,2026-09-24 15:51:32.431066+00:00
543,TXN-202605-000543,7,2026-05-13 00:00:00+00:00,completed,3409.80,0.00,255.74,3665.54,2026-05-13 00:00:00+00:00,2026-09-24 15:51:32.431066+00:00
544,TXN-202607-000544,27,2026-07-15 00:00:00+00:00,completed,732.40,0.00,54.93,787.33,2026-07-15 00:00:00+00:00,2026-09-24 15:51:32.431066+00:00
545,TXN-202609-000545,884,2026-09-20 00:00:00+00:00,completed,7654.38,0.00,574.08,8228.46,2026-09-20 00:00:00+00:00,2026-09-24 15:51:32.431066+00:00
546,TXN-202602-000546,966,2026-02-14 00:00:00+00:00,completed,980.84,0.00,73.56,1054.40,2026-02-14 00:00:00+00:00,2026-09-24 15:51:32.431066+00:00
547,TXN-202606-000547,955,2026-06-26 00:00:00+00:00,completed,665.82,0.00,49.94,715.76,2026-06-26 00:00:00+00:00,2026-09-24 15:51:32.431066+00:00
548,TXN-202605-000548,465,2026-05-08 00:00:00+00:00,completed,101.42,0.00,7.61,109.03,2026-05-08 00:00:00+00:00,2026-09-24 15:51:32.431066+00:00
549,TXN-202508-000549,411,2025-08-26 00:00:00+00:00,completed,144.34,0.00,10.83,155.17,2025-08-26 00:00:00+00:00,2026-09-24 15:51:32.431066+00:00
550,TXN-202507-000550,168,2025-07-28 00:00:00+00:00,completed,21889.82,0.00,1641.74,23531.56,2025-07-28 00:00:00+00:00,2026-09-24 15:51:32.431066+00:00
551,TXN-202511-000551,744,2025-11-02 00:00:00+00:00,completed,1727.86,0.00,129.59,1857.45,2025-11-02 00:00:00+00:00,2026-09-24 15:51:32.431066+00:00
552,TXN-202608-000552,210,2026-08-13 00:00:00+00:00,completed,125.64,0.00,9.42,135.06,2026-08-13 00:00:00+00:00,2026-09-24 15:51:32.431066+00:00
553,TXN-202609-000553,512,2026-09-05 00:00:00+00:00,completed,7.38,0.00,0.55,7.93,2026-09-05 00:00:00+00:00,2026-09-24 15:51:32.431066+00:00
554,TXN-202604-000554,604,2026-04-15 00:00:00+00:00,completed,381.31,0.00,28.60,409.91,2026-04-15 00:00:00+00:00,2026-09-24 15:51:32.431066+00:00
555,TXN-202606-000555,704,2026-06-01 00:00:00+00:00,completed,702.10,0.00,52.66,754.76,2026-06-01 00:00:00+00:00,2026-09-24 15:51:32.431066+00:00
556,TXN-202510-000556,983,2025-10-03 00:00:00+00:00,completed,1976.50,0.00,148.24,2124.74,2025-10-03 00:00:00+00:00,2026-09-24 15:51:32.431066+00:00
557,TXN-202607-000557,961,2026-07-26 00:00:00+00:00,completed,5132.37,0.00,384.93,5517.30,2026-07-26 00:00:00+00:00,2026-09-24 15:51:32.431066+00:00
558,TXN-202608-000558,336,2026-08-05 00:00:00+00:00,completed,1053.97,0.00,79.05,1133.02,2026-08-05 00:00:00+00:00,2026-09-24 15:51:32.431066+00:00
559,TXN-202605-000559,415,2026-05-20 00:00:00+00:00,completed,823.66,0.00,61.77,885.43,2026-05-20 00:00:00+00:00,2026-09-24 15:51:32.431066+00:00
560,TXN-202604-000560,609,2026-04-25 00:00:00+00:00,completed,9939.24,0.00,745.44,10684.68,2026-04-25 00:00:00+00:00,2026-09-24 15:51:32.431066+00:00
561,TXN-202609-000561,236,2026-09-21 00:00:00+00:00,completed,2034.77,101.74,144.98,2078.01,2026-09-21 00:00:00+00:00,2026-09-24 15:51:32.431066+00:00
562,TXN-202606-000562,356,2026-06-01 00:00:00+00:00,completed,550.66,0.00,41.30,591.96,2026-06-01 00:00:00+00:00,2026-09-24 15:51:32.431066+00:00
563,TXN-202609-000563,201,2026-09-09 00:00:00+00:00,completed,2261.62,0.00,169.62,2431.24,2026-09-09 00:00:00+00:00,2026-09-24 15:51:32.431066+00:00
564,TXN-202607-000564,639,2026-07-29 00:00:00+00:00,completed,21583.39,1079.17,1537.82,22042.04,2026-07-29 00:00:00+00:00,2026-09-24 15:51:32.431066+00:00
565,TXN-202604-000565,31,2026-04-27 00:00:00+00:00,completed,1676.46,0.00,125.73,1802.19,2026-04-27 00:00:00+00:00,2026-09-24 15:51:32.431066+00:00
566,TXN-202602-000566,384,2026-02-13 00:00:00+00:00,completed,25887.15,0.00,1941.54,27828.69,2026-02-13 00:00:00+00:00,2026-09-24 15:51:32.431066+00:00
567,TXN-202605-000567,955,2026-05-26 00:00:00+00:00,completed,354.48,0.00,26.59,381.07,2026-05-26 00:00:00+00:00,2026-09-24 15:51:32.431066+00:00
568,TXN-202605-000568,703,2026-05-22 00:00:00+00:00,completed,1220.63,0.00,91.55,1312.18,2026-05-22 00:00:00+00:00,2026-09-24 15:51:32.431066+00:00
569,TXN-202607-000569,17,2026-07-09 00:00:00+00:00,completed,447.97,0.00,33.60,481.57,2026-07-09 00:00:00+00:00,2026-09-24 15:51:32.431066+00:00
570,TXN-202508-000570,169,2025-08-21 00:00:00+00:00,completed,1256.08,0.00,94.21,1350.29,2025-08-21 00:00:00+00:00,2026-09-24 15:51:32.431066+00:00
571,TXN-202603-000571,465,2026-03-06 00:00:00+00:00,completed,296.06,0.00,22.20,318.26,2026-03-06 00:00:00+00:00,2026-09-24 15:51:32.431066+00:00
572,TXN-202606-000572,538,2026-06-27 00:00:00+00:00,completed,633.17,0.00,47.49,680.66,2026-06-27 00:00:00+00:00,2026-09-24 15:51:32.431066+00:00
573,TXN-202512-000573,112,2025-12-08 00:00:00+00:00,completed,59.82,0.00,4.49,64.31,2025-12-08 00:00:00+00:00,2026-09-24 15:51:32.431066+00:00
574,TXN-202508-000574,855,2025-08-23 00:00:00+00:00,completed,96.24,0.00,7.22,103.46,2025-08-23 00:00:00+00:00,2026-09-24 15:51:32.431066+00:00
575,TXN-202605-000575,958,2026-05-23 00:00:00+00:00,completed,44153.24,0.00,3311.49,47464.73,2026-05-23 00:00:00+00:00,2026-09-24 15:51:32.431066+00:00
576,TXN-202601-000576,295,2026-01-10 00:00:00+00:00,completed,479.09,23.95,34.14,489.28,2026-01-10 00:00:00+00:00,2026-09-24 15:51:32.431066+00:00
577,TXN-202510-000577,7,2025-10-23 00:00:00+00:00,completed,3084.86,0.00,231.36,3316.22,2025-10-23 00:00:00+00:00,2026-09-24 15:51:32.431066+00:00
578,TXN-202604-000578,71,2026-04-05 00:00:00+00:00,completed,50180.02,0.00,3763.50,53943.52,2026-04-05 00:00:00+00:00,2026-09-24 15:51:32.431066+00:00
579,TXN-202608-000579,452,2026-08-07 00:00:00+00:00,completed,8050.52,0.00,603.79,8654.31,2026-08-07 00:00:00+00:00,2026-09-24 15:51:32.431066+00:00
580,TXN-202606-000580,178,2026-06-19 00:00:00+00:00,completed,72.17,0.00,5.41,77.58,2026-06-19 00:00:00+00:00,2026-09-24 15:51:32.431066+00:00
581,TXN-202609-000581,900,2026-09-04 00:00:00+00:00,completed,3032.10,0.00,227.41,3259.51,2026-09-04 00:00:00+00:00,2026-09-24 15:51:32.431066+00:00
582,TXN-202606-000582,735,2026-06-03 00:00:00+00:00,completed,169.24,0.00,12.69,181.93,2026-06-03 00:00:00+00:00,2026-09-24 15:51:32.431066+00:00
583,TXN-202609-000583,467,2026-09-11 00:00:00+00:00,completed,407.12,0.00,30.53,437.65,2026-09-11 00:00:00+00:00,2026-09-24 15:51:32.431066+00:00
584,TXN-202510-000584,585,2025-10-10 00:00:00+00:00,completed,284.01,0.00,21.30,305.31,2025-10-10 00:00:00+00:00,2026-09-24 15:51:32.431066+00:00
585,TXN-202608-000585,187,2026-08-31 00:00:00+00:00,completed,2215.10,0.00,166.13,2381.23,2026-08-31 00:00:00+00:00,2026-09-24 15:51:32.431066+00:00
586,TXN-202604-000586,672,2026-04-23 00:00:00+00:00,completed,1052.83,0.00,78.96,1131.79,2026-04-23 00:00:00+00:00,2026-09-24 15:51:32.431066+00:00
587,TXN-202609-000587,674,2026-09-11 00:00:00+00:00,completed,363.18,0.00,27.24,390.42,2026-09-11 00:00:00+00:00,2026-09-24 15:51:32.431066+00:00
588,TXN-202511-000588,554,2025-11-10 00:00:00+00:00,refunded,943.47,0.00,70.76,1014.23,2025-11-10 00:00:00+00:00,2026-09-24 15:51:32.431066+00:00
589,TXN-202603-000589,585,2026-03-13 00:00:00+00:00,completed,456.26,0.00,34.22,490.48,2026-03-13 00:00:00+00:00,2026-09-24 15:51:32.431066+00:00
590,TXN-202609-000590,869,2026-09-08 00:00:00+00:00,completed,72.17,0.00,5.41,77.58,2026-09-08 00:00:00+00:00,2026-09-24 15:51:32.431066+00:00
591,TXN-202609-000591,683,2026-09-05 00:00:00+00:00,completed,277.42,0.00,20.81,298.23,2026-09-05 00:00:00+00:00,2026-09-24 15:51:32.431066+00:00
592,TXN-202607-000592,692,2026-07-18 00:00:00+00:00,completed,869.99,0.00,65.25,935.24,2026-07-18 00:00:00+00:00,2026-09-24 15:51:32.431066+00:00
593,TXN-202609-000593,519,2026-09-13 00:00:00+00:00,completed,427.77,0.00,32.08,459.85,2026-09-13 00:00:00+00:00,2026-09-24 15:51:32.431066+00:00
594,TXN-202509-000594,810,2025-09-22 00:00:00+00:00,completed,320.98,0.00,24.07,345.05,2025-09-22 00:00:00+00:00,2026-09-24 15:51:32.431066+00:00
595,TXN-202507-000595,893,2025-07-25 00:00:00+00:00,completed,3721.38,0.00,279.10,4000.48,2025-07-25 00:00:00+00:00,2026-09-24 15:51:32.431066+00:00
596,TXN-202607-000596,204,2026-07-26 00:00:00+00:00,completed,1395.83,0.00,104.69,1500.52,2026-07-26 00:00:00+00:00,2026-09-24 15:51:32.431066+00:00
597,TXN-202602-000597,96,2026-02-24 00:00:00+00:00,completed,440.40,0.00,33.03,473.43,2026-02-24 00:00:00+00:00,2026-09-24 15:51:32.431066+00:00
598,TXN-202511-000598,55,2025-11-25 00:00:00+00:00,completed,343.20,0.00,25.74,368.94,2025-11-25 00:00:00+00:00,2026-09-24 15:51:32.431066+00:00
599,TXN-202607-000599,140,2026-07-26 00:00:00+00:00,completed,7191.20,0.00,539.34,7730.54,2026-07-26 00:00:00+00:00,2026-09-24 15:51:32.431066+00:00
600,TXN-202609-000600,898,2026-09-17 00:00:00+00:00,completed,100.68,0.00,7.55,108.23,2026-09-17 00:00:00+00:00,2026-09-24 15:51:32.431066+00:00
601,TXN-202609-000601,572,2026-09-09 00:00:00+00:00,completed,617.96,0.00,46.35,664.31,2026-09-09 00:00:00+00:00,2026-09-24 15:51:32.431066+00:00
602,TXN-202608-000602,861,2026-08-29 00:00:00+00:00,completed,1061.66,0.00,79.62,1141.28,2026-08-29 00:00:00+00:00,2026-09-24 15:51:32.431066+00:00
603,TXN-202608-000603,132,2026-08-02 00:00:00+00:00,completed,6153.81,0.00,461.54,6615.35,2026-08-02 00:00:00+00:00,2026-09-24 15:51:32.431066+00:00
604,TXN-202512-000604,134,2025-12-01 00:00:00+00:00,completed,272.56,0.00,20.44,293.00,2025-12-01 00:00:00+00:00,2026-09-24 15:51:32.431066+00:00
605,TXN-202604-000605,433,2026-04-17 00:00:00+00:00,completed,62.67,3.13,4.47,64.01,2026-04-17 00:00:00+00:00,2026-09-24 15:51:32.431066+00:00
606,TXN-202603-000606,63,2026-03-16 00:00:00+00:00,completed,474.67,0.00,35.60,510.27,2026-03-16 00:00:00+00:00,2026-09-24 15:51:32.431066+00:00
607,TXN-202605-000607,848,2026-05-04 00:00:00+00:00,completed,721.56,0.00,54.12,775.68,2026-05-04 00:00:00+00:00,2026-09-24 15:51:32.431066+00:00
608,TXN-202608-000608,509,2026-08-24 00:00:00+00:00,completed,1131.04,0.00,84.83,1215.87,2026-08-24 00:00:00+00:00,2026-09-24 15:51:32.431066+00:00
609,TXN-202609-000609,857,2026-09-16 00:00:00+00:00,completed,27673.61,0.00,2075.52,29749.13,2026-09-16 00:00:00+00:00,2026-09-24 15:51:32.431066+00:00
610,TXN-202609-000610,530,2026-09-14 00:00:00+00:00,completed,21949.56,0.00,1646.22,23595.78,2026-09-14 00:00:00+00:00,2026-09-24 15:51:32.431066+00:00
611,TXN-202604-000611,56,2026-04-22 00:00:00+00:00,completed,602.40,0.00,45.18,647.58,2026-04-22 00:00:00+00:00,2026-09-24 15:51:32.431066+00:00
612,TXN-202509-000612,411,2025-09-29 00:00:00+00:00,completed,55.27,0.00,4.15,59.42,2025-09-29 00:00:00+00:00,2026-09-24 15:51:32.431066+00:00
613,TXN-202607-000613,693,2026-07-09 00:00:00+00:00,completed,26605.96,0.00,1995.45,28601.41,2026-07-09 00:00:00+00:00,2026-09-24 15:51:32.431066+00:00
614,TXN-202512-000614,851,2025-12-22 00:00:00+00:00,refunded,1296.56,0.00,97.24,1393.80,2025-12-22 00:00:00+00:00,2026-09-24 15:51:32.431066+00:00
615,TXN-202606-000615,642,2026-06-30 00:00:00+00:00,completed,962.08,0.00,72.16,1034.24,2026-06-30 00:00:00+00:00,2026-09-24 15:51:32.431066+00:00
616,TXN-202601-000616,259,2026-01-24 00:00:00+00:00,cancelled,501.19,0.00,37.59,538.78,2026-01-24 00:00:00+00:00,2026-09-24 15:51:32.431066+00:00
617,TXN-202605-000617,68,2026-05-09 00:00:00+00:00,completed,1231.32,0.00,92.35,1323.67,2026-05-09 00:00:00+00:00,2026-09-24 15:51:32.431066+00:00
618,TXN-202607-000618,204,2026-07-19 00:00:00+00:00,completed,711.89,0.00,53.39,765.28,2026-07-19 00:00:00+00:00,2026-09-24 15:51:32.431066+00:00
619,TXN-202511-000619,497,2025-11-27 00:00:00+00:00,completed,12835.71,0.00,962.68,13798.39,2025-11-27 00:00:00+00:00,2026-09-24 15:51:32.431066+00:00
620,TXN-202512-000620,583,2025-12-30 00:00:00+00:00,completed,1852.57,92.63,132.00,1891.94,2025-12-30 00:00:00+00:00,2026-09-24 15:51:32.431066+00:00
621,TXN-202604-000621,926,2026-04-14 00:00:00+00:00,completed,30.63,0.00,2.30,32.93,2026-04-14 00:00:00+00:00,2026-09-24 15:51:32.431066+00:00
622,TXN-202602-000622,266,2026-02-11 00:00:00+00:00,completed,559.27,0.00,41.95,601.22,2026-02-11 00:00:00+00:00,2026-09-24 15:51:32.431066+00:00
623,TXN-202605-000623,23,2026-05-14 00:00:00+00:00,completed,480.18,0.00,36.01,516.19,2026-05-14 00:00:00+00:00,2026-09-24 15:51:32.431066+00:00
624,TXN-202509-000624,777,2025-09-21 00:00:00+00:00,completed,302.42,0.00,22.68,325.10,2025-09-21 00:00:00+00:00,2026-09-24 15:51:32.431066+00:00
625,TXN-202512-000625,177,2025-12-17 00:00:00+00:00,completed,1206.91,0.00,90.52,1297.43,2025-12-17 00:00:00+00:00,2026-09-24 15:51:32.431066+00:00
626,TXN-202608-000626,94,2026-08-01 00:00:00+00:00,completed,160.53,0.00,12.04,172.57,2026-08-01 00:00:00+00:00,2026-09-24 15:51:32.431066+00:00
627,TXN-202602-000627,434,2026-02-23 00:00:00+00:00,completed,8211.11,0.00,615.83,8826.94,2026-02-23 00:00:00+00:00,2026-09-24 15:51:32.431066+00:00
628,TXN-202607-000628,91,2026-07-06 00:00:00+00:00,completed,37307.52,0.00,2798.06,40105.58,2026-07-06 00:00:00+00:00,2026-09-24 15:51:32.431066+00:00
629,TXN-202607-000629,625,2026-07-06 00:00:00+00:00,completed,1670.56,83.53,119.03,1706.06,2026-07-06 00:00:00+00:00,2026-09-24 15:51:32.431066+00:00
630,TXN-202604-000630,575,2026-04-24 00:00:00+00:00,completed,29.52,0.00,2.21,31.73,2026-04-24 00:00:00+00:00,2026-09-24 15:51:32.431066+00:00
631,TXN-202603-000631,556,2026-03-13 00:00:00+00:00,completed,330.85,0.00,24.81,355.66,2026-03-13 00:00:00+00:00,2026-09-24 15:51:32.431066+00:00
632,TXN-202605-000632,265,2026-05-22 00:00:00+00:00,completed,6540.34,0.00,490.53,7030.87,2026-05-22 00:00:00+00:00,2026-09-24 15:51:32.431066+00:00
633,TXN-202608-000633,678,2026-08-26 00:00:00+00:00,completed,3459.64,0.00,259.47,3719.11,2026-08-26 00:00:00+00:00,2026-09-24 15:51:32.431066+00:00
634,TXN-202602-000634,524,2026-02-07 00:00:00+00:00,completed,406.81,0.00,30.51,437.32,2026-02-07 00:00:00+00:00,2026-09-24 15:51:32.431066+00:00
635,TXN-202606-000635,100,2026-06-11 00:00:00+00:00,completed,34.80,1.74,2.48,35.54,2026-06-11 00:00:00+00:00,2026-09-24 15:51:32.431066+00:00
636,TXN-202609-000636,412,2026-09-22 00:00:00+00:00,refunded,180.87,0.00,13.57,194.44,2026-09-22 00:00:00+00:00,2026-09-24 15:51:32.431066+00:00
637,TXN-202512-000637,747,2025-12-03 00:00:00+00:00,completed,1679.45,0.00,125.96,1805.41,2025-12-03 00:00:00+00:00,2026-09-24 15:51:32.431066+00:00
638,TXN-202601-000638,190,2026-01-26 00:00:00+00:00,completed,800.40,0.00,60.03,860.43,2026-01-26 00:00:00+00:00,2026-09-24 15:51:32.431066+00:00
639,TXN-202510-000639,320,2025-10-07 00:00:00+00:00,completed,10795.98,0.00,809.70,11605.68,2025-10-07 00:00:00+00:00,2026-09-24 15:51:32.431066+00:00
640,TXN-202511-000640,952,2025-11-09 00:00:00+00:00,completed,395.88,0.00,29.69,425.57,2025-11-09 00:00:00+00:00,2026-09-24 15:51:32.431066+00:00
641,TXN-202607-000641,790,2026-07-23 00:00:00+00:00,completed,80.10,0.00,6.01,86.11,2026-07-23 00:00:00+00:00,2026-09-24 15:51:32.431066+00:00
642,TXN-202603-000642,336,2026-03-03 00:00:00+00:00,pending,887.34,0.00,66.55,953.89,2026-03-03 00:00:00+00:00,2026-09-24 15:51:32.431066+00:00
643,TXN-202601-000643,257,2026-01-25 00:00:00+00:00,completed,801.40,0.00,60.10,861.50,2026-01-25 00:00:00+00:00,2026-09-24 15:51:32.431066+00:00
644,TXN-202608-000644,809,2026-08-08 00:00:00+00:00,completed,43.92,0.00,3.29,47.21,2026-08-08 00:00:00+00:00,2026-09-24 15:51:32.431066+00:00
645,TXN-202607-000645,775,2026-07-22 00:00:00+00:00,completed,1098.25,0.00,82.37,1180.62,2026-07-22 00:00:00+00:00,2026-09-24 15:51:32.431066+00:00
646,TXN-202512-000646,519,2025-12-10 00:00:00+00:00,completed,481.73,0.00,36.13,517.86,2025-12-10 00:00:00+00:00,2026-09-24 15:51:32.431066+00:00
647,TXN-202508-000647,297,2025-08-15 00:00:00+00:00,completed,708.56,0.00,53.14,761.70,2025-08-15 00:00:00+00:00,2026-09-24 15:51:32.431066+00:00
648,TXN-202601-000648,186,2026-01-27 00:00:00+00:00,completed,1569.94,0.00,117.75,1687.69,2026-01-27 00:00:00+00:00,2026-09-24 15:51:32.431066+00:00
649,TXN-202605-000649,933,2026-05-11 00:00:00+00:00,completed,1654.14,0.00,124.06,1778.20,2026-05-11 00:00:00+00:00,2026-09-24 15:51:32.431066+00:00
650,TXN-202512-000650,896,2025-12-17 00:00:00+00:00,completed,323.67,0.00,24.28,347.95,2025-12-17 00:00:00+00:00,2026-09-24 15:51:32.431066+00:00
651,TXN-202603-000651,270,2026-03-04 00:00:00+00:00,completed,504.01,0.00,37.80,541.81,2026-03-04 00:00:00+00:00,2026-09-24 15:51:32.431066+00:00
652,TXN-202607-000652,234,2026-07-17 00:00:00+00:00,completed,34543.29,0.00,2590.75,37134.04,2026-07-17 00:00:00+00:00,2026-09-24 15:51:32.431066+00:00
653,TXN-202609-000653,668,2026-09-05 00:00:00+00:00,completed,29669.42,0.00,2225.21,31894.63,2026-09-05 00:00:00+00:00,2026-09-24 15:51:32.431066+00:00
654,TXN-202509-000654,212,2025-09-29 00:00:00+00:00,completed,791.30,0.00,59.35,850.65,2025-09-29 00:00:00+00:00,2026-09-24 15:51:32.431066+00:00
655,TXN-202607-000655,13,2026-07-19 00:00:00+00:00,completed,53.64,0.00,4.02,57.66,2026-07-19 00:00:00+00:00,2026-09-24 15:51:32.431066+00:00
656,TXN-202510-000656,732,2025-10-29 00:00:00+00:00,completed,393.49,0.00,29.51,423.00,2025-10-29 00:00:00+00:00,2026-09-24 15:51:32.431066+00:00
657,TXN-202606-000657,313,2026-06-25 00:00:00+00:00,completed,432.24,0.00,32.42,464.66,2026-06-25 00:00:00+00:00,2026-09-24 15:51:32.431066+00:00
658,TXN-202608-000658,69,2026-08-20 00:00:00+00:00,completed,251.46,0.00,18.86,270.32,2026-08-20 00:00:00+00:00,2026-09-24 15:51:32.431066+00:00
659,TXN-202606-000659,846,2026-06-27 00:00:00+00:00,completed,228.17,0.00,17.11,245.28,2026-06-27 00:00:00+00:00,2026-09-24 15:51:32.431066+00:00
660,TXN-202609-000660,933,2026-09-09 00:00:00+00:00,completed,662.49,0.00,49.69,712.18,2026-09-09 00:00:00+00:00,2026-09-24 15:51:32.431066+00:00
661,TXN-202605-000661,582,2026-05-27 00:00:00+00:00,completed,253.68,0.00,19.03,272.71,2026-05-27 00:00:00+00:00,2026-09-24 15:51:32.431066+00:00
662,TXN-202604-000662,858,2026-04-09 00:00:00+00:00,pending,83.82,0.00,6.29,90.11,2026-04-09 00:00:00+00:00,2026-09-24 15:51:32.431066+00:00
663,TXN-202607-000663,554,2026-07-27 00:00:00+00:00,completed,635.04,0.00,47.63,682.67,2026-07-27 00:00:00+00:00,2026-09-24 15:51:32.431066+00:00
664,TXN-202609-000664,1000,2026-09-21 00:00:00+00:00,completed,94.02,0.00,7.05,101.07,2026-09-21 00:00:00+00:00,2026-09-24 15:51:32.431066+00:00
665,TXN-202605-000665,528,2026-05-07 00:00:00+00:00,completed,481.04,0.00,36.08,517.12,2026-05-07 00:00:00+00:00,2026-09-24 15:51:32.431066+00:00
666,TXN-202609-000666,65,2026-09-11 00:00:00+00:00,completed,212.88,0.00,15.97,228.85,2026-09-11 00:00:00+00:00,2026-09-24 15:51:32.431066+00:00
667,TXN-202512-000667,838,2025-12-16 00:00:00+00:00,completed,421.37,0.00,31.60,452.97,2025-12-16 00:00:00+00:00,2026-09-24 15:51:32.431066+00:00
668,TXN-202507-000668,657,2025-07-31 00:00:00+00:00,completed,201.36,0.00,15.10,216.46,2025-07-31 00:00:00+00:00,2026-09-24 15:51:32.431066+00:00
669,TXN-202601-000669,888,2026-01-28 00:00:00+00:00,completed,4423.65,0.00,331.77,4755.42,2026-01-28 00:00:00+00:00,2026-09-24 15:51:32.431066+00:00
670,TXN-202607-000670,967,2026-07-18 00:00:00+00:00,completed,1681.63,0.00,126.12,1807.75,2026-07-18 00:00:00+00:00,2026-09-24 15:51:32.431066+00:00
671,TXN-202605-000671,433,2026-05-24 00:00:00+00:00,completed,80.46,0.00,6.03,86.49,2026-05-24 00:00:00+00:00,2026-09-24 15:51:32.431066+00:00
672,TXN-202511-000672,93,2025-11-05 00:00:00+00:00,completed,66.05,0.00,4.95,71.00,2025-11-05 00:00:00+00:00,2026-09-24 15:51:32.431066+00:00
673,TXN-202608-000673,939,2026-08-15 00:00:00+00:00,completed,1442.96,0.00,108.22,1551.18,2026-08-15 00:00:00+00:00,2026-09-24 15:51:32.431066+00:00
674,TXN-202606-000674,579,2026-06-16 00:00:00+00:00,completed,15418.70,0.00,1156.40,16575.10,2026-06-16 00:00:00+00:00,2026-09-24 15:51:32.431066+00:00
675,TXN-202608-000675,497,2026-08-08 00:00:00+00:00,completed,4941.46,247.07,352.08,5046.47,2026-08-08 00:00:00+00:00,2026-09-24 15:51:32.431066+00:00
676,TXN-202511-000676,130,2025-11-18 00:00:00+00:00,completed,4235.87,0.00,317.69,4553.56,2025-11-18 00:00:00+00:00,2026-09-24 15:51:32.431066+00:00
677,TXN-202508-000677,390,2025-08-06 00:00:00+00:00,refunded,11869.12,0.00,890.18,12759.30,2025-08-06 00:00:00+00:00,2026-09-24 15:51:32.431066+00:00
678,TXN-202609-000678,472,2026-09-07 00:00:00+00:00,completed,1176.01,0.00,88.20,1264.21,2026-09-07 00:00:00+00:00,2026-09-24 15:51:32.431066+00:00
679,TXN-202609-000679,555,2026-09-14 00:00:00+00:00,completed,225.42,0.00,16.91,242.33,2026-09-14 00:00:00+00:00,2026-09-24 15:51:32.431066+00:00
680,TXN-202607-000680,618,2026-07-08 00:00:00+00:00,completed,943.26,0.00,70.74,1014.00,2026-07-08 00:00:00+00:00,2026-09-24 15:51:32.431066+00:00
681,TXN-202605-000681,567,2026-05-09 00:00:00+00:00,completed,163.68,8.18,11.66,167.16,2026-05-09 00:00:00+00:00,2026-09-24 15:51:32.431066+00:00
682,TXN-202605-000682,130,2026-05-13 00:00:00+00:00,completed,903.15,0.00,67.74,970.89,2026-05-13 00:00:00+00:00,2026-09-24 15:51:32.431066+00:00
683,TXN-202605-000683,722,2026-05-16 00:00:00+00:00,completed,190.83,0.00,14.31,205.14,2026-05-16 00:00:00+00:00,2026-09-24 15:51:32.431066+00:00
684,TXN-202607-000684,942,2026-07-08 00:00:00+00:00,completed,1412.29,0.00,105.92,1518.21,2026-07-08 00:00:00+00:00,2026-09-24 15:51:32.431066+00:00
685,TXN-202508-000685,93,2025-08-19 00:00:00+00:00,completed,271.36,0.00,20.35,291.71,2025-08-19 00:00:00+00:00,2026-09-24 15:51:32.431066+00:00
686,TXN-202507-000686,999,2025-07-04 00:00:00+00:00,completed,7828.30,0.00,587.12,8415.42,2025-07-04 00:00:00+00:00,2026-09-24 15:51:32.431066+00:00
687,TXN-202510-000687,140,2025-10-31 00:00:00+00:00,completed,8740.62,0.00,655.55,9396.17,2025-10-31 00:00:00+00:00,2026-09-24 15:51:32.431066+00:00
688,TXN-202608-000688,336,2026-08-17 00:00:00+00:00,completed,844.79,0.00,63.36,908.15,2026-08-17 00:00:00+00:00,2026-09-24 15:51:32.431066+00:00
689,TXN-202608-000689,980,2026-08-11 00:00:00+00:00,completed,13069.63,0.00,980.22,14049.85,2026-08-11 00:00:00+00:00,2026-09-24 15:51:32.431066+00:00
690,TXN-202605-000690,626,2026-05-06 00:00:00+00:00,completed,13.19,0.00,0.99,14.18,2026-05-06 00:00:00+00:00,2026-09-24 15:51:32.431066+00:00
691,TXN-202604-000691,746,2026-04-28 00:00:00+00:00,pending,620.77,0.00,46.56,667.33,2026-04-28 00:00:00+00:00,2026-09-24 15:51:32.431066+00:00
692,TXN-202508-000692,446,2025-08-13 00:00:00+00:00,completed,432.12,0.00,32.41,464.53,2025-08-13 00:00:00+00:00,2026-09-24 15:51:32.431066+00:00
693,TXN-202605-000693,561,2026-05-30 00:00:00+00:00,completed,50.71,0.00,3.80,54.51,2026-05-30 00:00:00+00:00,2026-09-24 15:51:32.431066+00:00
694,TXN-202605-000694,284,2026-05-19 00:00:00+00:00,completed,683.88,0.00,51.29,735.17,2026-05-19 00:00:00+00:00,2026-09-24 15:51:32.431066+00:00
695,TXN-202507-000695,845,2025-07-25 00:00:00+00:00,completed,47330.18,0.00,3549.76,50879.94,2025-07-25 00:00:00+00:00,2026-09-24 15:51:32.431066+00:00
696,TXN-202505-000696,650,2025-05-20 00:00:00+00:00,completed,547.83,0.00,41.09,588.92,2025-05-20 00:00:00+00:00,2026-09-24 15:51:32.431066+00:00
697,TXN-202608-000697,923,2026-08-31 00:00:00+00:00,completed,139.66,6.98,9.95,142.63,2026-08-31 00:00:00+00:00,2026-09-24 15:51:32.431066+00:00
698,TXN-202608-000698,220,2026-08-11 00:00:00+00:00,completed,22332.43,0.00,1674.93,24007.36,2026-08-11 00:00:00+00:00,2026-09-24 15:51:32.431066+00:00
699,TXN-202605-000699,865,2026-05-04 00:00:00+00:00,pending,622.05,31.10,44.32,635.27,2026-05-04 00:00:00+00:00,2026-09-24 15:51:32.431066+00:00
700,TXN-202609-000700,295,2026-09-22 00:00:00+00:00,completed,467.12,0.00,35.03,502.15,2026-09-22 00:00:00+00:00,2026-09-24 15:51:32.431066+00:00
701,TXN-202512-000701,33,2025-12-05 00:00:00+00:00,completed,5699.48,0.00,427.46,6126.94,2025-12-05 00:00:00+00:00,2026-09-24 15:51:32.431066+00:00
702,TXN-202609-000702,779,2026-09-05 00:00:00+00:00,completed,7008.65,0.00,525.65,7534.30,2026-09-05 00:00:00+00:00,2026-09-24 15:51:32.431066+00:00
703,TXN-202601-000703,561,2026-01-28 00:00:00+00:00,completed,1018.44,0.00,76.38,1094.82,2026-01-28 00:00:00+00:00,2026-09-24 15:51:32.431066+00:00
704,TXN-202605-000704,129,2026-05-06 00:00:00+00:00,completed,5011.35,0.00,375.85,5387.20,2026-05-06 00:00:00+00:00,2026-09-24 15:51:32.431066+00:00
705,TXN-202510-000705,849,2025-10-11 00:00:00+00:00,completed,101.42,0.00,7.61,109.03,2025-10-11 00:00:00+00:00,2026-09-24 15:51:32.431066+00:00
706,TXN-202607-000706,109,2026-07-26 00:00:00+00:00,completed,21.68,0.00,1.63,23.31,2026-07-26 00:00:00+00:00,2026-09-24 15:51:32.431066+00:00
707,TXN-202602-000707,339,2026-02-15 00:00:00+00:00,completed,34.12,0.00,2.56,36.68,2026-02-15 00:00:00+00:00,2026-09-24 15:51:32.431066+00:00
708,TXN-202609-000708,783,2026-09-19 00:00:00+00:00,completed,30623.80,0.00,2296.78,32920.58,2026-09-19 00:00:00+00:00,2026-09-24 15:51:32.431066+00:00
709,TXN-202604-000709,434,2026-04-05 00:00:00+00:00,completed,3477.64,0.00,260.82,3738.46,2026-04-05 00:00:00+00:00,2026-09-24 15:51:32.431066+00:00
710,TXN-202603-000710,906,2026-03-17 00:00:00+00:00,completed,27472.64,0.00,2060.45,29533.09,2026-03-17 00:00:00+00:00,2026-09-24 15:51:32.431066+00:00
711,TXN-202606-000711,743,2026-06-13 00:00:00+00:00,completed,280.32,0.00,21.02,301.34,2026-06-13 00:00:00+00:00,2026-09-24 15:51:32.431066+00:00
712,TXN-202606-000712,217,2026-06-17 00:00:00+00:00,completed,418.26,0.00,31.37,449.63,2026-06-17 00:00:00+00:00,2026-09-24 15:51:32.431066+00:00
713,TXN-202608-000713,570,2026-08-03 00:00:00+00:00,completed,162.40,0.00,12.18,174.58,2026-08-03 00:00:00+00:00,2026-09-24 15:51:32.431066+00:00
714,TXN-202607-000714,385,2026-07-16 00:00:00+00:00,completed,2711.62,135.58,193.20,2769.24,2026-07-16 00:00:00+00:00,2026-09-24 15:51:32.431066+00:00
715,TXN-202605-000715,219,2026-05-02 00:00:00+00:00,refunded,20.02,0.00,1.50,21.52,2026-05-02 00:00:00+00:00,2026-09-24 15:51:32.431066+00:00
716,TXN-202509-000716,61,2025-09-24 00:00:00+00:00,completed,10162.41,0.00,762.18,10924.59,2025-09-24 00:00:00+00:00,2026-09-24 15:51:32.431066+00:00
717,TXN-202509-000717,732,2025-09-12 00:00:00+00:00,completed,65.32,0.00,4.90,70.22,2025-09-12 00:00:00+00:00,2026-09-24 15:51:32.431066+00:00
718,TXN-202511-000718,897,2025-11-25 00:00:00+00:00,completed,918.65,0.00,68.90,987.55,2025-11-25 00:00:00+00:00,2026-09-24 15:51:32.431066+00:00
719,TXN-202603-000719,3,2026-03-24 00:00:00+00:00,completed,22995.28,0.00,1724.65,24719.93,2026-03-24 00:00:00+00:00,2026-09-24 15:51:32.431066+00:00
720,TXN-202606-000720,42,2026-06-10 00:00:00+00:00,completed,400.68,20.03,28.55,409.20,2026-06-10 00:00:00+00:00,2026-09-24 15:51:32.431066+00:00
721,TXN-202510-000721,167,2025-10-07 00:00:00+00:00,completed,37.40,0.00,2.80,40.20,2025-10-07 00:00:00+00:00,2026-09-24 15:51:32.431066+00:00
722,TXN-202606-000722,571,2026-06-26 00:00:00+00:00,completed,61.60,0.00,4.62,66.22,2026-06-26 00:00:00+00:00,2026-09-24 15:51:32.431066+00:00
723,TXN-202608-000723,404,2026-08-28 00:00:00+00:00,completed,285.70,0.00,21.43,307.13,2026-08-28 00:00:00+00:00,2026-09-24 15:51:32.431066+00:00
724,TXN-202608-000724,202,2026-08-23 00:00:00+00:00,completed,87.27,4.36,6.22,89.13,2026-08-23 00:00:00+00:00,2026-09-24 15:51:32.431066+00:00
725,TXN-202603-000725,386,2026-03-31 00:00:00+00:00,completed,107.28,0.00,8.05,115.33,2026-03-31 00:00:00+00:00,2026-09-24 15:51:32.431066+00:00
726,TXN-202511-000726,303,2025-11-28 00:00:00+00:00,completed,381.63,0.00,28.62,410.25,2025-11-28 00:00:00+00:00,2026-09-24 15:51:32.431066+00:00
727,TXN-202608-000727,528,2026-08-04 00:00:00+00:00,completed,209.61,0.00,15.72,225.33,2026-08-04 00:00:00+00:00,2026-09-24 15:51:32.431066+00:00
728,TXN-202606-000728,152,2026-06-10 00:00:00+00:00,completed,192.77,0.00,14.46,207.23,2026-06-10 00:00:00+00:00,2026-09-24 15:51:32.431066+00:00
729,TXN-202511-000729,825,2025-11-17 00:00:00+00:00,completed,201.36,0.00,15.10,216.46,2025-11-17 00:00:00+00:00,2026-09-24 15:51:32.431066+00:00
730,TXN-202511-000730,707,2025-11-30 00:00:00+00:00,completed,3293.19,0.00,246.99,3540.18,2025-11-30 00:00:00+00:00,2026-09-24 15:51:32.431066+00:00
731,TXN-202605-000731,692,2026-05-07 00:00:00+00:00,completed,859.61,0.00,64.47,924.08,2026-05-07 00:00:00+00:00,2026-09-24 15:51:32.431066+00:00
732,TXN-202603-000732,878,2026-03-01 00:00:00+00:00,completed,602.40,30.12,42.92,615.20,2026-03-01 00:00:00+00:00,2026-09-24 15:51:32.431066+00:00
733,TXN-202512-000733,379,2025-12-29 00:00:00+00:00,completed,156.45,0.00,11.73,168.18,2025-12-29 00:00:00+00:00,2026-09-24 15:51:32.431066+00:00
734,TXN-202604-000734,190,2026-04-05 00:00:00+00:00,completed,329.19,0.00,24.69,353.88,2026-04-05 00:00:00+00:00,2026-09-24 15:51:32.431066+00:00
735,TXN-202512-000735,246,2025-12-07 00:00:00+00:00,completed,653.07,32.65,46.53,666.95,2025-12-07 00:00:00+00:00,2026-09-24 15:51:32.431066+00:00
736,TXN-202609-000736,272,2026-09-07 00:00:00+00:00,completed,1785.78,0.00,133.93,1919.71,2026-09-07 00:00:00+00:00,2026-09-24 15:51:32.431066+00:00
737,TXN-202510-000737,736,2025-10-17 00:00:00+00:00,completed,127.36,0.00,9.55,136.91,2025-10-17 00:00:00+00:00,2026-09-24 15:51:32.431066+00:00
738,TXN-202602-000738,125,2026-02-08 00:00:00+00:00,completed,75203.61,0.00,5640.27,80843.88,2026-02-08 00:00:00+00:00,2026-09-24 15:51:32.431066+00:00
739,TXN-202608-000739,228,2026-08-25 00:00:00+00:00,completed,1671.52,0.00,125.36,1796.88,2026-08-25 00:00:00+00:00,2026-09-24 15:51:32.431066+00:00
740,TXN-202511-000740,286,2025-11-07 00:00:00+00:00,completed,1457.48,72.87,103.85,1488.46,2025-11-07 00:00:00+00:00,2026-09-24 15:51:32.431066+00:00
741,TXN-202508-000741,377,2025-08-07 00:00:00+00:00,completed,199.34,9.97,14.20,203.57,2025-08-07 00:00:00+00:00,2026-09-24 15:51:32.431066+00:00
742,TXN-202512-000742,475,2025-12-17 00:00:00+00:00,completed,83.82,0.00,6.29,90.11,2025-12-17 00:00:00+00:00,2026-09-24 15:51:32.431066+00:00
743,TXN-202512-000743,408,2025-12-07 00:00:00+00:00,completed,144.34,0.00,10.83,155.17,2025-12-07 00:00:00+00:00,2026-09-24 15:51:32.431066+00:00
744,TXN-202604-000744,727,2026-04-24 00:00:00+00:00,refunded,20293.53,0.00,1522.01,21815.54,2026-04-24 00:00:00+00:00,2026-09-24 15:51:32.431066+00:00
745,TXN-202608-000745,361,2026-08-08 00:00:00+00:00,completed,401.49,0.00,30.11,431.60,2026-08-08 00:00:00+00:00,2026-09-24 15:51:32.431066+00:00
746,TXN-202608-000746,618,2026-08-10 00:00:00+00:00,completed,971.00,0.00,72.83,1043.83,2026-08-10 00:00:00+00:00,2026-09-24 15:51:32.431066+00:00
747,TXN-202601-000747,438,2026-01-06 00:00:00+00:00,completed,240.52,0.00,18.04,258.56,2026-01-06 00:00:00+00:00,2026-09-24 15:51:32.431066+00:00
748,TXN-202603-000748,524,2026-03-02 00:00:00+00:00,completed,1221.64,0.00,91.62,1313.26,2026-03-02 00:00:00+00:00,2026-09-24 15:51:32.431066+00:00
749,TXN-202609-000749,976,2026-09-01 00:00:00+00:00,cancelled,15393.45,0.00,1154.51,16547.96,2026-09-01 00:00:00+00:00,2026-09-24 15:51:32.431066+00:00
750,TXN-202608-000750,879,2026-08-28 00:00:00+00:00,completed,1559.80,0.00,116.98,1676.78,2026-08-28 00:00:00+00:00,2026-09-24 15:51:32.431066+00:00
751,TXN-202603-000751,922,2026-03-15 00:00:00+00:00,completed,35381.78,0.00,2653.63,38035.41,2026-03-15 00:00:00+00:00,2026-09-24 15:51:32.431066+00:00
752,TXN-202605-000752,294,2026-05-10 00:00:00+00:00,completed,1052.73,0.00,78.95,1131.68,2026-05-10 00:00:00+00:00,2026-09-24 15:51:32.431066+00:00
753,TXN-202603-000753,439,2026-03-04 00:00:00+00:00,completed,3038.51,0.00,227.89,3266.40,2026-03-04 00:00:00+00:00,2026-09-24 15:51:32.431066+00:00
754,TXN-202607-000754,462,2026-07-15 00:00:00+00:00,completed,204.63,10.23,14.58,208.98,2026-07-15 00:00:00+00:00,2026-09-24 15:51:32.431066+00:00
755,TXN-202609-000755,1000,2026-09-13 00:00:00+00:00,completed,58.90,0.00,4.42,63.32,2026-09-13 00:00:00+00:00,2026-09-24 15:51:32.431066+00:00
756,TXN-202605-000756,154,2026-05-16 00:00:00+00:00,completed,8213.97,0.00,616.05,8830.02,2026-05-16 00:00:00+00:00,2026-09-24 15:51:32.431066+00:00
757,TXN-202601-000757,416,2026-01-16 00:00:00+00:00,completed,884.96,0.00,66.37,951.33,2026-01-16 00:00:00+00:00,2026-09-24 15:51:32.431066+00:00
758,TXN-202609-000758,692,2026-09-11 00:00:00+00:00,completed,1061.99,0.00,79.65,1141.64,2026-09-11 00:00:00+00:00,2026-09-24 15:51:32.431066+00:00
759,TXN-202606-000759,317,2026-06-23 00:00:00+00:00,completed,617.91,0.00,46.34,664.25,2026-06-23 00:00:00+00:00,2026-09-24 15:51:32.431066+00:00
760,TXN-202512-000760,343,2025-12-16 00:00:00+00:00,completed,36.03,0.00,2.70,38.73,2025-12-16 00:00:00+00:00,2026-09-24 15:51:32.431066+00:00
761,TXN-202609-000761,358,2026-09-08 00:00:00+00:00,completed,1062.96,0.00,79.72,1142.68,2026-09-08 00:00:00+00:00,2026-09-24 15:51:32.431066+00:00
762,TXN-202605-000762,682,2026-05-18 00:00:00+00:00,completed,187.53,0.00,14.06,201.59,2026-05-18 00:00:00+00:00,2026-09-24 15:51:32.431066+00:00
763,TXN-202601-000763,356,2026-01-31 00:00:00+00:00,pending,777.49,0.00,58.31,835.80,2026-01-31 00:00:00+00:00,2026-09-24 15:51:32.431066+00:00
764,TXN-202603-000764,579,2026-03-08 00:00:00+00:00,completed,5924.18,296.21,422.10,6050.07,2026-03-08 00:00:00+00:00,2026-09-24 15:51:32.431066+00:00
765,TXN-202511-000765,478,2025-11-03 00:00:00+00:00,pending,271.83,0.00,20.39,292.22,2025-11-03 00:00:00+00:00,2026-09-24 15:51:32.431066+00:00
766,TXN-202512-000766,874,2025-12-22 00:00:00+00:00,completed,322.96,0.00,24.22,347.18,2025-12-22 00:00:00+00:00,2026-09-24 15:51:32.431066+00:00
767,TXN-202512-000767,306,2025-12-17 00:00:00+00:00,completed,9271.00,0.00,695.32,9966.32,2025-12-17 00:00:00+00:00,2026-09-24 15:51:32.431066+00:00
768,TXN-202606-000768,854,2026-06-02 00:00:00+00:00,completed,580.16,29.01,41.34,592.49,2026-06-02 00:00:00+00:00,2026-09-24 15:51:32.431066+00:00
769,TXN-202510-000769,857,2025-10-24 00:00:00+00:00,completed,6095.44,0.00,457.16,6552.60,2025-10-24 00:00:00+00:00,2026-09-24 15:51:32.431066+00:00
770,TXN-202607-000770,991,2026-07-09 00:00:00+00:00,completed,143.11,0.00,10.73,153.84,2026-07-09 00:00:00+00:00,2026-09-24 15:51:32.431066+00:00
771,TXN-202605-000771,532,2026-05-12 00:00:00+00:00,completed,1584.07,0.00,118.81,1702.88,2026-05-12 00:00:00+00:00,2026-09-24 15:51:32.431066+00:00
772,TXN-202511-000772,952,2025-11-19 00:00:00+00:00,completed,356.24,0.00,26.72,382.96,2025-11-19 00:00:00+00:00,2026-09-24 15:51:32.431066+00:00
773,TXN-202603-000773,885,2026-03-26 00:00:00+00:00,completed,265.17,0.00,19.89,285.06,2026-03-26 00:00:00+00:00,2026-09-24 15:51:32.431066+00:00
774,TXN-202609-000774,860,2026-09-23 00:00:00+00:00,completed,541.47,0.00,40.61,582.08,2026-09-23 00:00:00+00:00,2026-09-24 15:51:32.431066+00:00
775,TXN-202603-000775,227,2026-03-23 00:00:00+00:00,completed,816.70,0.00,61.25,877.95,2026-03-23 00:00:00+00:00,2026-09-24 15:51:32.431066+00:00
776,TXN-202608-000776,35,2026-08-31 00:00:00+00:00,completed,118.88,0.00,8.92,127.80,2026-08-31 00:00:00+00:00,2026-09-24 15:51:32.431066+00:00
777,TXN-202606-000777,732,2026-06-12 00:00:00+00:00,completed,268.96,0.00,20.17,289.13,2026-06-12 00:00:00+00:00,2026-09-24 15:51:32.431066+00:00
778,TXN-202603-000778,583,2026-03-25 00:00:00+00:00,completed,421.06,0.00,31.58,452.64,2026-03-25 00:00:00+00:00,2026-09-24 15:51:32.431066+00:00
779,TXN-202507-000779,293,2025-07-16 00:00:00+00:00,completed,1523.19,0.00,114.24,1637.43,2025-07-16 00:00:00+00:00,2026-09-24 15:51:32.431066+00:00
780,TXN-202609-000780,835,2026-09-18 00:00:00+00:00,completed,582.75,0.00,43.71,626.46,2026-09-18 00:00:00+00:00,2026-09-24 15:51:32.431066+00:00
781,TXN-202507-000781,157,2025-07-20 00:00:00+00:00,completed,242.55,0.00,18.19,260.74,2025-07-20 00:00:00+00:00,2026-09-24 15:51:32.431066+00:00
782,TXN-202604-000782,480,2026-04-28 00:00:00+00:00,completed,660.46,0.00,49.53,709.99,2026-04-28 00:00:00+00:00,2026-09-24 15:51:32.431066+00:00
783,TXN-202606-000783,625,2026-06-20 00:00:00+00:00,completed,165.92,0.00,12.44,178.36,2026-06-20 00:00:00+00:00,2026-09-24 15:51:32.431066+00:00
784,TXN-202609-000784,237,2026-09-06 00:00:00+00:00,completed,594.83,29.74,42.38,607.47,2026-09-06 00:00:00+00:00,2026-09-24 15:51:32.431066+00:00
785,TXN-202604-000785,470,2026-04-12 00:00:00+00:00,completed,35405.11,0.00,2655.38,38060.49,2026-04-12 00:00:00+00:00,2026-09-24 15:51:32.431066+00:00
786,TXN-202603-000786,329,2026-03-01 00:00:00+00:00,completed,885.40,0.00,66.41,951.81,2026-03-01 00:00:00+00:00,2026-09-24 15:51:32.431066+00:00
787,TXN-202606-000787,894,2026-06-02 00:00:00+00:00,completed,5133.48,0.00,385.01,5518.49,2026-06-02 00:00:00+00:00,2026-09-24 15:51:32.431066+00:00
788,TXN-202609-000788,547,2026-09-24 00:00:00+00:00,completed,56.36,0.00,4.23,60.59,2026-09-24 00:00:00+00:00,2026-09-24 15:51:32.431066+00:00
789,TXN-202602-000789,79,2026-02-03 00:00:00+00:00,completed,387.76,19.39,27.63,396.00,2026-02-03 00:00:00+00:00,2026-09-24 15:51:32.431066+00:00
790,TXN-202609-000790,705,2026-09-23 00:00:00+00:00,completed,249.49,0.00,18.71,268.20,2026-09-23 00:00:00+00:00,2026-09-24 15:51:32.431066+00:00
791,TXN-202511-000791,645,2025-11-29 00:00:00+00:00,completed,9897.04,0.00,742.28,10639.32,2025-11-29 00:00:00+00:00,2026-09-24 15:51:32.431066+00:00
792,TXN-202512-000792,180,2025-12-09 00:00:00+00:00,completed,592.02,0.00,44.40,636.42,2025-12-09 00:00:00+00:00,2026-09-24 15:51:32.431066+00:00
793,TXN-202509-000793,696,2025-09-22 00:00:00+00:00,completed,6013.62,0.00,451.02,6464.64,2025-09-22 00:00:00+00:00,2026-09-24 15:51:32.431066+00:00
794,TXN-202609-000794,512,2026-09-04 00:00:00+00:00,completed,370.98,0.00,27.82,398.80,2026-09-04 00:00:00+00:00,2026-09-24 15:51:32.431066+00:00
795,TXN-202607-000795,520,2026-07-26 00:00:00+00:00,completed,270.25,0.00,20.27,290.52,2026-07-26 00:00:00+00:00,2026-09-24 15:51:32.431066+00:00
796,TXN-202602-000796,164,2026-02-08 00:00:00+00:00,completed,628.83,0.00,47.16,675.99,2026-02-08 00:00:00+00:00,2026-09-24 15:51:32.431066+00:00
797,TXN-202606-000797,368,2026-06-26 00:00:00+00:00,completed,1867.27,0.00,140.05,2007.32,2026-06-26 00:00:00+00:00,2026-09-24 15:51:32.431066+00:00
798,TXN-202511-000798,74,2025-11-01 00:00:00+00:00,completed,9926.14,0.00,744.46,10670.60,2025-11-01 00:00:00+00:00,2026-09-24 15:51:32.431066+00:00
799,TXN-202512-000799,419,2025-12-13 00:00:00+00:00,completed,14805.13,740.26,1054.87,15119.74,2025-12-13 00:00:00+00:00,2026-09-24 15:51:32.431066+00:00
800,TXN-202510-000800,348,2025-10-02 00:00:00+00:00,completed,494.40,0.00,37.08,531.48,2025-10-02 00:00:00+00:00,2026-09-24 15:51:32.431066+00:00
801,TXN-202512-000801,872,2025-12-04 00:00:00+00:00,completed,9.18,0.00,0.69,9.87,2025-12-04 00:00:00+00:00,2026-09-24 15:51:32.431066+00:00
802,TXN-202512-000802,849,2025-12-02 00:00:00+00:00,completed,1725.87,0.00,129.44,1855.31,2025-12-02 00:00:00+00:00,2026-09-24 15:51:32.431066+00:00
803,TXN-202606-000803,544,2026-06-14 00:00:00+00:00,completed,66767.21,0.00,5007.54,71774.75,2026-06-14 00:00:00+00:00,2026-09-24 15:51:32.431066+00:00
804,TXN-202511-000804,675,2025-11-29 00:00:00+00:00,completed,780.08,0.00,58.51,838.59,2025-11-29 00:00:00+00:00,2026-09-24 15:51:32.431066+00:00
805,TXN-202602-000805,18,2026-02-26 00:00:00+00:00,completed,429.87,0.00,32.24,462.11,2026-02-26 00:00:00+00:00,2026-09-24 15:51:32.431066+00:00
806,TXN-202605-000806,158,2026-05-01 00:00:00+00:00,completed,26672.67,1333.63,1900.43,27239.47,2026-05-01 00:00:00+00:00,2026-09-24 15:51:32.431066+00:00
807,TXN-202512-000807,766,2025-12-01 00:00:00+00:00,completed,32077.32,0.00,2405.80,34483.12,2025-12-01 00:00:00+00:00,2026-09-24 15:51:32.431066+00:00
808,TXN-202601-000808,631,2026-01-21 00:00:00+00:00,completed,2424.40,0.00,181.83,2606.23,2026-01-21 00:00:00+00:00,2026-09-24 15:51:32.431066+00:00
809,TXN-202509-000809,904,2025-09-03 00:00:00+00:00,completed,251.12,0.00,18.83,269.95,2025-09-03 00:00:00+00:00,2026-09-24 15:51:32.431066+00:00
810,TXN-202601-000810,254,2026-01-01 00:00:00+00:00,completed,6593.94,0.00,494.55,7088.49,2026-01-01 00:00:00+00:00,2026-09-24 15:51:32.431066+00:00
811,TXN-202511-000811,230,2025-11-24 00:00:00+00:00,completed,2544.55,0.00,190.84,2735.39,2025-11-24 00:00:00+00:00,2026-09-24 15:51:32.431066+00:00
812,TXN-202608-000812,645,2026-08-11 00:00:00+00:00,refunded,11187.44,0.00,839.06,12026.50,2026-08-11 00:00:00+00:00,2026-09-24 15:51:32.431066+00:00
813,TXN-202605-000813,120,2026-05-09 00:00:00+00:00,completed,16164.35,0.00,1212.33,17376.68,2026-05-09 00:00:00+00:00,2026-09-24 15:51:32.431066+00:00
814,TXN-202604-000814,713,2026-04-30 00:00:00+00:00,completed,3989.55,0.00,299.22,4288.77,2026-04-30 00:00:00+00:00,2026-09-24 15:51:32.431066+00:00
815,TXN-202511-000815,580,2025-11-23 00:00:00+00:00,completed,15516.03,0.00,1163.70,16679.73,2025-11-23 00:00:00+00:00,2026-09-24 15:51:32.431066+00:00
816,TXN-202606-000816,883,2026-06-28 00:00:00+00:00,completed,246.19,12.31,17.54,251.42,2026-06-28 00:00:00+00:00,2026-09-24 15:51:32.431066+00:00
817,TXN-202603-000817,634,2026-03-10 00:00:00+00:00,completed,58334.79,0.00,4375.11,62709.90,2026-03-10 00:00:00+00:00,2026-09-24 15:51:32.431066+00:00
818,TXN-202601-000818,547,2026-01-22 00:00:00+00:00,completed,201.61,0.00,15.12,216.73,2026-01-22 00:00:00+00:00,2026-09-24 15:51:32.431066+00:00
819,TXN-202606-000819,856,2026-06-25 00:00:00+00:00,completed,962.08,0.00,72.16,1034.24,2026-06-25 00:00:00+00:00,2026-09-24 15:51:32.431066+00:00
820,TXN-202604-000820,63,2026-04-09 00:00:00+00:00,completed,564.86,0.00,42.36,607.22,2026-04-09 00:00:00+00:00,2026-09-24 15:51:32.431066+00:00
821,TXN-202609-000821,835,2026-09-13 00:00:00+00:00,completed,300.47,0.00,22.54,323.01,2026-09-13 00:00:00+00:00,2026-09-24 15:51:32.431066+00:00
822,TXN-202607-000822,153,2026-07-16 00:00:00+00:00,completed,205.68,0.00,15.43,221.11,2026-07-16 00:00:00+00:00,2026-09-24 15:51:32.431066+00:00
823,TXN-202510-000823,413,2025-10-02 00:00:00+00:00,cancelled,18661.87,0.00,1399.64,20061.51,2025-10-02 00:00:00+00:00,2026-09-24 15:51:32.431066+00:00
824,TXN-202603-000824,443,2026-03-31 00:00:00+00:00,completed,911.86,0.00,68.39,980.25,2026-03-31 00:00:00+00:00,2026-09-24 15:51:32.431066+00:00
825,TXN-202512-000825,32,2025-12-14 00:00:00+00:00,completed,442.17,0.00,33.16,475.33,2025-12-14 00:00:00+00:00,2026-09-24 15:51:32.431066+00:00
826,TXN-202605-000826,352,2026-05-05 00:00:00+00:00,completed,25953.95,0.00,1946.55,27900.50,2026-05-05 00:00:00+00:00,2026-09-24 15:51:32.431066+00:00
827,TXN-202604-000827,676,2026-04-14 00:00:00+00:00,completed,803.20,0.00,60.24,863.44,2026-04-14 00:00:00+00:00,2026-09-24 15:51:32.431066+00:00
828,TXN-202603-000828,805,2026-03-24 00:00:00+00:00,completed,5095.85,0.00,382.19,5478.04,2026-03-24 00:00:00+00:00,2026-09-24 15:51:32.431066+00:00
829,TXN-202607-000829,84,2026-07-13 00:00:00+00:00,completed,24134.04,0.00,1810.05,25944.09,2026-07-13 00:00:00+00:00,2026-09-24 15:51:32.431066+00:00
830,TXN-202607-000830,658,2026-07-30 00:00:00+00:00,completed,101.42,0.00,7.61,109.03,2026-07-30 00:00:00+00:00,2026-09-24 15:51:32.431066+00:00
831,TXN-202601-000831,698,2026-01-19 00:00:00+00:00,completed,257.20,0.00,19.29,276.49,2026-01-19 00:00:00+00:00,2026-09-24 15:51:32.431066+00:00
832,TXN-202512-000832,873,2025-12-22 00:00:00+00:00,completed,7620.89,0.00,571.57,8192.46,2025-12-22 00:00:00+00:00,2026-09-24 15:51:32.431066+00:00
833,TXN-202511-000833,303,2025-11-10 00:00:00+00:00,completed,322.73,0.00,24.20,346.93,2025-11-10 00:00:00+00:00,2026-09-24 15:51:32.431066+00:00
834,TXN-202604-000834,618,2026-04-29 00:00:00+00:00,completed,125.64,0.00,9.42,135.06,2026-04-29 00:00:00+00:00,2026-09-24 15:51:32.431066+00:00
835,TXN-202606-000835,432,2026-06-25 00:00:00+00:00,completed,3006.54,0.00,225.49,3232.03,2026-06-25 00:00:00+00:00,2026-09-24 15:51:32.431066+00:00
836,TXN-202603-000836,814,2026-03-09 00:00:00+00:00,completed,407.55,0.00,30.57,438.12,2026-03-09 00:00:00+00:00,2026-09-24 15:51:32.431066+00:00
837,TXN-202608-000837,126,2026-08-06 00:00:00+00:00,completed,682.76,0.00,51.21,733.97,2026-08-06 00:00:00+00:00,2026-09-24 15:51:32.431066+00:00
838,TXN-202606-000838,703,2026-06-19 00:00:00+00:00,completed,889.40,0.00,66.70,956.10,2026-06-19 00:00:00+00:00,2026-09-24 15:51:32.431066+00:00
839,TXN-202603-000839,408,2026-03-31 00:00:00+00:00,completed,439.47,0.00,32.96,472.43,2026-03-31 00:00:00+00:00,2026-09-24 15:51:32.431066+00:00
840,TXN-202605-000840,54,2026-05-31 00:00:00+00:00,completed,390.59,0.00,29.29,419.88,2026-05-31 00:00:00+00:00,2026-09-24 15:51:32.431066+00:00
841,TXN-202607-000841,609,2026-07-23 00:00:00+00:00,completed,11932.45,0.00,894.93,12827.38,2026-07-23 00:00:00+00:00,2026-09-24 15:51:32.431066+00:00
842,TXN-202606-000842,357,2026-06-15 00:00:00+00:00,completed,1384.17,0.00,103.81,1487.98,2026-06-15 00:00:00+00:00,2026-09-24 15:51:32.431066+00:00
843,TXN-202511-000843,554,2025-11-02 00:00:00+00:00,completed,703.32,0.00,52.75,756.07,2025-11-02 00:00:00+00:00,2026-09-24 15:51:32.431066+00:00
844,TXN-202604-000844,164,2026-04-04 00:00:00+00:00,completed,9.66,0.00,0.72,10.38,2026-04-04 00:00:00+00:00,2026-09-24 15:51:32.431066+00:00
845,TXN-202605-000845,445,2026-05-08 00:00:00+00:00,completed,10026.09,0.00,751.96,10778.05,2026-05-08 00:00:00+00:00,2026-09-24 15:51:32.431066+00:00
846,TXN-202603-000846,380,2026-03-05 00:00:00+00:00,completed,319.77,0.00,23.98,343.75,2026-03-05 00:00:00+00:00,2026-09-24 15:51:32.431066+00:00
847,TXN-202607-000847,763,2026-07-24 00:00:00+00:00,completed,2627.07,0.00,197.03,2824.10,2026-07-24 00:00:00+00:00,2026-09-24 15:51:32.431066+00:00
848,TXN-202512-000848,405,2025-12-20 00:00:00+00:00,completed,481.04,0.00,36.08,517.12,2025-12-20 00:00:00+00:00,2026-09-24 15:51:32.431066+00:00
849,TXN-202512-000849,874,2025-12-19 00:00:00+00:00,completed,1253.94,0.00,94.05,1347.99,2025-12-19 00:00:00+00:00,2026-09-24 15:51:32.431066+00:00
850,TXN-202508-000850,877,2025-08-14 00:00:00+00:00,completed,24632.88,0.00,1847.47,26480.35,2025-08-14 00:00:00+00:00,2026-09-24 15:51:32.431066+00:00
851,TXN-202604-000851,937,2026-04-10 00:00:00+00:00,completed,7334.42,366.72,522.58,7490.28,2026-04-10 00:00:00+00:00,2026-09-24 15:51:32.431066+00:00
852,TXN-202607-000852,330,2026-07-18 00:00:00+00:00,completed,544.76,0.00,40.86,585.62,2026-07-18 00:00:00+00:00,2026-09-24 15:51:32.431066+00:00
853,TXN-202602-000853,366,2026-02-19 00:00:00+00:00,completed,323.96,0.00,24.30,348.26,2026-02-19 00:00:00+00:00,2026-09-24 15:51:32.431066+00:00
854,TXN-202511-000854,29,2025-11-25 00:00:00+00:00,completed,251.50,0.00,18.86,270.36,2025-11-25 00:00:00+00:00,2026-09-24 15:51:32.431066+00:00
855,TXN-202608-000855,387,2026-08-13 00:00:00+00:00,completed,99.67,4.98,7.10,101.79,2026-08-13 00:00:00+00:00,2026-09-24 15:51:32.431066+00:00
856,TXN-202603-000856,714,2026-03-08 00:00:00+00:00,completed,238.86,0.00,17.91,256.77,2026-03-08 00:00:00+00:00,2026-09-24 15:51:32.431066+00:00
857,TXN-202509-000857,139,2025-09-02 00:00:00+00:00,completed,81.68,0.00,6.13,87.81,2025-09-02 00:00:00+00:00,2026-09-24 15:51:32.431066+00:00
858,TXN-202603-000858,465,2026-03-10 00:00:00+00:00,completed,1237.09,0.00,92.78,1329.87,2026-03-10 00:00:00+00:00,2026-09-24 15:51:32.431066+00:00
859,TXN-202603-000859,775,2026-03-31 00:00:00+00:00,completed,4322.32,0.00,324.17,4646.49,2026-03-31 00:00:00+00:00,2026-09-24 15:51:32.431066+00:00
860,TXN-202607-000860,984,2026-07-13 00:00:00+00:00,completed,368.95,0.00,27.67,396.62,2026-07-13 00:00:00+00:00,2026-09-24 15:51:32.431066+00:00
861,TXN-202609-000861,658,2026-09-11 00:00:00+00:00,completed,169.88,0.00,12.74,182.62,2026-09-11 00:00:00+00:00,2026-09-24 15:51:32.431066+00:00
862,TXN-202607-000862,516,2026-07-31 00:00:00+00:00,completed,288.68,0.00,21.65,310.33,2026-07-31 00:00:00+00:00,2026-09-24 15:51:32.431066+00:00
863,TXN-202609-000863,985,2026-09-20 00:00:00+00:00,completed,402.72,0.00,30.20,432.92,2026-09-20 00:00:00+00:00,2026-09-24 15:51:32.431066+00:00
864,TXN-202609-000864,97,2026-09-03 00:00:00+00:00,completed,715.88,0.00,53.69,769.57,2026-09-03 00:00:00+00:00,2026-09-24 15:51:32.431066+00:00
865,TXN-202608-000865,131,2026-08-13 00:00:00+00:00,completed,25927.74,0.00,1944.58,27872.32,2026-08-13 00:00:00+00:00,2026-09-24 15:51:32.431066+00:00
866,TXN-202602-000866,58,2026-02-26 00:00:00+00:00,completed,147.94,0.00,11.10,159.04,2026-02-26 00:00:00+00:00,2026-09-24 15:51:32.431066+00:00
867,TXN-202604-000867,61,2026-04-01 00:00:00+00:00,completed,19984.66,999.23,1423.91,20409.34,2026-04-01 00:00:00+00:00,2026-09-24 15:51:32.431066+00:00
868,TXN-202608-000868,306,2026-08-31 00:00:00+00:00,completed,5301.98,0.00,397.65,5699.63,2026-08-31 00:00:00+00:00,2026-09-24 15:51:32.431066+00:00
869,TXN-202607-000869,198,2026-07-02 00:00:00+00:00,completed,482.47,0.00,36.19,518.66,2026-07-02 00:00:00+00:00,2026-09-24 15:51:32.431066+00:00
870,TXN-202512-000870,669,2025-12-16 00:00:00+00:00,completed,5993.00,0.00,449.47,6442.47,2025-12-16 00:00:00+00:00,2026-09-24 15:51:32.431066+00:00
871,TXN-202603-000871,370,2026-03-14 00:00:00+00:00,completed,322.90,0.00,24.22,347.12,2026-03-14 00:00:00+00:00,2026-09-24 15:51:32.431066+00:00
872,TXN-202602-000872,979,2026-02-04 00:00:00+00:00,completed,327.36,0.00,24.55,351.91,2026-02-04 00:00:00+00:00,2026-09-24 15:51:32.431066+00:00
873,TXN-202607-000873,210,2026-07-14 00:00:00+00:00,completed,381.13,0.00,28.58,409.71,2026-07-14 00:00:00+00:00,2026-09-24 15:51:32.431066+00:00
874,TXN-202603-000874,793,2026-03-05 00:00:00+00:00,completed,47291.03,0.00,3546.83,50837.86,2026-03-05 00:00:00+00:00,2026-09-24 15:51:32.431066+00:00
875,TXN-202609-000875,681,2026-09-01 00:00:00+00:00,completed,2701.88,0.00,202.64,2904.52,2026-09-01 00:00:00+00:00,2026-09-24 15:51:32.431066+00:00
876,TXN-202602-000876,641,2026-02-04 00:00:00+00:00,completed,145.60,0.00,10.92,156.52,2026-02-04 00:00:00+00:00,2026-09-24 15:51:32.431066+00:00
877,TXN-202608-000877,308,2026-08-17 00:00:00+00:00,completed,429.42,21.47,30.60,438.55,2026-08-17 00:00:00+00:00,2026-09-24 15:51:32.431066+00:00
878,TXN-202608-000878,589,2026-08-07 00:00:00+00:00,completed,15289.60,0.00,1146.72,16436.32,2026-08-07 00:00:00+00:00,2026-09-24 15:51:32.431066+00:00
879,TXN-202603-000879,811,2026-03-10 00:00:00+00:00,pending,19641.90,0.00,1473.14,21115.04,2026-03-10 00:00:00+00:00,2026-09-24 15:51:32.431066+00:00
880,TXN-202608-000880,113,2026-08-15 00:00:00+00:00,completed,327.79,16.39,23.35,334.75,2026-08-15 00:00:00+00:00,2026-09-24 15:51:32.431066+00:00
881,TXN-202609-000881,744,2026-09-03 00:00:00+00:00,completed,1131.85,0.00,84.89,1216.74,2026-09-03 00:00:00+00:00,2026-09-24 15:51:32.431066+00:00
882,TXN-202606-000882,276,2026-06-17 00:00:00+00:00,cancelled,502.71,0.00,37.70,540.41,2026-06-17 00:00:00+00:00,2026-09-24 15:51:32.431066+00:00
883,TXN-202512-000883,205,2025-12-05 00:00:00+00:00,completed,1320.10,0.00,99.01,1419.11,2025-12-05 00:00:00+00:00,2026-09-24 15:51:32.431066+00:00
884,TXN-202606-000884,813,2026-06-27 00:00:00+00:00,refunded,11235.00,561.75,800.49,11473.74,2026-06-27 00:00:00+00:00,2026-09-24 15:51:32.431066+00:00
885,TXN-202508-000885,871,2025-08-14 00:00:00+00:00,completed,1295.98,0.00,97.20,1393.18,2025-08-14 00:00:00+00:00,2026-09-24 15:51:32.431066+00:00
886,TXN-202607-000886,745,2026-07-27 00:00:00+00:00,cancelled,287.55,0.00,21.57,309.12,2026-07-27 00:00:00+00:00,2026-09-24 15:51:32.431066+00:00
887,TXN-202606-000887,398,2026-06-12 00:00:00+00:00,completed,1027.72,0.00,77.08,1104.80,2026-06-12 00:00:00+00:00,2026-09-24 15:51:32.431066+00:00
888,TXN-202608-000888,122,2026-08-31 00:00:00+00:00,completed,240.52,0.00,18.04,258.56,2026-08-31 00:00:00+00:00,2026-09-24 15:51:32.431066+00:00
889,TXN-202609-000889,95,2026-09-01 00:00:00+00:00,completed,25776.71,0.00,1933.25,27709.96,2026-09-01 00:00:00+00:00,2026-09-24 15:51:32.431066+00:00
890,TXN-202603-000890,385,2026-03-21 00:00:00+00:00,completed,4459.33,222.97,317.73,4554.09,2026-03-21 00:00:00+00:00,2026-09-24 15:51:32.431066+00:00
891,TXN-202609-000891,903,2026-09-11 00:00:00+00:00,completed,1747.89,87.39,124.54,1785.04,2026-09-11 00:00:00+00:00,2026-09-24 15:51:32.431066+00:00
892,TXN-202511-000892,909,2025-11-22 00:00:00+00:00,completed,466.07,0.00,34.96,501.03,2025-11-22 00:00:00+00:00,2026-09-24 15:51:32.431066+00:00
893,TXN-202603-000893,353,2026-03-27 00:00:00+00:00,completed,161.09,0.00,12.08,173.17,2026-03-27 00:00:00+00:00,2026-09-24 15:51:32.431066+00:00
894,TXN-202509-000894,429,2025-09-07 00:00:00+00:00,completed,1108.74,55.44,79.00,1132.30,2025-09-07 00:00:00+00:00,2026-09-24 15:51:32.431066+00:00
895,TXN-202605-000895,225,2026-05-17 00:00:00+00:00,completed,922.46,0.00,69.18,991.64,2026-05-17 00:00:00+00:00,2026-09-24 15:51:32.431066+00:00
896,TXN-202604-000896,926,2026-04-19 00:00:00+00:00,completed,709.60,0.00,53.22,762.82,2026-04-19 00:00:00+00:00,2026-09-24 15:51:32.431066+00:00
897,TXN-202601-000897,770,2026-01-28 00:00:00+00:00,completed,616.30,0.00,46.22,662.52,2026-01-28 00:00:00+00:00,2026-09-24 15:51:32.431066+00:00
898,TXN-202607-000898,225,2026-07-18 00:00:00+00:00,completed,174.44,0.00,13.08,187.52,2026-07-18 00:00:00+00:00,2026-09-24 15:51:32.431066+00:00
899,TXN-202511-000899,641,2025-11-20 00:00:00+00:00,completed,235.54,0.00,17.67,253.21,2025-11-20 00:00:00+00:00,2026-09-24 15:51:32.431066+00:00
900,TXN-202512-000900,174,2025-12-30 00:00:00+00:00,completed,151.72,0.00,11.38,163.10,2025-12-30 00:00:00+00:00,2026-09-24 15:51:32.431066+00:00
901,TXN-202509-000901,464,2025-09-07 00:00:00+00:00,completed,683.85,0.00,51.29,735.14,2025-09-07 00:00:00+00:00,2026-09-24 15:51:32.431066+00:00
902,TXN-202512-000902,877,2025-12-09 00:00:00+00:00,completed,29343.89,0.00,2200.79,31544.68,2025-12-09 00:00:00+00:00,2026-09-24 15:51:32.431066+00:00
903,TXN-202608-000903,279,2026-08-03 00:00:00+00:00,completed,5729.27,0.00,429.70,6158.97,2026-08-03 00:00:00+00:00,2026-09-24 15:51:32.431066+00:00
904,TXN-202604-000904,259,2026-04-16 00:00:00+00:00,completed,302.22,0.00,22.67,324.89,2026-04-16 00:00:00+00:00,2026-09-24 15:51:32.431066+00:00
905,TXN-202607-000905,127,2026-07-29 00:00:00+00:00,completed,946.55,0.00,70.99,1017.54,2026-07-29 00:00:00+00:00,2026-09-24 15:51:32.431066+00:00
906,TXN-202511-000906,295,2025-11-13 00:00:00+00:00,completed,1111.68,0.00,83.38,1195.06,2025-11-13 00:00:00+00:00,2026-09-24 15:51:32.431066+00:00
907,TXN-202608-000907,356,2026-08-27 00:00:00+00:00,completed,313.78,0.00,23.53,337.31,2026-08-27 00:00:00+00:00,2026-09-24 15:51:32.431066+00:00
908,TXN-202603-000908,85,2026-03-23 00:00:00+00:00,completed,9413.11,0.00,705.98,10119.09,2026-03-23 00:00:00+00:00,2026-09-24 15:51:32.431066+00:00
909,TXN-202607-000909,658,2026-07-01 00:00:00+00:00,completed,481.04,0.00,36.08,517.12,2026-07-01 00:00:00+00:00,2026-09-24 15:51:32.431066+00:00
910,TXN-202605-000910,848,2026-05-15 00:00:00+00:00,completed,1104.74,0.00,82.86,1187.60,2026-05-15 00:00:00+00:00,2026-09-24 15:51:32.431066+00:00
911,TXN-202609-000911,509,2026-09-21 00:00:00+00:00,completed,1902.02,0.00,142.65,2044.67,2026-09-21 00:00:00+00:00,2026-09-24 15:51:32.431066+00:00
912,TXN-202608-000912,53,2026-08-27 00:00:00+00:00,completed,899.52,0.00,67.46,966.98,2026-08-27 00:00:00+00:00,2026-09-24 15:51:32.431066+00:00
913,TXN-202608-000913,982,2026-08-08 00:00:00+00:00,completed,4123.92,0.00,309.29,4433.21,2026-08-08 00:00:00+00:00,2026-09-24 15:51:32.431066+00:00
914,TXN-202603-000914,763,2026-03-17 00:00:00+00:00,completed,6469.90,0.00,485.24,6955.14,2026-03-17 00:00:00+00:00,2026-09-24 15:51:32.431066+00:00
915,TXN-202511-000915,855,2025-11-07 00:00:00+00:00,completed,89.16,0.00,6.69,95.85,2025-11-07 00:00:00+00:00,2026-09-24 15:51:32.431066+00:00
916,TXN-202607-000916,124,2026-07-12 00:00:00+00:00,completed,44532.38,0.00,3339.93,47872.31,2026-07-12 00:00:00+00:00,2026-09-24 15:51:32.431066+00:00
917,TXN-202604-000917,889,2026-04-28 00:00:00+00:00,completed,93.42,0.00,7.01,100.43,2026-04-28 00:00:00+00:00,2026-09-24 15:51:32.431066+00:00
918,TXN-202609-000918,401,2026-09-17 00:00:00+00:00,completed,300.19,0.00,22.51,322.70,2026-09-17 00:00:00+00:00,2026-09-24 15:51:32.431066+00:00
919,TXN-202603-000919,399,2026-03-09 00:00:00+00:00,completed,2185.46,0.00,163.91,2349.37,2026-03-09 00:00:00+00:00,2026-09-24 15:51:32.431066+00:00
920,TXN-202512-000920,844,2025-12-12 00:00:00+00:00,pending,481.04,0.00,36.08,517.12,2025-12-12 00:00:00+00:00,2026-09-24 15:51:32.431066+00:00
921,TXN-202606-000921,978,2026-06-18 00:00:00+00:00,completed,23.20,0.00,1.74,24.94,2026-06-18 00:00:00+00:00,2026-09-24 15:51:32.431066+00:00
922,TXN-202606-000922,876,2026-06-26 00:00:00+00:00,completed,1215.26,0.00,91.14,1306.40,2026-06-26 00:00:00+00:00,2026-09-24 15:51:32.431066+00:00
923,TXN-202605-000923,151,2026-05-01 00:00:00+00:00,completed,14258.64,0.00,1069.40,15328.04,2026-05-01 00:00:00+00:00,2026-09-24 15:51:32.431066+00:00
924,TXN-202601-000924,96,2026-01-18 00:00:00+00:00,completed,402.72,0.00,30.20,432.92,2026-01-18 00:00:00+00:00,2026-09-24 15:51:32.431066+00:00
925,TXN-202606-000925,160,2026-06-09 00:00:00+00:00,completed,6561.65,0.00,492.12,7053.77,2026-06-09 00:00:00+00:00,2026-09-24 15:51:32.431066+00:00
926,TXN-202602-000926,101,2026-02-07 00:00:00+00:00,completed,1350.39,0.00,101.28,1451.67,2026-02-07 00:00:00+00:00,2026-09-24 15:51:32.431066+00:00
927,TXN-202608-000927,655,2026-08-29 00:00:00+00:00,completed,2812.18,0.00,210.91,3023.09,2026-08-29 00:00:00+00:00,2026-09-24 15:51:32.431066+00:00
928,TXN-202605-000928,38,2026-05-01 00:00:00+00:00,completed,274.25,0.00,20.57,294.82,2026-05-01 00:00:00+00:00,2026-09-24 15:51:32.431066+00:00
929,TXN-202608-000929,270,2026-08-20 00:00:00+00:00,completed,1060.72,0.00,79.55,1140.27,2026-08-20 00:00:00+00:00,2026-09-24 15:51:32.431066+00:00
930,TXN-202607-000930,795,2026-07-23 00:00:00+00:00,completed,91.88,0.00,6.89,98.77,2026-07-23 00:00:00+00:00,2026-09-24 15:51:32.431066+00:00
931,TXN-202609-000931,404,2026-09-18 00:00:00+00:00,completed,216.51,0.00,16.24,232.75,2026-09-18 00:00:00+00:00,2026-09-24 15:51:32.431066+00:00
932,TXN-202602-000932,439,2026-02-23 00:00:00+00:00,completed,944.02,0.00,70.80,1014.82,2026-02-23 00:00:00+00:00,2026-09-24 15:51:32.431066+00:00
933,TXN-202606-000933,367,2026-06-20 00:00:00+00:00,completed,1452.39,0.00,108.93,1561.32,2026-06-20 00:00:00+00:00,2026-09-24 15:51:32.431066+00:00
934,TXN-202605-000934,59,2026-05-09 00:00:00+00:00,completed,2106.08,0.00,157.96,2264.04,2026-05-09 00:00:00+00:00,2026-09-24 15:51:32.431066+00:00
935,TXN-202608-000935,611,2026-08-19 00:00:00+00:00,completed,550.81,0.00,41.31,592.12,2026-08-19 00:00:00+00:00,2026-09-24 15:51:32.431066+00:00
936,TXN-202608-000936,513,2026-08-03 00:00:00+00:00,completed,23358.61,0.00,1751.90,25110.51,2026-08-03 00:00:00+00:00,2026-09-24 15:51:32.431066+00:00
937,TXN-202609-000937,77,2026-09-10 00:00:00+00:00,completed,853.41,0.00,64.01,917.42,2026-09-10 00:00:00+00:00,2026-09-24 15:51:32.431066+00:00
938,TXN-202606-000938,302,2026-06-01 00:00:00+00:00,completed,931.49,0.00,69.86,1001.35,2026-06-01 00:00:00+00:00,2026-09-24 15:51:32.431066+00:00
939,TXN-202608-000939,436,2026-08-16 00:00:00+00:00,pending,1520.81,0.00,114.06,1634.87,2026-08-16 00:00:00+00:00,2026-09-24 15:51:32.431066+00:00
940,TXN-202602-000940,273,2026-02-18 00:00:00+00:00,completed,62.75,0.00,4.71,67.46,2026-02-18 00:00:00+00:00,2026-09-24 15:51:32.431066+00:00
941,TXN-202510-000941,778,2025-10-06 00:00:00+00:00,completed,4268.44,0.00,320.13,4588.57,2025-10-06 00:00:00+00:00,2026-09-24 15:51:32.431066+00:00
942,TXN-202607-000942,424,2026-07-20 00:00:00+00:00,completed,411.14,0.00,30.84,441.98,2026-07-20 00:00:00+00:00,2026-09-24 15:51:32.431066+00:00
943,TXN-202511-000943,444,2025-11-07 00:00:00+00:00,completed,8245.52,0.00,618.41,8863.93,2025-11-07 00:00:00+00:00,2026-09-24 15:51:32.431066+00:00
944,TXN-202601-000944,620,2026-01-04 00:00:00+00:00,completed,1137.29,0.00,85.30,1222.59,2026-01-04 00:00:00+00:00,2026-09-24 15:51:32.431066+00:00
945,TXN-202608-000945,306,2026-08-20 00:00:00+00:00,pending,10459.43,0.00,784.46,11243.89,2026-08-20 00:00:00+00:00,2026-09-24 15:51:32.431066+00:00
946,TXN-202605-000946,603,2026-05-22 00:00:00+00:00,completed,738.63,0.00,55.40,794.03,2026-05-22 00:00:00+00:00,2026-09-24 15:51:32.431066+00:00
947,TXN-202607-000947,373,2026-07-15 00:00:00+00:00,completed,66.05,0.00,4.95,71.00,2026-07-15 00:00:00+00:00,2026-09-24 15:51:32.431066+00:00
948,TXN-202608-000948,176,2026-08-21 00:00:00+00:00,completed,2412.48,0.00,180.94,2593.42,2026-08-21 00:00:00+00:00,2026-09-24 15:51:32.431066+00:00
949,TXN-202602-000949,936,2026-02-03 00:00:00+00:00,completed,357.94,0.00,26.85,384.79,2026-02-03 00:00:00+00:00,2026-09-24 15:51:32.431066+00:00
950,TXN-202508-000950,981,2025-08-02 00:00:00+00:00,completed,8127.94,0.00,609.60,8737.54,2025-08-02 00:00:00+00:00,2026-09-24 15:51:32.431066+00:00
951,TXN-202602-000951,920,2026-02-03 00:00:00+00:00,completed,126.80,0.00,9.51,136.31,2026-02-03 00:00:00+00:00,2026-09-24 15:51:32.431066+00:00
952,TXN-202607-000952,252,2026-07-12 00:00:00+00:00,completed,10747.04,0.00,806.03,11553.07,2026-07-12 00:00:00+00:00,2026-09-24 15:51:32.431066+00:00
953,TXN-202512-000953,799,2025-12-05 00:00:00+00:00,completed,208.65,0.00,15.65,224.30,2025-12-05 00:00:00+00:00,2026-09-24 15:51:32.431066+00:00
954,TXN-202606-000954,509,2026-06-24 00:00:00+00:00,completed,1751.63,0.00,131.37,1883.00,2026-06-24 00:00:00+00:00,2026-09-24 15:51:32.431066+00:00
955,TXN-202608-000955,638,2026-08-16 00:00:00+00:00,completed,45.84,0.00,3.44,49.28,2026-08-16 00:00:00+00:00,2026-09-24 15:51:32.431066+00:00
956,TXN-202604-000956,740,2026-04-14 00:00:00+00:00,completed,554.85,0.00,41.61,596.46,2026-04-14 00:00:00+00:00,2026-09-24 15:51:32.431066+00:00
957,TXN-202608-000957,146,2026-08-10 00:00:00+00:00,completed,55.27,0.00,4.15,59.42,2026-08-10 00:00:00+00:00,2026-09-24 15:51:32.431066+00:00
958,TXN-202606-000958,925,2026-06-05 00:00:00+00:00,completed,72.17,3.61,5.14,73.70,2026-06-05 00:00:00+00:00,2026-09-24 15:51:32.431066+00:00
959,TXN-202605-000959,881,2026-05-02 00:00:00+00:00,completed,4095.66,0.00,307.17,4402.83,2026-05-02 00:00:00+00:00,2026-09-24 15:51:32.431066+00:00
960,TXN-202606-000960,453,2026-06-25 00:00:00+00:00,completed,116.64,0.00,8.75,125.39,2026-06-25 00:00:00+00:00,2026-09-24 15:51:32.431066+00:00
961,TXN-202512-000961,559,2025-12-19 00:00:00+00:00,completed,24047.57,0.00,1803.57,25851.14,2025-12-19 00:00:00+00:00,2026-09-24 15:51:32.431066+00:00
962,TXN-202508-000962,776,2025-08-21 00:00:00+00:00,completed,692.93,0.00,51.97,744.90,2025-08-21 00:00:00+00:00,2026-09-24 15:51:32.431066+00:00
963,TXN-202608-000963,984,2026-08-03 00:00:00+00:00,completed,1079.39,0.00,80.95,1160.34,2026-08-03 00:00:00+00:00,2026-09-24 15:51:32.431066+00:00
964,TXN-202508-000964,808,2025-08-23 00:00:00+00:00,completed,30190.21,0.00,2264.27,32454.48,2025-08-23 00:00:00+00:00,2026-09-24 15:51:32.431066+00:00
965,TXN-202604-000965,651,2026-04-27 00:00:00+00:00,completed,2199.72,0.00,164.98,2364.70,2026-04-27 00:00:00+00:00,2026-09-24 15:51:32.431066+00:00
966,TXN-202511-000966,167,2025-11-24 00:00:00+00:00,completed,69.53,0.00,5.21,74.74,2025-11-24 00:00:00+00:00,2026-09-24 15:51:32.431066+00:00
967,TXN-202603-000967,671,2026-03-17 00:00:00+00:00,completed,462.54,0.00,34.69,497.23,2026-03-17 00:00:00+00:00,2026-09-24 15:51:32.431066+00:00
968,TXN-202608-000968,489,2026-08-11 00:00:00+00:00,completed,353.70,0.00,26.53,380.23,2026-08-11 00:00:00+00:00,2026-09-24 15:51:32.431066+00:00
969,TXN-202609-000969,89,2026-09-12 00:00:00+00:00,completed,37.40,0.00,2.80,40.20,2026-09-12 00:00:00+00:00,2026-09-24 15:51:32.431066+00:00
970,TXN-202607-000970,498,2026-07-22 00:00:00+00:00,completed,164.49,0.00,12.34,176.83,2026-07-22 00:00:00+00:00,2026-09-24 15:51:32.431066+00:00
971,TXN-202604-000971,133,2026-04-21 00:00:00+00:00,completed,1088.14,0.00,81.61,1169.75,2026-04-21 00:00:00+00:00,2026-09-24 15:51:32.431066+00:00
972,TXN-202608-000972,456,2026-08-18 00:00:00+00:00,completed,293.89,14.69,20.94,300.14,2026-08-18 00:00:00+00:00,2026-09-24 15:51:32.431066+00:00
973,TXN-202512-000973,633,2025-12-14 00:00:00+00:00,completed,401.60,0.00,30.12,431.72,2025-12-14 00:00:00+00:00,2026-09-24 15:51:32.431066+00:00
974,TXN-202604-000974,283,2026-04-30 00:00:00+00:00,completed,826.67,0.00,62.00,888.67,2026-04-30 00:00:00+00:00,2026-09-24 15:51:32.431066+00:00
975,TXN-202609-000975,433,2026-09-10 00:00:00+00:00,completed,418.07,0.00,31.36,449.43,2026-09-10 00:00:00+00:00,2026-09-24 15:51:32.431066+00:00
976,TXN-202605-000976,879,2026-05-05 00:00:00+00:00,completed,2901.16,0.00,217.59,3118.75,2026-05-05 00:00:00+00:00,2026-09-24 15:51:32.431066+00:00
977,TXN-202512-000977,316,2025-12-29 00:00:00+00:00,completed,3422.33,0.00,256.67,3679.00,2025-12-29 00:00:00+00:00,2026-09-24 15:51:32.431066+00:00
978,TXN-202604-000978,844,2026-04-16 00:00:00+00:00,completed,697.89,0.00,52.34,750.23,2026-04-16 00:00:00+00:00,2026-09-24 15:51:32.431066+00:00
979,TXN-202512-000979,780,2025-12-04 00:00:00+00:00,completed,102.90,0.00,7.72,110.62,2025-12-04 00:00:00+00:00,2026-09-24 15:51:32.431066+00:00
980,TXN-202512-000980,348,2025-12-08 00:00:00+00:00,completed,2041.19,0.00,153.09,2194.28,2025-12-08 00:00:00+00:00,2026-09-24 15:51:32.431066+00:00
981,TXN-202605-000981,17,2026-05-21 00:00:00+00:00,completed,962.08,48.10,68.55,982.53,2026-05-21 00:00:00+00:00,2026-09-24 15:51:32.431066+00:00
982,TXN-202608-000982,664,2026-08-15 00:00:00+00:00,completed,202.23,0.00,15.17,217.40,2026-08-15 00:00:00+00:00,2026-09-24 15:51:32.431066+00:00
983,TXN-202609-000983,406,2026-09-22 00:00:00+00:00,completed,1141.00,0.00,85.58,1226.58,2026-09-22 00:00:00+00:00,2026-09-24 15:51:32.431066+00:00
984,TXN-202512-000984,711,2025-12-29 00:00:00+00:00,completed,321.81,16.09,22.93,328.65,2025-12-29 00:00:00+00:00,2026-09-24 15:51:32.431066+00:00
985,TXN-202606-000985,343,2026-06-28 00:00:00+00:00,completed,319.72,0.00,23.98,343.70,2026-06-28 00:00:00+00:00,2026-09-24 15:51:32.431066+00:00
986,TXN-202602-000986,723,2026-02-28 00:00:00+00:00,completed,1297.36,0.00,97.30,1394.66,2026-02-28 00:00:00+00:00,2026-09-24 15:51:32.431066+00:00
987,TXN-202510-000987,415,2025-10-02 00:00:00+00:00,completed,846.68,0.00,63.50,910.18,2025-10-02 00:00:00+00:00,2026-09-24 15:51:32.431066+00:00
988,TXN-202609-000988,17,2026-09-21 00:00:00+00:00,completed,264.75,0.00,19.86,284.61,2026-09-21 00:00:00+00:00,2026-09-24 15:51:32.431066+00:00
989,TXN-202509-000989,425,2025-09-23 00:00:00+00:00,completed,1591.69,79.58,113.41,1625.52,2025-09-23 00:00:00+00:00,2026-09-24 15:51:32.431066+00:00
990,TXN-202608-000990,818,2026-08-04 00:00:00+00:00,completed,493.54,0.00,37.02,530.56,2026-08-04 00:00:00+00:00,2026-09-24 15:51:32.431066+00:00
991,TXN-202602-000991,467,2026-02-08 00:00:00+00:00,completed,386.56,0.00,28.99,415.55,2026-02-08 00:00:00+00:00,2026-09-24 15:51:32.431066+00:00
992,TXN-202609-000992,63,2026-09-06 00:00:00+00:00,refunded,4.78,0.00,0.36,5.14,2026-09-06 00:00:00+00:00,2026-09-24 15:51:32.431066+00:00
993,TXN-202608-000993,595,2026-08-25 00:00:00+00:00,completed,101.42,0.00,7.61,109.03,2026-08-25 00:00:00+00:00,2026-09-24 15:51:32.431066+00:00
994,TXN-202507-000994,93,2025-07-16 00:00:00+00:00,completed,154.51,0.00,11.59,166.10,2025-07-16 00:00:00+00:00,2026-09-24 15:51:32.431066+00:00
995,TXN-202607-000995,549,2026-07-29 00:00:00+00:00,cancelled,281.09,0.00,21.08,302.17,2026-07-29 00:00:00+00:00,2026-09-24 15:51:32.431066+00:00
996,TXN-202601-000996,614,2026-01-26 00:00:00+00:00,completed,549.80,0.00,41.23,591.03,2026-01-26 00:00:00+00:00,2026-09-24 15:51:32.431066+00:00
997,TXN-202609-000997,575,2026-09-18 00:00:00+00:00,completed,408.16,0.00,30.61,438.77,2026-09-18 00:00:00+00:00,2026-09-24 15:51:32.431066+00:00
998,TXN-202602-000998,425,2026-02-07 00:00:00+00:00,completed,3650.78,0.00,273.81,3924.59,2026-02-07 00:00:00+00:00,2026-09-24 15:51:32.431066+00:00
999,TXN-202606-000999,905,2026-06-21 00:00:00+00:00,completed,2247.71,0.00,168.58,2416.29,2026-06-21 00:00:00+00:00,2026-09-24 15:51:32.431066+00:00
1000,TXN-202609-001000,923,2026-09-23 00:00:00+00:00,completed,157.68,7.88,11.24,161.04,2026-09-23 00:00:00+00:00,2026-09-24 15:51:32.431066+00:00
1001,TXN-202510-001001,160,2025-10-22 00:00:00+00:00,completed,1670.76,0.00,125.31,1796.07,2025-10-22 00:00:00+00:00,2026-09-24 15:51:32.431066+00:00
1002,TXN-202604-001002,880,2026-04-04 00:00:00+00:00,completed,4857.22,0.00,364.29,5221.51,2026-04-04 00:00:00+00:00,2026-09-24 15:51:32.431066+00:00
1003,TXN-202602-001003,20,2026-02-16 00:00:00+00:00,completed,218.09,10.90,15.54,222.73,2026-02-16 00:00:00+00:00,2026-09-24 15:51:32.431066+00:00
1004,TXN-202609-001004,434,2026-09-12 00:00:00+00:00,completed,1077.01,0.00,80.78,1157.79,2026-09-12 00:00:00+00:00,2026-09-24 15:51:32.431066+00:00
1005,TXN-202512-001005,136,2025-12-26 00:00:00+00:00,completed,760.38,0.00,57.03,817.41,2025-12-26 00:00:00+00:00,2026-09-24 15:51:32.431066+00:00
1006,TXN-202601-001006,288,2026-01-19 00:00:00+00:00,completed,291.14,0.00,21.84,312.98,2026-01-19 00:00:00+00:00,2026-09-24 15:51:32.431066+00:00
1007,TXN-202511-001007,303,2025-11-26 00:00:00+00:00,completed,740.76,0.00,55.56,796.32,2025-11-26 00:00:00+00:00,2026-09-24 15:51:32.431066+00:00
1008,TXN-202511-001008,565,2025-11-13 00:00:00+00:00,completed,1602.32,80.12,114.17,1636.37,2025-11-13 00:00:00+00:00,2026-09-24 15:51:32.431066+00:00
1009,TXN-202604-001009,301,2026-04-24 00:00:00+00:00,completed,9120.88,0.00,684.07,9804.95,2026-04-24 00:00:00+00:00,2026-09-24 15:51:32.431066+00:00
1010,TXN-202609-001010,546,2026-09-19 00:00:00+00:00,completed,70.64,0.00,5.30,75.94,2026-09-19 00:00:00+00:00,2026-09-24 15:51:32.431066+00:00
1011,TXN-202607-001011,379,2026-07-10 00:00:00+00:00,completed,83.82,0.00,6.29,90.11,2026-07-10 00:00:00+00:00,2026-09-24 15:51:32.431066+00:00
1012,TXN-202605-001012,619,2026-05-11 00:00:00+00:00,completed,14496.73,0.00,1087.25,15583.98,2026-05-11 00:00:00+00:00,2026-09-24 15:51:32.431066+00:00
1013,TXN-202605-001013,170,2026-05-11 00:00:00+00:00,completed,7161.06,0.00,537.08,7698.14,2026-05-11 00:00:00+00:00,2026-09-24 15:51:32.431066+00:00
1014,TXN-202608-001014,567,2026-08-10 00:00:00+00:00,completed,763.65,0.00,57.27,820.92,2026-08-10 00:00:00+00:00,2026-09-24 15:51:32.431066+00:00
1015,TXN-202508-001015,309,2025-08-14 00:00:00+00:00,completed,288.63,0.00,21.65,310.28,2025-08-14 00:00:00+00:00,2026-09-24 15:51:32.431066+00:00
1016,TXN-202606-001016,195,2026-06-28 00:00:00+00:00,completed,46.71,2.34,3.33,47.70,2026-06-28 00:00:00+00:00,2026-09-24 15:51:32.431066+00:00
1017,TXN-202509-001017,305,2025-09-24 00:00:00+00:00,completed,349.23,0.00,26.19,375.42,2025-09-24 00:00:00+00:00,2026-09-24 15:51:32.431066+00:00
1018,TXN-202602-001018,749,2026-02-12 00:00:00+00:00,completed,121.90,0.00,9.14,131.04,2026-02-12 00:00:00+00:00,2026-09-24 15:51:32.431066+00:00
1019,TXN-202609-001019,864,2026-09-19 00:00:00+00:00,completed,198.15,0.00,14.86,213.01,2026-09-19 00:00:00+00:00,2026-09-24 15:51:32.431066+00:00
1020,TXN-202607-001020,164,2026-07-03 00:00:00+00:00,completed,278.62,13.93,19.85,284.54,2026-07-03 00:00:00+00:00,2026-09-24 15:51:32.431066+00:00
1021,TXN-202605-001021,345,2026-05-30 00:00:00+00:00,completed,472.75,0.00,35.46,508.21,2026-05-30 00:00:00+00:00,2026-09-24 15:51:32.431066+00:00
1022,TXN-202512-001022,129,2025-12-17 00:00:00+00:00,completed,2940.88,0.00,220.57,3161.45,2025-12-17 00:00:00+00:00,2026-09-24 15:51:32.431066+00:00
1023,TXN-202606-001023,959,2026-06-11 00:00:00+00:00,completed,156.10,0.00,11.71,167.81,2026-06-11 00:00:00+00:00,2026-09-24 15:51:32.431066+00:00
1024,TXN-202603-001024,315,2026-03-04 00:00:00+00:00,completed,1285.71,64.29,91.61,1313.03,2026-03-04 00:00:00+00:00,2026-09-24 15:51:32.431066+00:00
1025,TXN-202512-001025,508,2025-12-03 00:00:00+00:00,completed,62.81,0.00,4.71,67.52,2025-12-03 00:00:00+00:00,2026-09-24 15:51:32.431066+00:00
1026,TXN-202609-001026,590,2026-09-16 00:00:00+00:00,completed,48.17,0.00,3.61,51.78,2026-09-16 00:00:00+00:00,2026-09-24 15:51:32.431066+00:00
1027,TXN-202605-001027,199,2026-05-25 00:00:00+00:00,completed,216.51,0.00,16.24,232.75,2026-05-25 00:00:00+00:00,2026-09-24 15:51:32.431066+00:00
1028,TXN-202605-001028,867,2026-05-18 00:00:00+00:00,completed,2214.23,0.00,166.07,2380.30,2026-05-18 00:00:00+00:00,2026-09-24 15:51:32.431066+00:00
1029,TXN-202511-001029,231,2025-11-11 00:00:00+00:00,completed,9262.71,0.00,694.70,9957.41,2025-11-11 00:00:00+00:00,2026-09-24 15:51:32.431066+00:00
1030,TXN-202604-001030,674,2026-04-30 00:00:00+00:00,completed,323.63,0.00,24.27,347.90,2026-04-30 00:00:00+00:00,2026-09-24 15:51:32.431066+00:00
1031,TXN-202512-001031,558,2025-12-03 00:00:00+00:00,completed,1169.28,0.00,87.70,1256.98,2025-12-03 00:00:00+00:00,2026-09-24 15:51:32.431066+00:00
1032,TXN-202609-001032,402,2026-09-19 00:00:00+00:00,completed,17371.29,0.00,1302.85,18674.14,2026-09-19 00:00:00+00:00,2026-09-24 15:51:32.431066+00:00
1033,TXN-202608-001033,553,2026-08-22 00:00:00+00:00,completed,1537.22,0.00,115.29,1652.51,2026-08-22 00:00:00+00:00,2026-09-24 15:51:32.431066+00:00
1034,TXN-202607-001034,757,2026-07-19 00:00:00+00:00,completed,34758.88,0.00,2606.92,37365.80,2026-07-19 00:00:00+00:00,2026-09-24 15:51:32.431066+00:00
1035,TXN-202605-001035,620,2026-05-08 00:00:00+00:00,completed,53.51,0.00,4.01,57.52,2026-05-08 00:00:00+00:00,2026-09-24 15:51:32.431066+00:00
1036,TXN-202603-001036,500,2026-03-23 00:00:00+00:00,completed,2126.77,0.00,159.51,2286.28,2026-03-23 00:00:00+00:00,2026-09-24 15:51:32.431066+00:00
1037,TXN-202506-001037,228,2025-06-28 00:00:00+00:00,completed,915.81,0.00,68.69,984.50,2025-06-28 00:00:00+00:00,2026-09-24 15:51:32.431066+00:00
1038,TXN-202605-001038,820,2026-05-16 00:00:00+00:00,completed,2047.95,0.00,153.60,2201.55,2026-05-16 00:00:00+00:00,2026-09-24 15:51:32.431066+00:00
1039,TXN-202509-001039,163,2025-09-19 00:00:00+00:00,completed,39221.09,0.00,2941.58,42162.67,2025-09-19 00:00:00+00:00,2026-09-24 15:51:32.431066+00:00
1040,TXN-202607-001040,843,2026-07-11 00:00:00+00:00,completed,2209.79,0.00,165.73,2375.52,2026-07-11 00:00:00+00:00,2026-09-24 15:51:32.431066+00:00
1041,TXN-202608-001041,335,2026-08-11 00:00:00+00:00,completed,100.78,0.00,7.56,108.34,2026-08-11 00:00:00+00:00,2026-09-24 15:51:32.431066+00:00
1042,TXN-202604-001042,548,2026-04-06 00:00:00+00:00,completed,229.14,0.00,17.19,246.33,2026-04-06 00:00:00+00:00,2026-09-24 15:51:32.431066+00:00
1043,TXN-202509-001043,951,2025-09-04 00:00:00+00:00,completed,1095.15,54.76,78.03,1118.42,2025-09-04 00:00:00+00:00,2026-09-24 15:51:32.431066+00:00
1044,TXN-202609-001044,909,2026-09-11 00:00:00+00:00,pending,151.64,0.00,11.37,163.01,2026-09-11 00:00:00+00:00,2026-09-24 15:51:32.431066+00:00
1045,TXN-202604-001045,61,2026-04-10 00:00:00+00:00,completed,33784.42,0.00,2533.83,36318.25,2026-04-10 00:00:00+00:00,2026-09-24 15:51:32.431066+00:00
1046,TXN-202608-001046,940,2026-08-08 00:00:00+00:00,completed,1778.02,0.00,133.35,1911.37,2026-08-08 00:00:00+00:00,2026-09-24 15:51:32.431066+00:00
1047,TXN-202509-001047,93,2025-09-14 00:00:00+00:00,completed,755.67,0.00,56.68,812.35,2025-09-14 00:00:00+00:00,2026-09-24 15:51:32.431066+00:00
1048,TXN-202604-001048,781,2026-04-24 00:00:00+00:00,completed,1261.52,0.00,94.61,1356.13,2026-04-24 00:00:00+00:00,2026-09-24 15:51:32.431066+00:00
1049,TXN-202605-001049,832,2026-05-29 00:00:00+00:00,completed,24474.12,0.00,1835.56,26309.68,2026-05-29 00:00:00+00:00,2026-09-24 15:51:32.431066+00:00
1050,TXN-202602-001050,236,2026-02-02 00:00:00+00:00,completed,940.00,47.00,66.97,959.97,2026-02-02 00:00:00+00:00,2026-09-24 15:51:32.431066+00:00
1051,TXN-202601-001051,262,2026-01-17 00:00:00+00:00,completed,2100.23,0.00,157.52,2257.75,2026-01-17 00:00:00+00:00,2026-09-24 15:51:32.431066+00:00
1052,TXN-202608-001052,697,2026-08-16 00:00:00+00:00,refunded,6915.38,0.00,518.65,7434.03,2026-08-16 00:00:00+00:00,2026-09-24 15:51:32.431066+00:00
1053,TXN-202607-001053,960,2026-07-27 00:00:00+00:00,completed,236.13,0.00,17.71,253.84,2026-07-27 00:00:00+00:00,2026-09-24 15:51:32.431066+00:00
1054,TXN-202608-001054,643,2026-08-31 00:00:00+00:00,completed,7323.70,0.00,549.28,7872.98,2026-08-31 00:00:00+00:00,2026-09-24 15:51:32.431066+00:00
1055,TXN-202511-001055,251,2025-11-22 00:00:00+00:00,completed,201.02,0.00,15.08,216.10,2025-11-22 00:00:00+00:00,2026-09-24 15:51:32.431066+00:00
1056,TXN-202608-001056,837,2026-08-29 00:00:00+00:00,completed,1612.12,0.00,120.91,1733.03,2026-08-29 00:00:00+00:00,2026-09-24 15:51:32.431066+00:00
1057,TXN-202602-001057,137,2026-02-24 00:00:00+00:00,completed,4283.18,0.00,321.24,4604.42,2026-02-24 00:00:00+00:00,2026-09-24 15:51:32.431066+00:00
1058,TXN-202602-001058,485,2026-02-02 00:00:00+00:00,completed,1231.47,0.00,92.36,1323.83,2026-02-02 00:00:00+00:00,2026-09-24 15:51:32.431066+00:00
1059,TXN-202510-001059,97,2025-10-29 00:00:00+00:00,completed,493.38,0.00,37.00,530.38,2025-10-29 00:00:00+00:00,2026-09-24 15:51:32.431066+00:00
1060,TXN-202608-001060,606,2026-08-08 00:00:00+00:00,completed,45.64,0.00,3.42,49.06,2026-08-08 00:00:00+00:00,2026-09-24 15:51:32.431066+00:00
1061,TXN-202609-001061,351,2026-09-08 00:00:00+00:00,completed,16049.91,0.00,1203.74,17253.65,2026-09-08 00:00:00+00:00,2026-09-24 15:51:32.431066+00:00
1062,TXN-202510-001062,641,2025-10-12 00:00:00+00:00,completed,1034.25,0.00,77.57,1111.82,2025-10-12 00:00:00+00:00,2026-09-24 15:51:32.431066+00:00
1063,TXN-202601-001063,490,2026-01-17 00:00:00+00:00,completed,23444.97,0.00,1758.37,25203.34,2026-01-17 00:00:00+00:00,2026-09-24 15:51:32.431066+00:00
1064,TXN-202606-001064,142,2026-06-14 00:00:00+00:00,completed,780.08,39.00,55.58,796.66,2026-06-14 00:00:00+00:00,2026-09-24 15:51:32.431066+00:00
1065,TXN-202512-001065,724,2025-12-30 00:00:00+00:00,completed,811.47,0.00,60.86,872.33,2025-12-30 00:00:00+00:00,2026-09-24 15:51:32.431066+00:00
1066,TXN-202606-001066,459,2026-06-19 00:00:00+00:00,completed,177.34,0.00,13.30,190.64,2026-06-19 00:00:00+00:00,2026-09-24 15:51:32.431066+00:00
1067,TXN-202608-001067,726,2026-08-04 00:00:00+00:00,completed,1106.52,0.00,82.99,1189.51,2026-08-04 00:00:00+00:00,2026-09-24 15:51:32.431066+00:00
1068,TXN-202609-001068,213,2026-09-03 00:00:00+00:00,completed,238.89,0.00,17.92,256.81,2026-09-03 00:00:00+00:00,2026-09-24 15:51:32.431066+00:00
1069,TXN-202608-001069,104,2026-08-27 00:00:00+00:00,completed,9487.10,0.00,711.53,10198.63,2026-08-27 00:00:00+00:00,2026-09-24 15:51:32.431066+00:00
1070,TXN-202607-001070,716,2026-07-10 00:00:00+00:00,completed,48631.52,2431.58,3465.00,49664.94,2026-07-10 00:00:00+00:00,2026-09-24 15:51:32.431066+00:00
1071,TXN-202608-001071,394,2026-08-13 00:00:00+00:00,completed,20960.20,0.00,1572.02,22532.22,2026-08-13 00:00:00+00:00,2026-09-24 15:51:32.431066+00:00
1072,TXN-202604-001072,581,2026-04-21 00:00:00+00:00,completed,900.03,0.00,67.50,967.53,2026-04-21 00:00:00+00:00,2026-09-24 15:51:32.431066+00:00
1073,TXN-202602-001073,557,2026-02-06 00:00:00+00:00,completed,53.64,2.68,3.82,54.78,2026-02-06 00:00:00+00:00,2026-09-24 15:51:32.431066+00:00
1074,TXN-202607-001074,365,2026-07-09 00:00:00+00:00,cancelled,7514.01,0.00,563.55,8077.56,2026-07-09 00:00:00+00:00,2026-09-24 15:51:32.431066+00:00
1075,TXN-202603-001075,177,2026-03-26 00:00:00+00:00,completed,1108.43,0.00,83.13,1191.56,2026-03-26 00:00:00+00:00,2026-09-24 15:51:32.431066+00:00
1076,TXN-202512-001076,425,2025-12-23 00:00:00+00:00,completed,7390.81,0.00,554.31,7945.12,2025-12-23 00:00:00+00:00,2026-09-24 15:51:32.431066+00:00
1077,TXN-202606-001077,148,2026-06-25 00:00:00+00:00,completed,749.12,0.00,56.18,805.30,2026-06-25 00:00:00+00:00,2026-09-24 15:51:32.431066+00:00
1078,TXN-202601-001078,748,2026-01-27 00:00:00+00:00,completed,690.87,0.00,51.82,742.69,2026-01-27 00:00:00+00:00,2026-09-24 15:51:32.431066+00:00
1079,TXN-202512-001079,178,2025-12-09 00:00:00+00:00,completed,458.92,0.00,34.42,493.34,2025-12-09 00:00:00+00:00,2026-09-24 15:51:32.431066+00:00
1080,TXN-202609-001080,598,2026-09-08 00:00:00+00:00,completed,461.20,0.00,34.59,495.79,2026-09-08 00:00:00+00:00,2026-09-24 15:51:32.431066+00:00
1081,TXN-202511-001081,276,2025-11-24 00:00:00+00:00,completed,2677.07,0.00,200.78,2877.85,2025-11-24 00:00:00+00:00,2026-09-24 15:51:32.431066+00:00
1082,TXN-202608-001082,330,2026-08-22 00:00:00+00:00,completed,1230.12,0.00,92.26,1322.38,2026-08-22 00:00:00+00:00,2026-09-24 15:51:32.431066+00:00
1083,TXN-202602-001083,562,2026-02-13 00:00:00+00:00,refunded,113.18,0.00,8.49,121.67,2026-02-13 00:00:00+00:00,2026-09-24 15:51:32.431066+00:00
1084,TXN-202608-001084,363,2026-08-17 00:00:00+00:00,completed,100.68,0.00,7.55,108.23,2026-08-17 00:00:00+00:00,2026-09-24 15:51:32.431066+00:00
1085,TXN-202507-001085,158,2025-07-24 00:00:00+00:00,completed,36375.60,0.00,2728.17,39103.77,2025-07-24 00:00:00+00:00,2026-09-24 15:51:32.431066+00:00
1086,TXN-202507-001086,284,2025-07-17 00:00:00+00:00,completed,84.62,0.00,6.35,90.97,2025-07-17 00:00:00+00:00,2026-09-24 15:51:32.431066+00:00
1087,TXN-202609-001087,755,2026-09-24 00:00:00+00:00,pending,562.82,0.00,42.21,605.03,2026-09-24 00:00:00+00:00,2026-09-24 15:51:32.431066+00:00
1088,TXN-202604-001088,198,2026-04-15 00:00:00+00:00,pending,72.17,0.00,5.41,77.58,2026-04-15 00:00:00+00:00,2026-09-24 15:51:32.431066+00:00
1089,TXN-202609-001089,543,2026-09-10 00:00:00+00:00,completed,991.35,0.00,74.35,1065.70,2026-09-10 00:00:00+00:00,2026-09-24 15:51:32.431066+00:00
1090,TXN-202510-001090,857,2025-10-15 00:00:00+00:00,completed,30013.26,0.00,2250.99,32264.25,2025-10-15 00:00:00+00:00,2026-09-24 15:51:32.431066+00:00
1091,TXN-202607-001091,458,2026-07-29 00:00:00+00:00,completed,1044.97,0.00,78.37,1123.34,2026-07-29 00:00:00+00:00,2026-09-24 15:51:32.431066+00:00
1092,TXN-202607-001092,68,2026-07-28 00:00:00+00:00,completed,1036.16,0.00,77.71,1113.87,2026-07-28 00:00:00+00:00,2026-09-24 15:51:32.431066+00:00
1093,TXN-202605-001093,216,2026-05-17 00:00:00+00:00,completed,1185.97,59.30,84.50,1211.17,2026-05-17 00:00:00+00:00,2026-09-24 15:51:32.431066+00:00
1094,TXN-202607-001094,409,2026-07-31 00:00:00+00:00,completed,379.41,0.00,28.46,407.87,2026-07-31 00:00:00+00:00,2026-09-24 15:51:32.431066+00:00
1095,TXN-202606-001095,91,2026-06-18 00:00:00+00:00,completed,31709.87,0.00,2378.24,34088.11,2026-06-18 00:00:00+00:00,2026-09-24 15:51:32.431066+00:00
1096,TXN-202512-001096,237,2025-12-18 00:00:00+00:00,completed,850.20,0.00,63.77,913.97,2025-12-18 00:00:00+00:00,2026-09-24 15:51:32.431066+00:00
1097,TXN-202606-001097,503,2026-06-01 00:00:00+00:00,completed,361.40,0.00,27.10,388.50,2026-06-01 00:00:00+00:00,2026-09-24 15:51:32.431066+00:00
1098,TXN-202605-001098,499,2026-05-02 00:00:00+00:00,completed,20.02,0.00,1.50,21.52,2026-05-02 00:00:00+00:00,2026-09-24 15:51:32.431066+00:00
1099,TXN-202608-001099,648,2026-08-22 00:00:00+00:00,completed,1218.89,0.00,91.42,1310.31,2026-08-22 00:00:00+00:00,2026-09-24 15:51:32.431066+00:00
1100,TXN-202602-001100,228,2026-02-07 00:00:00+00:00,completed,462.67,0.00,34.70,497.37,2026-02-07 00:00:00+00:00,2026-09-24 15:51:32.431066+00:00
1101,TXN-202512-001101,316,2025-12-09 00:00:00+00:00,completed,4941.17,0.00,370.59,5311.76,2025-12-09 00:00:00+00:00,2026-09-24 15:51:32.431066+00:00
1102,TXN-202607-001102,597,2026-07-01 00:00:00+00:00,completed,497.18,0.00,37.29,534.47,2026-07-01 00:00:00+00:00,2026-09-24 15:51:32.431066+00:00
1103,TXN-202609-001103,1000,2026-09-18 00:00:00+00:00,completed,407.82,0.00,30.59,438.41,2026-09-18 00:00:00+00:00,2026-09-24 15:51:32.431066+00:00
1104,TXN-202608-001104,68,2026-08-17 00:00:00+00:00,completed,112.72,0.00,8.45,121.17,2026-08-17 00:00:00+00:00,2026-09-24 15:51:32.431066+00:00
1105,TXN-202511-001105,122,2025-11-30 00:00:00+00:00,completed,231.82,0.00,17.39,249.21,2025-11-30 00:00:00+00:00,2026-09-24 15:51:32.431066+00:00
1106,TXN-202603-001106,985,2026-03-11 00:00:00+00:00,cancelled,221.91,0.00,16.64,238.55,2026-03-11 00:00:00+00:00,2026-09-24 15:51:32.431066+00:00
1107,TXN-202604-001107,233,2026-04-20 00:00:00+00:00,completed,441.16,0.00,33.09,474.25,2026-04-20 00:00:00+00:00,2026-09-24 15:51:32.431066+00:00
1108,TXN-202605-001108,551,2026-05-16 00:00:00+00:00,completed,689.21,0.00,51.69,740.90,2026-05-16 00:00:00+00:00,2026-09-24 15:51:32.431066+00:00
1109,TXN-202512-001109,399,2025-12-07 00:00:00+00:00,completed,16012.84,0.00,1200.96,17213.80,2025-12-07 00:00:00+00:00,2026-09-24 15:51:32.431066+00:00
1110,TXN-202605-001110,118,2026-05-09 00:00:00+00:00,completed,87.72,4.39,6.25,89.58,2026-05-09 00:00:00+00:00,2026-09-24 15:51:32.431066+00:00
1111,TXN-202605-001111,415,2026-05-18 00:00:00+00:00,completed,570.96,0.00,42.82,613.78,2026-05-18 00:00:00+00:00,2026-09-24 15:51:32.431066+00:00
1112,TXN-202608-001112,209,2026-08-28 00:00:00+00:00,pending,3159.98,0.00,237.00,3396.98,2026-08-28 00:00:00+00:00,2026-09-24 15:51:32.431066+00:00
1113,TXN-202609-001113,790,2026-09-16 00:00:00+00:00,completed,286.84,0.00,21.51,308.35,2026-09-16 00:00:00+00:00,2026-09-24 15:51:32.431066+00:00
1114,TXN-202609-001114,127,2026-09-09 00:00:00+00:00,completed,739.86,0.00,55.49,795.35,2026-09-09 00:00:00+00:00,2026-09-24 15:51:32.431066+00:00
1115,TXN-202607-001115,831,2026-07-27 00:00:00+00:00,completed,568.82,0.00,42.66,611.48,2026-07-27 00:00:00+00:00,2026-09-24 15:51:32.431066+00:00
1116,TXN-202605-001116,913,2026-05-06 00:00:00+00:00,completed,1064.18,0.00,79.81,1143.99,2026-05-06 00:00:00+00:00,2026-09-24 15:51:32.431066+00:00
1117,TXN-202605-001117,281,2026-05-24 00:00:00+00:00,completed,245.52,12.28,17.49,250.73,2026-05-24 00:00:00+00:00,2026-09-24 15:51:32.431066+00:00
1118,TXN-202604-001118,405,2026-04-21 00:00:00+00:00,completed,188.20,0.00,14.11,202.31,2026-04-21 00:00:00+00:00,2026-09-24 15:51:32.431066+00:00
1119,TXN-202510-001119,389,2025-10-30 00:00:00+00:00,completed,643.53,0.00,48.26,691.79,2025-10-30 00:00:00+00:00,2026-09-24 15:51:32.431066+00:00
1120,TXN-202511-001120,450,2025-11-04 00:00:00+00:00,completed,6177.73,0.00,463.33,6641.06,2025-11-04 00:00:00+00:00,2026-09-24 15:51:32.431066+00:00
1121,TXN-202608-001121,66,2026-08-12 00:00:00+00:00,completed,857.77,0.00,64.33,922.10,2026-08-12 00:00:00+00:00,2026-09-24 15:51:32.431066+00:00
1122,TXN-202512-001122,549,2025-12-31 00:00:00+00:00,completed,251.46,0.00,18.86,270.32,2025-12-31 00:00:00+00:00,2026-09-24 15:51:32.431066+00:00
1123,TXN-202602-001123,749,2026-02-18 00:00:00+00:00,completed,134.90,0.00,10.12,145.02,2026-02-18 00:00:00+00:00,2026-09-24 15:51:32.431066+00:00
1124,TXN-202608-001124,469,2026-08-24 00:00:00+00:00,completed,7870.39,0.00,590.28,8460.67,2026-08-24 00:00:00+00:00,2026-09-24 15:51:32.431066+00:00
1125,TXN-202605-001125,542,2026-05-23 00:00:00+00:00,completed,44.08,0.00,3.31,47.39,2026-05-23 00:00:00+00:00,2026-09-24 15:51:32.431066+00:00
1126,TXN-202603-001126,212,2026-03-22 00:00:00+00:00,completed,335.28,0.00,25.15,360.43,2026-03-22 00:00:00+00:00,2026-09-24 15:51:32.431066+00:00
1127,TXN-202511-001127,647,2025-11-22 00:00:00+00:00,completed,1462.03,0.00,109.65,1571.68,2025-11-22 00:00:00+00:00,2026-09-24 15:51:32.431066+00:00
1128,TXN-202608-001128,132,2026-08-17 00:00:00+00:00,completed,8838.06,0.00,662.85,9500.91,2026-08-17 00:00:00+00:00,2026-09-24 15:51:32.431066+00:00
1129,TXN-202507-001129,35,2025-07-15 00:00:00+00:00,completed,160.53,0.00,12.04,172.57,2025-07-15 00:00:00+00:00,2026-09-24 15:51:32.431066+00:00
1130,TXN-202609-001130,344,2026-09-17 00:00:00+00:00,completed,238.20,11.91,16.97,243.26,2026-09-17 00:00:00+00:00,2026-09-24 15:51:32.431066+00:00
1131,TXN-202508-001131,38,2025-08-13 00:00:00+00:00,completed,234.61,0.00,17.60,252.21,2025-08-13 00:00:00+00:00,2026-09-24 15:51:32.431066+00:00
1132,TXN-202607-001132,870,2026-07-23 00:00:00+00:00,completed,100.68,0.00,7.55,108.23,2026-07-23 00:00:00+00:00,2026-09-24 15:51:32.431066+00:00
1133,TXN-202601-001133,602,2026-01-14 00:00:00+00:00,completed,25.48,0.00,1.91,27.39,2026-01-14 00:00:00+00:00,2026-09-24 15:51:32.431066+00:00
1134,TXN-202512-001134,629,2025-12-17 00:00:00+00:00,completed,5826.56,0.00,436.99,6263.55,2025-12-17 00:00:00+00:00,2026-09-24 15:51:32.431066+00:00
1135,TXN-202602-001135,179,2026-02-25 00:00:00+00:00,completed,31865.67,0.00,2389.93,34255.60,2026-02-25 00:00:00+00:00,2026-09-24 15:51:32.431066+00:00
1136,TXN-202601-001136,764,2026-01-22 00:00:00+00:00,completed,344.18,0.00,25.81,369.99,2026-01-22 00:00:00+00:00,2026-09-24 15:51:32.431066+00:00
1137,TXN-202602-001137,641,2026-02-08 00:00:00+00:00,cancelled,1348.25,0.00,101.12,1449.37,2026-02-08 00:00:00+00:00,2026-09-24 15:51:32.431066+00:00
1138,TXN-202604-001138,983,2026-04-16 00:00:00+00:00,completed,1018.44,0.00,76.38,1094.82,2026-04-16 00:00:00+00:00,2026-09-24 15:51:32.431066+00:00
1139,TXN-202609-001139,655,2026-09-10 00:00:00+00:00,completed,1012.76,0.00,75.96,1088.72,2026-09-10 00:00:00+00:00,2026-09-24 15:51:32.431066+00:00
1140,TXN-202602-001140,715,2026-02-10 00:00:00+00:00,completed,2421.77,0.00,181.63,2603.40,2026-02-10 00:00:00+00:00,2026-09-24 15:51:32.431066+00:00
1141,TXN-202605-001141,650,2026-05-25 00:00:00+00:00,completed,619.20,0.00,46.44,665.64,2026-05-25 00:00:00+00:00,2026-09-24 15:51:32.431066+00:00
1142,TXN-202509-001142,657,2025-09-26 00:00:00+00:00,completed,541.87,0.00,40.64,582.51,2025-09-26 00:00:00+00:00,2026-09-24 15:51:32.431066+00:00
1143,TXN-202606-001143,423,2026-06-08 00:00:00+00:00,completed,15837.97,0.00,1187.85,17025.82,2026-06-08 00:00:00+00:00,2026-09-24 15:51:32.431066+00:00
1144,TXN-202604-001144,513,2026-04-19 00:00:00+00:00,completed,31363.36,0.00,2352.25,33715.61,2026-04-19 00:00:00+00:00,2026-09-24 15:51:32.431066+00:00
1145,TXN-202606-001145,126,2026-06-27 00:00:00+00:00,cancelled,408.76,0.00,30.66,439.42,2026-06-27 00:00:00+00:00,2026-09-24 15:51:32.431066+00:00
1146,TXN-202606-001146,649,2026-06-06 00:00:00+00:00,completed,419.78,0.00,31.48,451.26,2026-06-06 00:00:00+00:00,2026-09-24 15:51:32.431066+00:00
1147,TXN-202608-001147,826,2026-08-06 00:00:00+00:00,completed,72.01,0.00,5.40,77.41,2026-08-06 00:00:00+00:00,2026-09-24 15:51:32.431066+00:00
1148,TXN-202607-001148,933,2026-07-31 00:00:00+00:00,completed,1434.41,0.00,107.58,1541.99,2026-07-31 00:00:00+00:00,2026-09-24 15:51:32.431066+00:00
1149,TXN-202602-001149,359,2026-02-21 00:00:00+00:00,pending,652.47,0.00,48.94,701.41,2026-02-21 00:00:00+00:00,2026-09-24 15:51:32.431066+00:00
1150,TXN-202605-001150,221,2026-05-03 00:00:00+00:00,completed,73.68,0.00,5.53,79.21,2026-05-03 00:00:00+00:00,2026-09-24 15:51:32.431066+00:00
1151,TXN-202604-001151,73,2026-04-30 00:00:00+00:00,completed,609.76,0.00,45.73,655.49,2026-04-30 00:00:00+00:00,2026-09-24 15:51:32.431066+00:00
1152,TXN-202512-001152,728,2025-12-09 00:00:00+00:00,completed,1270.62,0.00,95.30,1365.92,2025-12-09 00:00:00+00:00,2026-09-24 15:51:32.431066+00:00
1153,TXN-202511-001153,558,2025-11-09 00:00:00+00:00,completed,281.82,0.00,21.14,302.96,2025-11-09 00:00:00+00:00,2026-09-24 15:51:32.431066+00:00
1154,TXN-202609-001154,866,2026-09-14 00:00:00+00:00,completed,10708.11,0.00,803.11,11511.22,2026-09-14 00:00:00+00:00,2026-09-24 15:51:32.431066+00:00
1155,TXN-202606-001155,858,2026-06-05 00:00:00+00:00,completed,1758.16,0.00,131.86,1890.02,2026-06-05 00:00:00+00:00,2026-09-24 15:51:32.431066+00:00
1156,TXN-202608-001156,802,2026-08-27 00:00:00+00:00,completed,365.42,0.00,27.41,392.83,2026-08-27 00:00:00+00:00,2026-09-24 15:51:32.431066+00:00
1157,TXN-202607-001157,823,2026-07-19 00:00:00+00:00,completed,395.24,0.00,29.64,424.88,2026-07-19 00:00:00+00:00,2026-09-24 15:51:32.431066+00:00
1158,TXN-202608-001158,957,2026-08-19 00:00:00+00:00,completed,1892.82,0.00,141.96,2034.78,2026-08-19 00:00:00+00:00,2026-09-24 15:51:32.431066+00:00
1159,TXN-202510-001159,568,2025-10-11 00:00:00+00:00,completed,310.45,0.00,23.28,333.73,2025-10-11 00:00:00+00:00,2026-09-24 15:51:32.431066+00:00
1160,TXN-202509-001160,357,2025-09-13 00:00:00+00:00,completed,1712.50,0.00,128.44,1840.94,2025-09-13 00:00:00+00:00,2026-09-24 15:51:32.431066+00:00
1161,TXN-202601-001161,353,2026-01-26 00:00:00+00:00,completed,88.95,0.00,6.67,95.62,2026-01-26 00:00:00+00:00,2026-09-24 15:51:32.431066+00:00
1162,TXN-202609-001162,499,2026-09-15 00:00:00+00:00,completed,1003.84,0.00,75.29,1079.13,2026-09-15 00:00:00+00:00,2026-09-24 15:51:32.431066+00:00
1163,TXN-202605-001163,973,2026-05-15 00:00:00+00:00,completed,685.48,0.00,51.41,736.89,2026-05-15 00:00:00+00:00,2026-09-24 15:51:32.431066+00:00
1164,TXN-202602-001164,680,2026-02-16 00:00:00+00:00,completed,553.32,0.00,41.50,594.82,2026-02-16 00:00:00+00:00,2026-09-24 15:51:32.431066+00:00
1165,TXN-202604-001165,160,2026-04-18 00:00:00+00:00,completed,4562.66,0.00,342.20,4904.86,2026-04-18 00:00:00+00:00,2026-09-24 15:51:32.431066+00:00
1166,TXN-202607-001166,282,2026-07-20 00:00:00+00:00,completed,782.13,0.00,58.66,840.79,2026-07-20 00:00:00+00:00,2026-09-24 15:51:32.431066+00:00
1167,TXN-202606-001167,654,2026-06-21 00:00:00+00:00,completed,449.84,22.49,32.05,459.40,2026-06-21 00:00:00+00:00,2026-09-24 15:51:32.431066+00:00
1168,TXN-202512-001168,197,2025-12-28 00:00:00+00:00,completed,446.00,0.00,33.45,479.45,2025-12-28 00:00:00+00:00,2026-09-24 15:51:32.431066+00:00
1169,TXN-202602-001169,888,2026-02-26 00:00:00+00:00,completed,12092.01,0.00,906.90,12998.91,2026-02-26 00:00:00+00:00,2026-09-24 15:51:32.431066+00:00
1170,TXN-202601-001170,119,2026-01-15 00:00:00+00:00,refunded,602.15,0.00,45.16,647.31,2026-01-15 00:00:00+00:00,2026-09-24 15:51:32.431066+00:00
1171,TXN-202607-001171,967,2026-07-03 00:00:00+00:00,completed,1097.36,0.00,82.30,1179.66,2026-07-03 00:00:00+00:00,2026-09-24 15:51:32.431066+00:00
1172,TXN-202606-001172,42,2026-06-09 00:00:00+00:00,completed,2133.61,0.00,160.02,2293.63,2026-06-09 00:00:00+00:00,2026-09-24 15:51:32.431066+00:00
1173,TXN-202606-001173,80,2026-06-10 00:00:00+00:00,completed,32.08,0.00,2.41,34.49,2026-06-10 00:00:00+00:00,2026-09-24 15:51:32.431066+00:00
1174,TXN-202508-001174,481,2025-08-31 00:00:00+00:00,completed,2994.71,0.00,224.60,3219.31,2025-08-31 00:00:00+00:00,2026-09-24 15:51:32.431066+00:00
1175,TXN-202509-001175,935,2025-09-27 00:00:00+00:00,completed,78.65,0.00,5.90,84.55,2025-09-27 00:00:00+00:00,2026-09-24 15:51:32.431066+00:00
1176,TXN-202609-001176,844,2026-09-02 00:00:00+00:00,completed,387.80,0.00,29.09,416.89,2026-09-02 00:00:00+00:00,2026-09-24 15:51:32.431066+00:00
1177,TXN-202511-001177,981,2025-11-01 00:00:00+00:00,completed,21040.27,0.00,1578.02,22618.29,2025-11-01 00:00:00+00:00,2026-09-24 15:51:32.431066+00:00
1178,TXN-202607-001178,398,2026-07-04 00:00:00+00:00,completed,1498.86,0.00,112.41,1611.27,2026-07-04 00:00:00+00:00,2026-09-24 15:51:32.431066+00:00
1179,TXN-202609-001179,96,2026-09-12 00:00:00+00:00,completed,917.68,0.00,68.83,986.51,2026-09-12 00:00:00+00:00,2026-09-24 15:51:32.431066+00:00
1180,TXN-202607-001180,741,2026-07-02 00:00:00+00:00,completed,36.78,0.00,2.76,39.54,2026-07-02 00:00:00+00:00,2026-09-24 15:51:32.431066+00:00
1181,TXN-202511-001181,858,2025-11-07 00:00:00+00:00,completed,820.08,0.00,61.51,881.59,2025-11-07 00:00:00+00:00,2026-09-24 15:51:32.431066+00:00
1182,TXN-202512-001182,179,2025-12-09 00:00:00+00:00,completed,9845.05,0.00,738.38,10583.43,2025-12-09 00:00:00+00:00,2026-09-24 15:51:32.431066+00:00
1183,TXN-202606-001183,111,2026-06-28 00:00:00+00:00,completed,333.05,0.00,24.98,358.03,2026-06-28 00:00:00+00:00,2026-09-24 15:51:32.431066+00:00
1184,TXN-202606-001184,829,2026-06-17 00:00:00+00:00,completed,213.48,0.00,16.01,229.49,2026-06-17 00:00:00+00:00,2026-09-24 15:51:32.431066+00:00
1185,TXN-202609-001185,347,2026-09-17 00:00:00+00:00,completed,1129.72,0.00,84.73,1214.45,2026-09-17 00:00:00+00:00,2026-09-24 15:51:32.431066+00:00
1186,TXN-202512-001186,934,2025-12-30 00:00:00+00:00,completed,8266.04,413.30,588.96,8441.70,2025-12-30 00:00:00+00:00,2026-09-24 15:51:32.431066+00:00
1187,TXN-202607-001187,476,2026-07-15 00:00:00+00:00,pending,919.65,0.00,68.97,988.62,2026-07-15 00:00:00+00:00,2026-09-24 15:51:32.431066+00:00
1188,TXN-202604-001188,125,2026-04-27 00:00:00+00:00,completed,31060.69,0.00,2329.55,33390.24,2026-04-27 00:00:00+00:00,2026-09-24 15:51:32.431066+00:00
1189,TXN-202608-001189,349,2026-08-30 00:00:00+00:00,completed,7063.70,353.19,503.29,7213.80,2026-08-30 00:00:00+00:00,2026-09-24 15:51:32.431066+00:00
1190,TXN-202511-001190,353,2025-11-26 00:00:00+00:00,completed,101.92,0.00,7.64,109.56,2025-11-26 00:00:00+00:00,2026-09-24 15:51:32.431066+00:00
1191,TXN-202507-001191,787,2025-07-17 00:00:00+00:00,completed,60.97,0.00,4.57,65.54,2025-07-17 00:00:00+00:00,2026-09-24 15:51:32.431066+00:00
1192,TXN-202603-001192,303,2026-03-13 00:00:00+00:00,completed,1053.76,0.00,79.03,1132.79,2026-03-13 00:00:00+00:00,2026-09-24 15:51:32.431066+00:00
1193,TXN-202510-001193,349,2025-10-17 00:00:00+00:00,completed,7020.35,0.00,526.53,7546.88,2025-10-17 00:00:00+00:00,2026-09-24 15:51:32.431066+00:00
1194,TXN-202604-001194,679,2026-04-24 00:00:00+00:00,completed,1640.16,0.00,123.01,1763.17,2026-04-24 00:00:00+00:00,2026-09-24 15:51:32.431066+00:00
1195,TXN-202606-001195,950,2026-06-13 00:00:00+00:00,completed,973.16,0.00,72.99,1046.15,2026-06-13 00:00:00+00:00,2026-09-24 15:51:32.431066+00:00
1196,TXN-202511-001196,160,2025-11-06 00:00:00+00:00,completed,1455.93,0.00,109.19,1565.12,2025-11-06 00:00:00+00:00,2026-09-24 15:51:32.431066+00:00
1197,TXN-202603-001197,42,2026-03-29 00:00:00+00:00,completed,2493.79,0.00,187.03,2680.82,2026-03-29 00:00:00+00:00,2026-09-24 15:51:32.431066+00:00
1198,TXN-202602-001198,353,2026-02-17 00:00:00+00:00,completed,71.52,0.00,5.36,76.88,2026-02-17 00:00:00+00:00,2026-09-24 15:51:32.431066+00:00
1199,TXN-202608-001199,207,2026-08-09 00:00:00+00:00,completed,507.46,25.37,36.16,518.25,2026-08-09 00:00:00+00:00,2026-09-24 15:51:32.431066+00:00
1200,TXN-202607-001200,282,2026-07-07 00:00:00+00:00,completed,213.10,10.66,15.18,217.62,2026-07-07 00:00:00+00:00,2026-09-24 15:51:32.431066+00:00
1201,TXN-202604-001201,188,2026-04-19 00:00:00+00:00,completed,14831.40,0.00,1112.36,15943.76,2026-04-19 00:00:00+00:00,2026-09-24 15:51:32.431066+00:00
1202,TXN-202605-001202,421,2026-05-15 00:00:00+00:00,completed,752.46,0.00,56.43,808.89,2026-05-15 00:00:00+00:00,2026-09-24 15:51:32.431066+00:00
1203,TXN-202607-001203,6,2026-07-03 00:00:00+00:00,completed,4991.22,0.00,374.34,5365.56,2026-07-03 00:00:00+00:00,2026-09-24 15:51:32.431066+00:00
1204,TXN-202608-001204,505,2026-08-09 00:00:00+00:00,completed,123.20,0.00,9.24,132.44,2026-08-09 00:00:00+00:00,2026-09-24 15:51:32.431066+00:00
1205,TXN-202609-001205,702,2026-09-10 00:00:00+00:00,completed,198.16,0.00,14.86,213.02,2026-09-10 00:00:00+00:00,2026-09-24 15:51:32.431066+00:00
1206,TXN-202511-001206,381,2025-11-28 00:00:00+00:00,completed,209.61,0.00,15.72,225.33,2025-11-28 00:00:00+00:00,2026-09-24 15:51:32.431066+00:00
1207,TXN-202608-001207,505,2026-08-04 00:00:00+00:00,completed,345.18,0.00,25.89,371.07,2026-08-04 00:00:00+00:00,2026-09-24 15:51:32.431066+00:00
1208,TXN-202511-001208,970,2025-11-21 00:00:00+00:00,completed,847.85,0.00,63.59,911.44,2025-11-21 00:00:00+00:00,2026-09-24 15:51:32.431066+00:00
1209,TXN-202506-001209,410,2025-06-12 00:00:00+00:00,refunded,1150.44,57.52,81.97,1174.89,2025-06-12 00:00:00+00:00,2026-09-24 15:51:32.431066+00:00
1210,TXN-202608-001210,51,2026-08-20 00:00:00+00:00,completed,5308.84,0.00,398.16,5707.00,2026-08-20 00:00:00+00:00,2026-09-24 15:51:32.431066+00:00
1211,TXN-202606-001211,391,2026-06-12 00:00:00+00:00,completed,655.43,0.00,49.16,704.59,2026-06-12 00:00:00+00:00,2026-09-24 15:51:32.431066+00:00
1212,TXN-202601-001212,614,2026-01-03 00:00:00+00:00,completed,118.34,0.00,8.88,127.22,2026-01-03 00:00:00+00:00,2026-09-24 15:51:32.431066+00:00
1213,TXN-202604-001213,637,2026-04-28 00:00:00+00:00,completed,1101.07,0.00,82.58,1183.65,2026-04-28 00:00:00+00:00,2026-09-24 15:51:32.431066+00:00
1214,TXN-202601-001214,544,2026-01-28 00:00:00+00:00,completed,7902.65,395.13,563.06,8070.58,2026-01-28 00:00:00+00:00,2026-09-24 15:51:32.431066+00:00
1215,TXN-202602-001215,248,2026-02-28 00:00:00+00:00,completed,36381.89,0.00,2728.64,39110.53,2026-02-28 00:00:00+00:00,2026-09-24 15:51:32.431066+00:00
1216,TXN-202605-001216,499,2026-05-06 00:00:00+00:00,completed,152.06,0.00,11.40,163.46,2026-05-06 00:00:00+00:00,2026-09-24 15:51:32.431066+00:00
1217,TXN-202609-001217,934,2026-09-21 00:00:00+00:00,completed,20829.85,0.00,1562.24,22392.09,2026-09-21 00:00:00+00:00,2026-09-24 15:51:32.431066+00:00
1218,TXN-202606-001218,482,2026-06-04 00:00:00+00:00,completed,655.54,0.00,49.17,704.71,2026-06-04 00:00:00+00:00,2026-09-24 15:51:32.431066+00:00
1219,TXN-202607-001219,341,2026-07-23 00:00:00+00:00,completed,214.26,0.00,16.07,230.33,2026-07-23 00:00:00+00:00,2026-09-24 15:51:32.431066+00:00
1220,TXN-202606-001220,451,2026-06-24 00:00:00+00:00,completed,5219.14,0.00,391.44,5610.58,2026-06-24 00:00:00+00:00,2026-09-24 15:51:32.431066+00:00
1221,TXN-202605-001221,410,2026-05-09 00:00:00+00:00,completed,2187.78,0.00,164.08,2351.86,2026-05-09 00:00:00+00:00,2026-09-24 15:51:32.431066+00:00
1222,TXN-202602-001222,896,2026-02-18 00:00:00+00:00,completed,394.30,0.00,29.57,423.87,2026-02-18 00:00:00+00:00,2026-09-24 15:51:32.431066+00:00
1223,TXN-202609-001223,380,2026-09-23 00:00:00+00:00,completed,148.09,0.00,11.11,159.20,2026-09-23 00:00:00+00:00,2026-09-24 15:51:32.431066+00:00
1224,TXN-202510-001224,558,2025-10-27 00:00:00+00:00,completed,745.64,0.00,55.92,801.56,2025-10-27 00:00:00+00:00,2026-09-24 15:51:32.431066+00:00
1225,TXN-202508-001225,481,2025-08-18 00:00:00+00:00,completed,3358.53,0.00,251.89,3610.42,2025-08-18 00:00:00+00:00,2026-09-24 15:51:32.431066+00:00
1226,TXN-202512-001226,50,2025-12-05 00:00:00+00:00,completed,15693.62,0.00,1177.02,16870.64,2025-12-05 00:00:00+00:00,2026-09-24 15:51:32.431066+00:00
1227,TXN-202508-001227,679,2025-08-09 00:00:00+00:00,completed,1077.32,0.00,80.80,1158.12,2025-08-09 00:00:00+00:00,2026-09-24 15:51:32.431066+00:00
1228,TXN-202606-001228,42,2026-06-30 00:00:00+00:00,completed,1737.72,0.00,130.33,1868.05,2026-06-30 00:00:00+00:00,2026-09-24 15:51:32.431066+00:00
1229,TXN-202603-001229,800,2026-03-14 00:00:00+00:00,completed,483.24,24.16,34.43,493.51,2026-03-14 00:00:00+00:00,2026-09-24 15:51:32.431066+00:00
1230,TXN-202604-001230,710,2026-04-10 00:00:00+00:00,refunded,1658.15,0.00,124.36,1782.51,2026-04-10 00:00:00+00:00,2026-09-24 15:51:32.431066+00:00
1231,TXN-202609-001231,39,2026-09-02 00:00:00+00:00,completed,19484.44,0.00,1461.33,20945.77,2026-09-02 00:00:00+00:00,2026-09-24 15:51:32.431066+00:00
1232,TXN-202607-001232,214,2026-07-06 00:00:00+00:00,completed,510.51,0.00,38.29,548.80,2026-07-06 00:00:00+00:00,2026-09-24 15:51:32.431066+00:00
1233,TXN-202606-001233,111,2026-06-17 00:00:00+00:00,completed,156.20,0.00,11.71,167.91,2026-06-17 00:00:00+00:00,2026-09-24 15:51:32.431066+00:00
1234,TXN-202602-001234,246,2026-02-18 00:00:00+00:00,completed,1045.51,0.00,78.41,1123.92,2026-02-18 00:00:00+00:00,2026-09-24 15:51:32.431066+00:00
1235,TXN-202607-001235,146,2026-07-12 00:00:00+00:00,completed,912.76,0.00,68.46,981.22,2026-07-12 00:00:00+00:00,2026-09-24 15:51:32.431066+00:00
1236,TXN-202603-001236,36,2026-03-01 00:00:00+00:00,completed,1114.42,0.00,83.58,1198.00,2026-03-01 00:00:00+00:00,2026-09-24 15:51:32.431066+00:00
1237,TXN-202607-001237,573,2026-07-16 00:00:00+00:00,completed,507.14,0.00,38.04,545.18,2026-07-16 00:00:00+00:00,2026-09-24 15:51:32.431066+00:00
1238,TXN-202603-001238,241,2026-03-10 00:00:00+00:00,completed,240.52,12.03,17.14,245.63,2026-03-10 00:00:00+00:00,2026-09-24 15:51:32.431066+00:00
1239,TXN-202607-001239,54,2026-07-02 00:00:00+00:00,completed,224.83,0.00,16.86,241.69,2026-07-02 00:00:00+00:00,2026-09-24 15:51:32.431066+00:00
1240,TXN-202509-001240,972,2025-09-09 00:00:00+00:00,completed,29062.19,0.00,2179.66,31241.85,2025-09-09 00:00:00+00:00,2026-09-24 15:51:32.431066+00:00
1241,TXN-202603-001241,26,2026-03-30 00:00:00+00:00,pending,390.04,0.00,29.25,419.29,2026-03-30 00:00:00+00:00,2026-09-24 15:51:32.431066+00:00
1242,TXN-202607-001242,780,2026-07-14 00:00:00+00:00,completed,191.69,0.00,14.38,206.07,2026-07-14 00:00:00+00:00,2026-09-24 15:51:32.431066+00:00
1243,TXN-202511-001243,849,2025-11-20 00:00:00+00:00,completed,497.76,0.00,37.33,535.09,2025-11-20 00:00:00+00:00,2026-09-24 15:51:32.431066+00:00
1244,TXN-202511-001244,953,2025-11-16 00:00:00+00:00,completed,933.49,0.00,70.01,1003.50,2025-11-16 00:00:00+00:00,2026-09-24 15:51:32.431066+00:00
1245,TXN-202602-001245,486,2026-02-01 00:00:00+00:00,completed,29212.89,0.00,2190.97,31403.86,2026-02-01 00:00:00+00:00,2026-09-24 15:51:32.431066+00:00
1246,TXN-202602-001246,455,2026-02-17 00:00:00+00:00,completed,25421.15,0.00,1906.59,27327.74,2026-02-17 00:00:00+00:00,2026-09-24 15:51:32.431066+00:00
1247,TXN-202605-001247,638,2026-05-27 00:00:00+00:00,completed,201.56,0.00,15.12,216.68,2026-05-27 00:00:00+00:00,2026-09-24 15:51:32.431066+00:00
1248,TXN-202609-001248,859,2026-09-21 00:00:00+00:00,completed,14192.37,0.00,1064.43,15256.80,2026-09-21 00:00:00+00:00,2026-09-24 15:51:32.431066+00:00
1249,TXN-202604-001249,72,2026-04-09 00:00:00+00:00,completed,1093.16,0.00,81.99,1175.15,2026-04-09 00:00:00+00:00,2026-09-24 15:51:32.431066+00:00
1250,TXN-202604-001250,668,2026-04-13 00:00:00+00:00,completed,15381.37,0.00,1153.60,16534.97,2026-04-13 00:00:00+00:00,2026-09-24 15:51:32.431066+00:00
1251,TXN-202608-001251,349,2026-08-08 00:00:00+00:00,completed,18286.90,0.00,1371.52,19658.42,2026-08-08 00:00:00+00:00,2026-09-24 15:51:32.431066+00:00
1252,TXN-202512-001252,620,2025-12-27 00:00:00+00:00,completed,565.56,0.00,42.42,607.98,2025-12-27 00:00:00+00:00,2026-09-24 15:51:32.431066+00:00
1253,TXN-202609-001253,805,2026-09-07 00:00:00+00:00,cancelled,4534.40,0.00,340.08,4874.48,2026-09-07 00:00:00+00:00,2026-09-24 15:51:32.431066+00:00
1254,TXN-202609-001254,715,2026-09-23 00:00:00+00:00,completed,1009.98,0.00,75.75,1085.73,2026-09-23 00:00:00+00:00,2026-09-24 15:51:32.431066+00:00
1255,TXN-202608-001255,931,2026-08-10 00:00:00+00:00,completed,967.30,0.00,72.55,1039.85,2026-08-10 00:00:00+00:00,2026-09-24 15:51:32.431066+00:00
1256,TXN-202602-001256,999,2026-02-03 00:00:00+00:00,completed,15221.05,0.00,1141.58,16362.63,2026-02-03 00:00:00+00:00,2026-09-24 15:51:32.431066+00:00
1257,TXN-202602-001257,507,2026-02-28 00:00:00+00:00,completed,55239.05,0.00,4142.93,59381.98,2026-02-28 00:00:00+00:00,2026-09-24 15:51:32.431066+00:00
1258,TXN-202511-001258,810,2025-11-14 00:00:00+00:00,completed,112.88,0.00,8.47,121.35,2025-11-14 00:00:00+00:00,2026-09-24 15:51:32.431066+00:00
1259,TXN-202510-001259,170,2025-10-17 00:00:00+00:00,completed,23093.51,0.00,1732.01,24825.52,2025-10-17 00:00:00+00:00,2026-09-24 15:51:32.431066+00:00
1260,TXN-202606-001260,432,2026-06-19 00:00:00+00:00,completed,16205.20,0.00,1215.39,17420.59,2026-06-19 00:00:00+00:00,2026-09-24 15:51:32.431066+00:00
1261,TXN-202512-001261,320,2025-12-07 00:00:00+00:00,completed,4107.07,0.00,308.03,4415.10,2025-12-07 00:00:00+00:00,2026-09-24 15:51:32.431066+00:00
1262,TXN-202511-001262,845,2025-11-12 00:00:00+00:00,completed,36050.00,0.00,2703.75,38753.75,2025-11-12 00:00:00+00:00,2026-09-24 15:51:32.431066+00:00
1263,TXN-202605-001263,188,2026-05-22 00:00:00+00:00,completed,2391.94,0.00,179.40,2571.34,2026-05-22 00:00:00+00:00,2026-09-24 15:51:32.431066+00:00
1264,TXN-202608-001264,300,2026-08-31 00:00:00+00:00,completed,974.53,0.00,73.09,1047.62,2026-08-31 00:00:00+00:00,2026-09-24 15:51:32.431066+00:00
1265,TXN-202511-001265,774,2025-11-01 00:00:00+00:00,completed,1102.15,0.00,82.66,1184.81,2025-11-01 00:00:00+00:00,2026-09-24 15:51:32.431066+00:00
1266,TXN-202512-001266,384,2025-12-23 00:00:00+00:00,completed,8569.25,0.00,642.69,9211.94,2025-12-23 00:00:00+00:00,2026-09-24 15:51:32.431066+00:00
1267,TXN-202606-001267,634,2026-06-22 00:00:00+00:00,completed,24542.14,0.00,1840.66,26382.80,2026-06-22 00:00:00+00:00,2026-09-24 15:51:32.431066+00:00
1268,TXN-202603-001268,971,2026-03-13 00:00:00+00:00,completed,62.82,0.00,4.71,67.53,2026-03-13 00:00:00+00:00,2026-09-24 15:51:32.431066+00:00
1269,TXN-202608-001269,959,2026-08-13 00:00:00+00:00,completed,188.04,0.00,14.10,202.14,2026-08-13 00:00:00+00:00,2026-09-24 15:51:32.431066+00:00
1270,TXN-202507-001270,696,2025-07-25 00:00:00+00:00,completed,3319.28,0.00,248.95,3568.23,2025-07-25 00:00:00+00:00,2026-09-24 15:51:32.431066+00:00
1271,TXN-202604-001271,66,2026-04-22 00:00:00+00:00,completed,857.88,0.00,64.34,922.22,2026-04-22 00:00:00+00:00,2026-09-24 15:51:32.431066+00:00
1272,TXN-202609-001272,938,2026-09-08 00:00:00+00:00,completed,240.52,0.00,18.04,258.56,2026-09-08 00:00:00+00:00,2026-09-24 15:51:32.431066+00:00
1273,TXN-202608-001273,118,2026-08-09 00:00:00+00:00,completed,102.75,0.00,7.71,110.46,2026-08-09 00:00:00+00:00,2026-09-24 15:51:32.431066+00:00
1274,TXN-202508-001274,630,2025-08-07 00:00:00+00:00,completed,331.53,0.00,24.86,356.39,2025-08-07 00:00:00+00:00,2026-09-24 15:51:32.431066+00:00
1275,TXN-202601-001275,696,2026-01-02 00:00:00+00:00,completed,5154.74,0.00,386.61,5541.35,2026-01-02 00:00:00+00:00,2026-09-24 15:51:32.431066+00:00
1276,TXN-202512-001276,83,2025-12-17 00:00:00+00:00,completed,7208.76,0.00,540.66,7749.42,2025-12-17 00:00:00+00:00,2026-09-24 15:51:32.431066+00:00
1277,TXN-202608-001277,569,2026-08-04 00:00:00+00:00,completed,202.84,0.00,15.21,218.05,2026-08-04 00:00:00+00:00,2026-09-24 15:51:32.431066+00:00
1278,TXN-202510-001278,244,2025-10-24 00:00:00+00:00,completed,407.76,0.00,30.58,438.34,2025-10-24 00:00:00+00:00,2026-09-24 15:51:32.431066+00:00
1279,TXN-202607-001279,246,2026-07-06 00:00:00+00:00,completed,1620.24,0.00,121.52,1741.76,2026-07-06 00:00:00+00:00,2026-09-24 15:51:32.431066+00:00
1280,TXN-202603-001280,50,2026-03-03 00:00:00+00:00,completed,3300.99,0.00,247.57,3548.56,2026-03-03 00:00:00+00:00,2026-09-24 15:51:32.431066+00:00
1281,TXN-202601-001281,174,2026-01-04 00:00:00+00:00,completed,386.96,0.00,29.02,415.98,2026-01-04 00:00:00+00:00,2026-09-24 15:51:32.431066+00:00
1282,TXN-202603-001282,244,2026-03-09 00:00:00+00:00,completed,1189.08,0.00,89.18,1278.26,2026-03-09 00:00:00+00:00,2026-09-24 15:51:32.431066+00:00
1283,TXN-202605-001283,314,2026-05-28 00:00:00+00:00,completed,777.43,0.00,58.31,835.74,2026-05-28 00:00:00+00:00,2026-09-24 15:51:32.431066+00:00
1284,TXN-202608-001284,52,2026-08-01 00:00:00+00:00,completed,1362.93,0.00,102.22,1465.15,2026-08-01 00:00:00+00:00,2026-09-24 15:51:32.431066+00:00
1285,TXN-202602-001285,185,2026-02-26 00:00:00+00:00,completed,41718.36,0.00,3128.88,44847.24,2026-02-26 00:00:00+00:00,2026-09-24 15:51:32.431066+00:00
1286,TXN-202608-001286,705,2026-08-27 00:00:00+00:00,completed,251.46,0.00,18.86,270.32,2026-08-27 00:00:00+00:00,2026-09-24 15:51:32.431066+00:00
1287,TXN-202608-001287,412,2026-08-18 00:00:00+00:00,completed,295.88,0.00,22.19,318.07,2026-08-18 00:00:00+00:00,2026-09-24 15:51:32.431066+00:00
1288,TXN-202607-001288,558,2026-07-19 00:00:00+00:00,refunded,526.82,0.00,39.51,566.33,2026-07-19 00:00:00+00:00,2026-09-24 15:51:32.431066+00:00
1289,TXN-202606-001289,310,2026-06-08 00:00:00+00:00,completed,37143.39,0.00,2785.75,39929.14,2026-06-08 00:00:00+00:00,2026-09-24 15:51:32.431066+00:00
1290,TXN-202607-001290,269,2026-07-09 00:00:00+00:00,completed,35571.66,0.00,2667.87,38239.53,2026-07-09 00:00:00+00:00,2026-09-24 15:51:32.431066+00:00
1291,TXN-202603-001291,864,2026-03-10 00:00:00+00:00,completed,422.73,21.14,30.12,431.71,2026-03-10 00:00:00+00:00,2026-09-24 15:51:32.431066+00:00
1292,TXN-202608-001292,52,2026-08-30 00:00:00+00:00,completed,385.81,0.00,28.94,414.75,2026-08-30 00:00:00+00:00,2026-09-24 15:51:32.431066+00:00
1293,TXN-202604-001293,198,2026-04-20 00:00:00+00:00,completed,314.60,0.00,23.60,338.20,2026-04-20 00:00:00+00:00,2026-09-24 15:51:32.431066+00:00
1294,TXN-202609-001294,492,2026-09-15 00:00:00+00:00,completed,3806.94,0.00,285.52,4092.46,2026-09-15 00:00:00+00:00,2026-09-24 15:51:32.431066+00:00
1295,TXN-202607-001295,420,2026-07-21 00:00:00+00:00,completed,81.47,0.00,6.11,87.58,2026-07-21 00:00:00+00:00,2026-09-24 15:51:32.431066+00:00
1296,TXN-202608-001296,648,2026-08-31 00:00:00+00:00,completed,1776.94,0.00,133.27,1910.21,2026-08-31 00:00:00+00:00,2026-09-24 15:51:32.431066+00:00
1297,TXN-202607-001297,183,2026-07-06 00:00:00+00:00,completed,107.36,0.00,8.05,115.41,2026-07-06 00:00:00+00:00,2026-09-24 15:51:32.431066+00:00
1298,TXN-202601-001298,605,2026-01-20 00:00:00+00:00,completed,607.36,0.00,45.55,652.91,2026-01-20 00:00:00+00:00,2026-09-24 15:51:32.431066+00:00
1299,TXN-202609-001299,815,2026-09-01 00:00:00+00:00,completed,13483.62,0.00,1011.27,14494.89,2026-09-01 00:00:00+00:00,2026-09-24 15:51:32.431066+00:00
1300,TXN-202602-001300,869,2026-02-11 00:00:00+00:00,completed,731.55,0.00,54.87,786.42,2026-02-11 00:00:00+00:00,2026-09-24 15:51:32.431066+00:00
1301,TXN-202608-001301,432,2026-08-28 00:00:00+00:00,completed,5561.37,0.00,417.10,5978.47,2026-08-28 00:00:00+00:00,2026-09-24 15:51:32.431066+00:00
1302,TXN-202608-001302,854,2026-08-28 00:00:00+00:00,completed,22.29,0.00,1.67,23.96,2026-08-28 00:00:00+00:00,2026-09-24 15:51:32.431066+00:00
1303,TXN-202607-001303,925,2026-07-08 00:00:00+00:00,completed,488.60,0.00,36.65,525.25,2026-07-08 00:00:00+00:00,2026-09-24 15:51:32.431066+00:00
1304,TXN-202606-001304,795,2026-06-21 00:00:00+00:00,completed,76.80,0.00,5.76,82.56,2026-06-21 00:00:00+00:00,2026-09-24 15:51:32.431066+00:00
1305,TXN-202607-001305,794,2026-07-02 00:00:00+00:00,completed,6649.20,0.00,498.69,7147.89,2026-07-02 00:00:00+00:00,2026-09-24 15:51:32.431066+00:00
1306,TXN-202609-001306,472,2026-09-05 00:00:00+00:00,completed,3019.52,150.98,215.14,3083.68,2026-09-05 00:00:00+00:00,2026-09-24 15:51:32.431066+00:00
1307,TXN-202606-001307,987,2026-06-23 00:00:00+00:00,completed,1663.17,0.00,124.74,1787.91,2026-06-23 00:00:00+00:00,2026-09-24 15:51:32.431066+00:00
1308,TXN-202605-001308,753,2026-05-05 00:00:00+00:00,completed,2256.70,0.00,169.25,2425.95,2026-05-05 00:00:00+00:00,2026-09-24 15:51:32.431066+00:00
1309,TXN-202512-001309,558,2025-12-14 00:00:00+00:00,completed,160.79,0.00,12.06,172.85,2025-12-14 00:00:00+00:00,2026-09-24 15:51:32.431066+00:00
1310,TXN-202609-001310,162,2026-09-14 00:00:00+00:00,completed,3522.40,0.00,264.18,3786.58,2026-09-14 00:00:00+00:00,2026-09-24 15:51:32.431066+00:00
1311,TXN-202604-001311,345,2026-04-03 00:00:00+00:00,completed,684.70,34.24,48.78,699.24,2026-04-03 00:00:00+00:00,2026-09-24 15:51:32.431066+00:00
1312,TXN-202606-001312,652,2026-06-14 00:00:00+00:00,completed,151.50,0.00,11.36,162.86,2026-06-14 00:00:00+00:00,2026-09-24 15:51:32.431066+00:00
1313,TXN-202608-001313,842,2026-08-29 00:00:00+00:00,completed,308.38,0.00,23.13,331.51,2026-08-29 00:00:00+00:00,2026-09-24 15:51:32.431066+00:00
1314,TXN-202605-001314,391,2026-05-23 00:00:00+00:00,completed,1701.89,0.00,127.64,1829.53,2026-05-23 00:00:00+00:00,2026-09-24 15:51:32.431066+00:00
1315,TXN-202607-001315,694,2026-07-23 00:00:00+00:00,completed,669.10,0.00,50.18,719.28,2026-07-23 00:00:00+00:00,2026-09-24 15:51:32.431066+00:00
1316,TXN-202609-001316,308,2026-09-16 00:00:00+00:00,completed,845.87,0.00,63.44,909.31,2026-09-16 00:00:00+00:00,2026-09-24 15:51:32.431066+00:00
1317,TXN-202607-001317,795,2026-07-07 00:00:00+00:00,completed,212.86,0.00,15.96,228.82,2026-07-07 00:00:00+00:00,2026-09-24 15:51:32.431066+00:00
1318,TXN-202604-001318,841,2026-04-13 00:00:00+00:00,completed,778.29,0.00,58.37,836.66,2026-04-13 00:00:00+00:00,2026-09-24 15:51:32.431066+00:00
1319,TXN-202512-001319,864,2025-12-19 00:00:00+00:00,completed,314.37,0.00,23.58,337.95,2025-12-19 00:00:00+00:00,2026-09-24 15:51:32.431066+00:00
1320,TXN-202608-001320,860,2026-08-11 00:00:00+00:00,completed,75.86,3.79,5.41,77.48,2026-08-11 00:00:00+00:00,2026-09-24 15:51:32.431066+00:00
1321,TXN-202607-001321,818,2026-07-22 00:00:00+00:00,pending,14.36,0.00,1.08,15.44,2026-07-22 00:00:00+00:00,2026-09-24 15:51:32.431066+00:00
1322,TXN-202609-001322,758,2026-09-19 00:00:00+00:00,completed,1657.39,0.00,124.30,1781.69,2026-09-19 00:00:00+00:00,2026-09-24 15:51:32.431066+00:00
1323,TXN-202608-001323,718,2026-08-02 00:00:00+00:00,completed,36632.18,0.00,2747.41,39379.59,2026-08-02 00:00:00+00:00,2026-09-24 15:51:32.431066+00:00
1324,TXN-202508-001324,429,2025-08-03 00:00:00+00:00,completed,53.51,0.00,4.01,57.52,2025-08-03 00:00:00+00:00,2026-09-24 15:51:32.431066+00:00
1325,TXN-202511-001325,679,2025-11-05 00:00:00+00:00,pending,680.84,34.04,48.51,695.31,2025-11-05 00:00:00+00:00,2026-09-24 15:51:32.431066+00:00
1326,TXN-202511-001326,949,2025-11-18 00:00:00+00:00,completed,2199.15,0.00,164.94,2364.09,2025-11-18 00:00:00+00:00,2026-09-24 15:51:32.431066+00:00
1327,TXN-202603-001327,352,2026-03-09 00:00:00+00:00,completed,26942.15,0.00,2020.66,28962.81,2026-03-09 00:00:00+00:00,2026-09-24 15:51:32.431066+00:00
1328,TXN-202609-001328,386,2026-09-17 00:00:00+00:00,completed,47.00,0.00,3.52,50.52,2026-09-17 00:00:00+00:00,2026-09-24 15:51:32.431066+00:00
1329,TXN-202512-001329,251,2025-12-15 00:00:00+00:00,completed,155.11,0.00,11.63,166.74,2025-12-15 00:00:00+00:00,2026-09-24 15:51:32.431066+00:00
1330,TXN-202607-001330,563,2026-07-15 00:00:00+00:00,completed,47424.42,0.00,3556.83,50981.25,2026-07-15 00:00:00+00:00,2026-09-24 15:51:32.431066+00:00
1331,TXN-202512-001331,969,2025-12-27 00:00:00+00:00,completed,199.34,0.00,14.95,214.29,2025-12-27 00:00:00+00:00,2026-09-24 15:51:32.431066+00:00
1332,TXN-202608-001332,521,2026-08-16 00:00:00+00:00,completed,1113.36,0.00,83.50,1196.86,2026-08-16 00:00:00+00:00,2026-09-24 15:51:32.431066+00:00
1333,TXN-202510-001333,91,2025-10-06 00:00:00+00:00,completed,21435.84,0.00,1607.69,23043.53,2025-10-06 00:00:00+00:00,2026-09-24 15:51:32.431066+00:00
1334,TXN-202606-001334,629,2026-06-03 00:00:00+00:00,completed,4581.75,0.00,343.63,4925.38,2026-06-03 00:00:00+00:00,2026-09-24 15:51:32.431066+00:00
1335,TXN-202602-001335,900,2026-02-08 00:00:00+00:00,completed,4168.44,0.00,312.63,4481.07,2026-02-08 00:00:00+00:00,2026-09-24 15:51:32.431066+00:00
1336,TXN-202512-001336,360,2025-12-21 00:00:00+00:00,completed,291.20,0.00,21.84,313.04,2025-12-21 00:00:00+00:00,2026-09-24 15:51:32.431066+00:00
1337,TXN-202608-001337,637,2026-08-01 00:00:00+00:00,completed,721.56,0.00,54.12,775.68,2026-08-01 00:00:00+00:00,2026-09-24 15:51:32.431066+00:00
1338,TXN-202602-001338,382,2026-02-27 00:00:00+00:00,completed,26502.29,1325.11,1888.29,27065.47,2026-02-27 00:00:00+00:00,2026-09-24 15:51:32.431066+00:00
1339,TXN-202607-001339,835,2026-07-15 00:00:00+00:00,completed,1097.76,0.00,82.33,1180.09,2026-07-15 00:00:00+00:00,2026-09-24 15:51:32.431066+00:00
1340,TXN-202603-001340,909,2026-03-29 00:00:00+00:00,completed,3000.43,0.00,225.03,3225.46,2026-03-29 00:00:00+00:00,2026-09-24 15:51:32.431066+00:00
1341,TXN-202605-001341,523,2026-05-08 00:00:00+00:00,completed,278.99,0.00,20.92,299.91,2026-05-08 00:00:00+00:00,2026-09-24 15:51:32.431066+00:00
1342,TXN-202607-001342,378,2026-07-09 00:00:00+00:00,completed,5357.66,0.00,401.82,5759.48,2026-07-09 00:00:00+00:00,2026-09-24 15:51:32.431066+00:00
1343,TXN-202608-001343,293,2026-08-25 00:00:00+00:00,completed,640.14,32.01,45.61,653.74,2026-08-25 00:00:00+00:00,2026-09-24 15:51:32.431066+00:00
1344,TXN-202512-001344,545,2025-12-13 00:00:00+00:00,completed,943.95,0.00,70.80,1014.75,2025-12-13 00:00:00+00:00,2026-09-24 15:51:32.431066+00:00
1345,TXN-202608-001345,268,2026-08-09 00:00:00+00:00,completed,873.69,0.00,65.53,939.22,2026-08-09 00:00:00+00:00,2026-09-24 15:51:32.431066+00:00
1346,TXN-202609-001346,765,2026-09-24 00:00:00+00:00,refunded,38070.44,0.00,2855.28,40925.72,2026-09-24 00:00:00+00:00,2026-09-24 15:51:32.431066+00:00
1347,TXN-202604-001347,941,2026-04-29 00:00:00+00:00,refunded,320.13,0.00,24.01,344.14,2026-04-29 00:00:00+00:00,2026-09-24 15:51:32.431066+00:00
1348,TXN-202609-001348,959,2026-09-05 00:00:00+00:00,pending,568.40,0.00,42.63,611.03,2026-09-05 00:00:00+00:00,2026-09-24 15:51:32.431066+00:00
1349,TXN-202603-001349,568,2026-03-12 00:00:00+00:00,completed,234.48,0.00,17.59,252.07,2026-03-12 00:00:00+00:00,2026-09-24 15:51:32.431066+00:00
1350,TXN-202605-001350,226,2026-05-02 00:00:00+00:00,completed,128.31,0.00,9.62,137.93,2026-05-02 00:00:00+00:00,2026-09-24 15:51:32.431066+00:00
1351,TXN-202606-001351,131,2026-06-17 00:00:00+00:00,completed,13803.85,0.00,1035.29,14839.14,2026-06-17 00:00:00+00:00,2026-09-24 15:51:32.431066+00:00
1352,TXN-202510-001352,303,2025-10-29 00:00:00+00:00,completed,14.49,0.00,1.09,15.58,2025-10-29 00:00:00+00:00,2026-09-24 15:51:32.431066+00:00
1353,TXN-202607-001353,65,2026-07-26 00:00:00+00:00,completed,190.76,0.00,14.31,205.07,2026-07-26 00:00:00+00:00,2026-09-24 15:51:32.431066+00:00
1354,TXN-202609-001354,688,2026-09-12 00:00:00+00:00,completed,435.52,0.00,32.66,468.18,2026-09-12 00:00:00+00:00,2026-09-24 15:51:32.431066+00:00
1355,TXN-202608-001355,680,2026-08-23 00:00:00+00:00,completed,1200.15,0.00,90.01,1290.16,2026-08-23 00:00:00+00:00,2026-09-24 15:51:32.431066+00:00
1356,TXN-202608-001356,802,2026-08-08 00:00:00+00:00,completed,962.08,0.00,72.16,1034.24,2026-08-08 00:00:00+00:00,2026-09-24 15:51:32.431066+00:00
1357,TXN-202510-001357,613,2025-10-08 00:00:00+00:00,pending,12.77,0.64,0.91,13.04,2025-10-08 00:00:00+00:00,2026-09-24 15:51:32.431066+00:00
1358,TXN-202608-001358,940,2026-08-24 00:00:00+00:00,completed,8806.18,0.00,660.46,9466.64,2026-08-24 00:00:00+00:00,2026-09-24 15:51:32.431066+00:00
1359,TXN-202601-001359,758,2026-01-13 00:00:00+00:00,completed,107.02,0.00,8.03,115.05,2026-01-13 00:00:00+00:00,2026-09-24 15:51:32.431066+00:00
1360,TXN-202602-001360,831,2026-02-03 00:00:00+00:00,completed,320.73,0.00,24.05,344.78,2026-02-03 00:00:00+00:00,2026-09-24 15:51:32.431066+00:00
1361,TXN-202609-001361,509,2026-09-11 00:00:00+00:00,completed,1497.90,0.00,112.34,1610.24,2026-09-11 00:00:00+00:00,2026-09-24 15:51:32.431066+00:00
1362,TXN-202607-001362,649,2026-07-24 00:00:00+00:00,completed,134.82,0.00,10.11,144.93,2026-07-24 00:00:00+00:00,2026-09-24 15:51:32.431066+00:00
1363,TXN-202606-001363,984,2026-06-22 00:00:00+00:00,completed,634.83,0.00,47.61,682.44,2026-06-22 00:00:00+00:00,2026-09-24 15:51:32.431066+00:00
1364,TXN-202607-001364,525,2026-07-06 00:00:00+00:00,completed,626.19,0.00,46.96,673.15,2026-07-06 00:00:00+00:00,2026-09-24 15:51:32.431066+00:00
1365,TXN-202609-001365,368,2026-09-05 00:00:00+00:00,pending,1013.85,0.00,76.04,1089.89,2026-09-05 00:00:00+00:00,2026-09-24 15:51:32.431066+00:00
1366,TXN-202608-001366,599,2026-08-22 00:00:00+00:00,completed,1124.28,0.00,84.32,1208.60,2026-08-22 00:00:00+00:00,2026-09-24 15:51:32.431066+00:00
1367,TXN-202512-001367,825,2025-12-26 00:00:00+00:00,completed,596.64,0.00,44.75,641.39,2025-12-26 00:00:00+00:00,2026-09-24 15:51:32.431066+00:00
1368,TXN-202603-001368,629,2026-03-25 00:00:00+00:00,completed,7654.74,0.00,574.11,8228.85,2026-03-25 00:00:00+00:00,2026-09-24 15:51:32.431066+00:00
1369,TXN-202601-001369,10,2026-01-11 00:00:00+00:00,completed,1415.41,0.00,106.16,1521.57,2026-01-11 00:00:00+00:00,2026-09-24 15:51:32.431066+00:00
1370,TXN-202609-001370,748,2026-09-18 00:00:00+00:00,completed,740.08,0.00,55.51,795.59,2026-09-18 00:00:00+00:00,2026-09-24 15:51:32.431066+00:00
1371,TXN-202603-001371,49,2026-03-05 00:00:00+00:00,completed,4637.59,0.00,347.82,4985.41,2026-03-05 00:00:00+00:00,2026-09-24 15:51:32.431066+00:00
1372,TXN-202607-001372,748,2026-07-15 00:00:00+00:00,completed,2496.45,0.00,187.23,2683.68,2026-07-15 00:00:00+00:00,2026-09-24 15:51:32.431066+00:00
1373,TXN-202608-001373,377,2026-08-20 00:00:00+00:00,completed,167.56,0.00,12.57,180.13,2026-08-20 00:00:00+00:00,2026-09-24 15:51:32.431066+00:00
1374,TXN-202602-001374,383,2026-02-23 00:00:00+00:00,completed,2245.20,0.00,168.39,2413.59,2026-02-23 00:00:00+00:00,2026-09-24 15:51:32.431066+00:00
1375,TXN-202609-001375,626,2026-09-22 00:00:00+00:00,completed,252.21,0.00,18.92,271.13,2026-09-22 00:00:00+00:00,2026-09-24 15:51:32.431066+00:00
1376,TXN-202604-001376,151,2026-04-26 00:00:00+00:00,completed,46653.90,0.00,3499.04,50152.94,2026-04-26 00:00:00+00:00,2026-09-24 15:51:32.431066+00:00
1377,TXN-202609-001377,652,2026-09-23 00:00:00+00:00,completed,186.25,0.00,13.97,200.22,2026-09-23 00:00:00+00:00,2026-09-24 15:51:32.431066+00:00
1378,TXN-202606-001378,275,2026-06-18 00:00:00+00:00,completed,215.40,0.00,16.16,231.56,2026-06-18 00:00:00+00:00,2026-09-24 15:51:32.431066+00:00
1379,TXN-202606-001379,614,2026-06-02 00:00:00+00:00,completed,115.31,0.00,8.65,123.96,2026-06-02 00:00:00+00:00,2026-09-24 15:51:32.431066+00:00
1380,TXN-202607-001380,39,2026-07-10 00:00:00+00:00,completed,20546.87,0.00,1541.02,22087.89,2026-07-10 00:00:00+00:00,2026-09-24 15:51:32.431066+00:00
1381,TXN-202510-001381,261,2025-10-19 00:00:00+00:00,completed,5623.99,0.00,421.80,6045.79,2025-10-19 00:00:00+00:00,2026-09-24 15:51:32.431066+00:00
1382,TXN-202604-001382,903,2026-04-19 00:00:00+00:00,completed,10593.17,0.00,794.49,11387.66,2026-04-19 00:00:00+00:00,2026-09-24 15:51:32.431066+00:00
1383,TXN-202511-001383,274,2025-11-09 00:00:00+00:00,completed,148.32,0.00,11.12,159.44,2025-11-09 00:00:00+00:00,2026-09-24 15:51:32.431066+00:00
1384,TXN-202609-001384,307,2026-09-01 00:00:00+00:00,completed,113.79,0.00,8.53,122.32,2026-09-01 00:00:00+00:00,2026-09-24 15:51:32.431066+00:00
1385,TXN-202607-001385,948,2026-07-26 00:00:00+00:00,completed,949.35,0.00,71.20,1020.55,2026-07-26 00:00:00+00:00,2026-09-24 15:51:32.431066+00:00
1386,TXN-202606-001386,690,2026-06-17 00:00:00+00:00,refunded,632.76,0.00,47.46,680.22,2026-06-17 00:00:00+00:00,2026-09-24 15:51:32.431066+00:00
1387,TXN-202604-001387,380,2026-04-16 00:00:00+00:00,completed,1061.83,0.00,79.64,1141.47,2026-04-16 00:00:00+00:00,2026-09-24 15:51:32.431066+00:00
1388,TXN-202609-001388,577,2026-09-03 00:00:00+00:00,completed,808.83,0.00,60.66,869.49,2026-09-03 00:00:00+00:00,2026-09-24 15:51:32.431066+00:00
1389,TXN-202510-001389,800,2025-10-15 00:00:00+00:00,completed,153.57,0.00,11.52,165.09,2025-10-15 00:00:00+00:00,2026-09-24 15:51:32.431066+00:00
1390,TXN-202609-001390,530,2026-09-11 00:00:00+00:00,completed,48134.93,0.00,3610.12,51745.05,2026-09-11 00:00:00+00:00,2026-09-24 15:51:32.431066+00:00
1391,TXN-202510-001391,273,2025-10-31 00:00:00+00:00,completed,812.69,0.00,60.95,873.64,2025-10-31 00:00:00+00:00,2026-09-24 15:51:32.431066+00:00
1392,TXN-202512-001392,113,2025-12-29 00:00:00+00:00,completed,570.67,0.00,42.80,613.47,2025-12-29 00:00:00+00:00,2026-09-24 15:51:32.431066+00:00
1393,TXN-202608-001393,711,2026-08-16 00:00:00+00:00,completed,221.91,0.00,16.64,238.55,2026-08-16 00:00:00+00:00,2026-09-24 15:51:32.431066+00:00
1394,TXN-202609-001394,351,2026-09-19 00:00:00+00:00,completed,34688.91,0.00,2601.67,37290.58,2026-09-19 00:00:00+00:00,2026-09-24 15:51:32.431066+00:00
1395,TXN-202609-001395,920,2026-09-15 00:00:00+00:00,completed,220.20,0.00,16.51,236.71,2026-09-15 00:00:00+00:00,2026-09-24 15:51:32.431066+00:00
1396,TXN-202606-001396,806,2026-06-01 00:00:00+00:00,completed,23062.40,0.00,1729.68,24792.08,2026-06-01 00:00:00+00:00,2026-09-24 15:51:32.431066+00:00
1397,TXN-202604-001397,222,2026-04-23 00:00:00+00:00,completed,9326.56,0.00,699.49,10026.05,2026-04-23 00:00:00+00:00,2026-09-24 15:51:32.431066+00:00
1398,TXN-202603-001398,37,2026-03-08 00:00:00+00:00,completed,771.59,0.00,57.87,829.46,2026-03-08 00:00:00+00:00,2026-09-24 15:51:32.431066+00:00
1399,TXN-202606-001399,721,2026-06-11 00:00:00+00:00,completed,770.08,0.00,57.76,827.84,2026-06-11 00:00:00+00:00,2026-09-24 15:51:32.431066+00:00
1400,TXN-202609-001400,203,2026-09-04 00:00:00+00:00,completed,1114.35,0.00,83.58,1197.93,2026-09-04 00:00:00+00:00,2026-09-24 15:51:32.431066+00:00
1401,TXN-202606-001401,137,2026-06-13 00:00:00+00:00,completed,4685.87,0.00,351.44,5037.31,2026-06-13 00:00:00+00:00,2026-09-24 15:51:32.431066+00:00
1402,TXN-202602-001402,480,2026-02-20 00:00:00+00:00,completed,1646.56,0.00,123.49,1770.05,2026-02-20 00:00:00+00:00,2026-09-24 15:51:32.431066+00:00
1403,TXN-202606-001403,424,2026-06-01 00:00:00+00:00,completed,42.31,0.00,3.17,45.48,2026-06-01 00:00:00+00:00,2026-09-24 15:51:32.431066+00:00
1404,TXN-202608-001404,690,2026-08-13 00:00:00+00:00,completed,1075.96,0.00,80.70,1156.66,2026-08-13 00:00:00+00:00,2026-09-24 15:51:32.431066+00:00
1405,TXN-202602-001405,998,2026-02-28 00:00:00+00:00,completed,7840.65,0.00,588.05,8428.70,2026-02-28 00:00:00+00:00,2026-09-24 15:51:32.431066+00:00
1406,TXN-202512-001406,107,2025-12-21 00:00:00+00:00,completed,648.83,0.00,48.66,697.49,2025-12-21 00:00:00+00:00,2026-09-24 15:51:32.431066+00:00
1407,TXN-202609-001407,111,2026-09-02 00:00:00+00:00,completed,626.95,0.00,47.02,673.97,2026-09-02 00:00:00+00:00,2026-09-24 15:51:32.431066+00:00
1408,TXN-202512-001408,645,2025-12-23 00:00:00+00:00,completed,1943.30,0.00,145.75,2089.05,2025-12-23 00:00:00+00:00,2026-09-24 15:51:32.431066+00:00
1409,TXN-202604-001409,682,2026-04-01 00:00:00+00:00,completed,233.91,11.70,16.67,238.88,2026-04-01 00:00:00+00:00,2026-09-24 15:51:32.431066+00:00
1410,TXN-202608-001410,664,2026-08-16 00:00:00+00:00,completed,1246.06,0.00,93.45,1339.51,2026-08-16 00:00:00+00:00,2026-09-24 15:51:32.431066+00:00
1411,TXN-202606-001411,267,2026-06-20 00:00:00+00:00,completed,16.50,0.00,1.24,17.74,2026-06-20 00:00:00+00:00,2026-09-24 15:51:32.431066+00:00
1412,TXN-202609-001412,62,2026-09-14 00:00:00+00:00,completed,264.20,13.21,18.82,269.81,2026-09-14 00:00:00+00:00,2026-09-24 15:51:32.431066+00:00
1413,TXN-202608-001413,494,2026-08-31 00:00:00+00:00,completed,47360.90,0.00,3552.07,50912.97,2026-08-31 00:00:00+00:00,2026-09-24 15:51:32.431066+00:00
1414,TXN-202608-001414,68,2026-08-13 00:00:00+00:00,completed,962.08,0.00,72.16,1034.24,2026-08-13 00:00:00+00:00,2026-09-24 15:51:32.431066+00:00
1415,TXN-202607-001415,106,2026-07-03 00:00:00+00:00,completed,12756.23,0.00,956.72,13712.95,2026-07-03 00:00:00+00:00,2026-09-24 15:51:32.431066+00:00
1416,TXN-202601-001416,771,2026-01-03 00:00:00+00:00,completed,18.31,0.00,1.37,19.68,2026-01-03 00:00:00+00:00,2026-09-24 15:51:32.431066+00:00
1417,TXN-202603-001417,769,2026-03-19 00:00:00+00:00,refunded,17436.35,0.00,1307.73,18744.08,2026-03-19 00:00:00+00:00,2026-09-24 15:51:32.431066+00:00
1418,TXN-202605-001418,945,2026-05-04 00:00:00+00:00,completed,93.42,0.00,7.01,100.43,2026-05-04 00:00:00+00:00,2026-09-24 15:51:32.431066+00:00
1419,TXN-202604-001419,176,2026-04-26 00:00:00+00:00,completed,6824.35,0.00,511.83,7336.18,2026-04-26 00:00:00+00:00,2026-09-24 15:51:32.431066+00:00
1420,TXN-202604-001420,377,2026-04-25 00:00:00+00:00,completed,126.70,0.00,9.50,136.20,2026-04-25 00:00:00+00:00,2026-09-24 15:51:32.431066+00:00
1421,TXN-202512-001421,335,2025-12-02 00:00:00+00:00,completed,152.63,7.63,10.88,155.88,2025-12-02 00:00:00+00:00,2026-09-24 15:51:32.431066+00:00
1422,TXN-202608-001422,84,2026-08-03 00:00:00+00:00,completed,15215.62,0.00,1141.17,16356.79,2026-08-03 00:00:00+00:00,2026-09-24 15:51:32.431066+00:00
1423,TXN-202608-001423,84,2026-08-27 00:00:00+00:00,completed,42332.86,0.00,3174.96,45507.82,2026-08-27 00:00:00+00:00,2026-09-24 15:51:32.431066+00:00
1424,TXN-202608-001424,647,2026-08-26 00:00:00+00:00,completed,332.38,0.00,24.93,357.31,2026-08-26 00:00:00+00:00,2026-09-24 15:51:32.431066+00:00
1425,TXN-202512-001425,447,2025-12-27 00:00:00+00:00,completed,6608.05,0.00,495.60,7103.65,2025-12-27 00:00:00+00:00,2026-09-24 15:51:32.431066+00:00
1426,TXN-202607-001426,239,2026-07-20 00:00:00+00:00,completed,52.88,0.00,3.97,56.85,2026-07-20 00:00:00+00:00,2026-09-24 15:51:32.431066+00:00
1427,TXN-202607-001427,512,2026-07-23 00:00:00+00:00,completed,100.68,0.00,7.55,108.23,2026-07-23 00:00:00+00:00,2026-09-24 15:51:32.431066+00:00
1428,TXN-202608-001428,450,2026-08-28 00:00:00+00:00,completed,606.56,0.00,45.49,652.05,2026-08-28 00:00:00+00:00,2026-09-24 15:51:32.431066+00:00
1429,TXN-202608-001429,799,2026-08-26 00:00:00+00:00,completed,873.84,0.00,65.54,939.38,2026-08-26 00:00:00+00:00,2026-09-24 15:51:32.431066+00:00
1430,TXN-202608-001430,53,2026-08-10 00:00:00+00:00,completed,1946.00,0.00,145.95,2091.95,2026-08-10 00:00:00+00:00,2026-09-24 15:51:32.431066+00:00
1431,TXN-202603-001431,467,2026-03-03 00:00:00+00:00,completed,586.31,0.00,43.97,630.28,2026-03-03 00:00:00+00:00,2026-09-24 15:51:32.431066+00:00
1432,TXN-202512-001432,702,2025-12-29 00:00:00+00:00,completed,2041.20,102.06,145.44,2084.58,2025-12-29 00:00:00+00:00,2026-09-24 15:51:32.431066+00:00
1433,TXN-202602-001433,954,2026-02-25 00:00:00+00:00,completed,5286.64,0.00,396.50,5683.14,2026-02-25 00:00:00+00:00,2026-09-24 15:51:32.431066+00:00
1434,TXN-202607-001434,189,2026-07-21 00:00:00+00:00,completed,741.08,0.00,55.58,796.66,2026-07-21 00:00:00+00:00,2026-09-24 15:51:32.431066+00:00
1435,TXN-202607-001435,568,2026-07-03 00:00:00+00:00,completed,481.04,0.00,36.08,517.12,2026-07-03 00:00:00+00:00,2026-09-24 15:51:32.431066+00:00
1436,TXN-202606-001436,198,2026-06-15 00:00:00+00:00,completed,165.78,0.00,12.43,178.21,2026-06-15 00:00:00+00:00,2026-09-24 15:51:32.431066+00:00
1437,TXN-202608-001437,807,2026-08-05 00:00:00+00:00,completed,780.05,0.00,58.50,838.55,2026-08-05 00:00:00+00:00,2026-09-24 15:51:32.431066+00:00
1438,TXN-202605-001438,902,2026-05-23 00:00:00+00:00,completed,1422.41,0.00,106.68,1529.09,2026-05-23 00:00:00+00:00,2026-09-24 15:51:32.431066+00:00
1439,TXN-202602-001439,272,2026-02-15 00:00:00+00:00,completed,10641.89,0.00,798.14,11440.03,2026-02-15 00:00:00+00:00,2026-09-24 15:51:32.431066+00:00
1440,TXN-202601-001440,987,2026-01-21 00:00:00+00:00,completed,2526.32,0.00,189.47,2715.79,2026-01-21 00:00:00+00:00,2026-09-24 15:51:32.431066+00:00
1441,TXN-202608-001441,29,2026-08-18 00:00:00+00:00,completed,14.36,0.00,1.08,15.44,2026-08-18 00:00:00+00:00,2026-09-24 15:51:32.431066+00:00
1442,TXN-202607-001442,940,2026-07-01 00:00:00+00:00,completed,3028.54,0.00,227.14,3255.68,2026-07-01 00:00:00+00:00,2026-09-24 15:51:32.431066+00:00
1443,TXN-202608-001443,975,2026-08-06 00:00:00+00:00,completed,403.22,0.00,30.24,433.46,2026-08-06 00:00:00+00:00,2026-09-24 15:51:32.431066+00:00
1444,TXN-202511-001444,258,2025-11-24 00:00:00+00:00,completed,509.22,0.00,38.19,547.41,2025-11-24 00:00:00+00:00,2026-09-24 15:51:32.431066+00:00
1445,TXN-202607-001445,200,2026-07-24 00:00:00+00:00,completed,626.64,0.00,47.00,673.64,2026-07-24 00:00:00+00:00,2026-09-24 15:51:32.431066+00:00
1446,TXN-202507-001446,702,2025-07-28 00:00:00+00:00,completed,36.03,0.00,2.70,38.73,2025-07-28 00:00:00+00:00,2026-09-24 15:51:32.431066+00:00
1447,TXN-202605-001447,370,2026-05-05 00:00:00+00:00,completed,390.42,19.52,27.82,398.72,2026-05-05 00:00:00+00:00,2026-09-24 15:51:32.431066+00:00
1448,TXN-202607-001448,416,2026-07-29 00:00:00+00:00,completed,255.32,0.00,19.15,274.47,2026-07-29 00:00:00+00:00,2026-09-24 15:51:32.431066+00:00
1449,TXN-202606-001449,459,2026-06-15 00:00:00+00:00,completed,56.44,0.00,4.23,60.67,2026-06-15 00:00:00+00:00,2026-09-24 15:51:32.431066+00:00
1450,TXN-202603-001450,350,2026-03-22 00:00:00+00:00,completed,1184.08,0.00,88.81,1272.89,2026-03-22 00:00:00+00:00,2026-09-24 15:51:32.431066+00:00
1451,TXN-202603-001451,886,2026-03-21 00:00:00+00:00,completed,544.69,27.23,38.81,556.27,2026-03-21 00:00:00+00:00,2026-09-24 15:51:32.431066+00:00
1452,TXN-202511-001452,740,2025-11-14 00:00:00+00:00,completed,65.08,0.00,4.88,69.96,2025-11-14 00:00:00+00:00,2026-09-24 15:51:32.431066+00:00
1453,TXN-202603-001453,586,2026-03-22 00:00:00+00:00,completed,4365.25,0.00,327.39,4692.64,2026-03-22 00:00:00+00:00,2026-09-24 15:51:32.431066+00:00
1454,TXN-202603-001454,518,2026-03-25 00:00:00+00:00,completed,380.22,0.00,28.52,408.74,2026-03-25 00:00:00+00:00,2026-09-24 15:51:32.431066+00:00
1455,TXN-202609-001455,80,2026-09-15 00:00:00+00:00,completed,569.37,0.00,42.70,612.07,2026-09-15 00:00:00+00:00,2026-09-24 15:51:32.431066+00:00
1456,TXN-202512-001456,713,2025-12-03 00:00:00+00:00,completed,4091.96,0.00,306.90,4398.86,2025-12-03 00:00:00+00:00,2026-09-24 15:51:32.431066+00:00
1457,TXN-202512-001457,559,2025-12-21 00:00:00+00:00,completed,25500.78,0.00,1912.56,27413.34,2025-12-21 00:00:00+00:00,2026-09-24 15:51:32.431066+00:00
1458,TXN-202604-001458,645,2026-04-28 00:00:00+00:00,completed,10490.09,0.00,786.76,11276.85,2026-04-28 00:00:00+00:00,2026-09-24 15:51:32.431066+00:00
1459,TXN-202606-001459,826,2026-06-20 00:00:00+00:00,completed,202.85,0.00,15.21,218.06,2026-06-20 00:00:00+00:00,2026-09-24 15:51:32.431066+00:00
1460,TXN-202606-001460,10,2026-06-24 00:00:00+00:00,completed,1656.30,0.00,124.22,1780.52,2026-06-24 00:00:00+00:00,2026-09-24 15:51:32.431066+00:00
1461,TXN-202507-001461,158,2025-07-20 00:00:00+00:00,completed,15104.60,0.00,1132.85,16237.45,2025-07-20 00:00:00+00:00,2026-09-24 15:51:32.431066+00:00
1462,TXN-202607-001462,472,2026-07-22 00:00:00+00:00,completed,4035.97,0.00,302.70,4338.67,2026-07-22 00:00:00+00:00,2026-09-24 15:51:32.431066+00:00
1463,TXN-202607-001463,12,2026-07-19 00:00:00+00:00,completed,553.53,0.00,41.51,595.04,2026-07-19 00:00:00+00:00,2026-09-24 15:51:32.431066+00:00
1464,TXN-202607-001464,162,2026-07-16 00:00:00+00:00,completed,2903.04,0.00,217.73,3120.77,2026-07-16 00:00:00+00:00,2026-09-24 15:51:32.431066+00:00
1465,TXN-202512-001465,362,2025-12-05 00:00:00+00:00,completed,75.86,0.00,5.69,81.55,2025-12-05 00:00:00+00:00,2026-09-24 15:51:32.431066+00:00
1466,TXN-202510-001466,799,2025-10-16 00:00:00+00:00,completed,68.56,0.00,5.14,73.70,2025-10-16 00:00:00+00:00,2026-09-24 15:51:32.431066+00:00
1467,TXN-202606-001467,652,2026-06-04 00:00:00+00:00,completed,445.65,0.00,33.42,479.07,2026-06-04 00:00:00+00:00,2026-09-24 15:51:32.431066+00:00
1468,TXN-202609-001468,863,2026-09-09 00:00:00+00:00,completed,618.82,0.00,46.41,665.23,2026-09-09 00:00:00+00:00,2026-09-24 15:51:32.431066+00:00
1469,TXN-202511-001469,614,2025-11-27 00:00:00+00:00,completed,272.48,0.00,20.44,292.92,2025-11-27 00:00:00+00:00,2026-09-24 15:51:32.431066+00:00
1470,TXN-202603-001470,589,2026-03-23 00:00:00+00:00,completed,2590.32,0.00,194.27,2784.59,2026-03-23 00:00:00+00:00,2026-09-24 15:51:32.431066+00:00
1471,TXN-202511-001471,228,2025-11-06 00:00:00+00:00,completed,24.56,0.00,1.84,26.40,2025-11-06 00:00:00+00:00,2026-09-24 15:51:32.431066+00:00
1472,TXN-202605-001472,957,2026-05-01 00:00:00+00:00,completed,236.72,0.00,17.75,254.47,2026-05-01 00:00:00+00:00,2026-09-24 15:51:32.431066+00:00
1473,TXN-202608-001473,104,2026-08-18 00:00:00+00:00,completed,20722.17,0.00,1554.16,22276.33,2026-08-18 00:00:00+00:00,2026-09-24 15:51:32.431066+00:00
1474,TXN-202508-001474,839,2025-08-12 00:00:00+00:00,completed,715.88,35.79,51.01,731.10,2025-08-12 00:00:00+00:00,2026-09-24 15:51:32.431066+00:00
1475,TXN-202511-001475,990,2025-11-25 00:00:00+00:00,completed,36.69,0.00,2.75,39.44,2025-11-25 00:00:00+00:00,2026-09-24 15:51:32.431066+00:00
1476,TXN-202510-001476,73,2025-10-30 00:00:00+00:00,completed,216.50,0.00,16.24,232.74,2025-10-30 00:00:00+00:00,2026-09-24 15:51:32.431066+00:00
1477,TXN-202607-001477,78,2026-07-12 00:00:00+00:00,completed,45.78,0.00,3.43,49.21,2026-07-12 00:00:00+00:00,2026-09-24 15:51:32.431066+00:00
1478,TXN-202605-001478,761,2026-05-16 00:00:00+00:00,completed,158.00,0.00,11.85,169.85,2026-05-16 00:00:00+00:00,2026-09-24 15:51:32.431066+00:00
1479,TXN-202606-001479,775,2026-06-19 00:00:00+00:00,pending,9772.02,0.00,732.90,10504.92,2026-06-19 00:00:00+00:00,2026-09-24 15:51:32.431066+00:00
1480,TXN-202510-001480,420,2025-10-15 00:00:00+00:00,completed,88.11,0.00,6.61,94.72,2025-10-15 00:00:00+00:00,2026-09-24 15:51:32.431066+00:00
1481,TXN-202511-001481,244,2025-11-15 00:00:00+00:00,completed,101.82,5.09,7.25,103.98,2025-11-15 00:00:00+00:00,2026-09-24 15:51:32.431066+00:00
1482,TXN-202608-001482,322,2026-08-24 00:00:00+00:00,completed,531.48,0.00,39.86,571.34,2026-08-24 00:00:00+00:00,2026-09-24 15:51:32.431066+00:00
1483,TXN-202606-001483,703,2026-06-05 00:00:00+00:00,completed,1034.56,0.00,77.59,1112.15,2026-06-05 00:00:00+00:00,2026-09-24 15:51:32.431066+00:00
1484,TXN-202511-001484,751,2025-11-20 00:00:00+00:00,pending,37.39,0.00,2.80,40.19,2025-11-20 00:00:00+00:00,2026-09-24 15:51:32.431066+00:00
1485,TXN-202601-001485,401,2026-01-19 00:00:00+00:00,completed,151.72,0.00,11.38,163.10,2026-01-19 00:00:00+00:00,2026-09-24 15:51:32.431066+00:00
1486,TXN-202607-001486,91,2026-07-14 00:00:00+00:00,completed,40681.78,0.00,3051.13,43732.91,2026-07-14 00:00:00+00:00,2026-09-24 15:51:32.431066+00:00
1487,TXN-202605-001487,470,2026-05-31 00:00:00+00:00,completed,25866.78,0.00,1940.01,27806.79,2026-05-31 00:00:00+00:00,2026-09-24 15:51:32.431066+00:00
1488,TXN-202511-001488,82,2025-11-15 00:00:00+00:00,completed,16405.25,0.00,1230.39,17635.64,2025-11-15 00:00:00+00:00,2026-09-24 15:51:32.431066+00:00
1489,TXN-202606-001489,375,2026-06-07 00:00:00+00:00,completed,255.34,0.00,19.15,274.49,2026-06-07 00:00:00+00:00,2026-09-24 15:51:32.431066+00:00
1490,TXN-202604-001490,738,2026-04-01 00:00:00+00:00,completed,54392.55,0.00,4079.44,58471.99,2026-04-01 00:00:00+00:00,2026-09-24 15:51:32.431066+00:00
1491,TXN-202607-001491,977,2026-07-04 00:00:00+00:00,completed,584.10,0.00,43.81,627.91,2026-07-04 00:00:00+00:00,2026-09-24 15:51:32.431066+00:00
1492,TXN-202609-001492,763,2026-09-17 00:00:00+00:00,completed,9109.07,0.00,683.18,9792.25,2026-09-17 00:00:00+00:00,2026-09-24 15:51:32.431066+00:00
1493,TXN-202604-001493,818,2026-04-26 00:00:00+00:00,completed,695.88,0.00,52.19,748.07,2026-04-26 00:00:00+00:00,2026-09-24 15:51:32.431066+00:00
1494,TXN-202603-001494,19,2026-03-26 00:00:00+00:00,completed,1361.18,0.00,102.09,1463.27,2026-03-26 00:00:00+00:00,2026-09-24 15:51:32.431066+00:00
1495,TXN-202606-001495,535,2026-06-22 00:00:00+00:00,completed,21379.09,0.00,1603.43,22982.52,2026-06-22 00:00:00+00:00,2026-09-24 15:51:32.431066+00:00
1496,TXN-202511-001496,755,2025-11-21 00:00:00+00:00,completed,127.82,0.00,9.59,137.41,2025-11-21 00:00:00+00:00,2026-09-24 15:51:32.431066+00:00
1497,TXN-202606-001497,931,2026-06-09 00:00:00+00:00,completed,1129.29,0.00,84.70,1213.99,2026-06-09 00:00:00+00:00,2026-09-24 15:51:32.431066+00:00
1498,TXN-202512-001498,629,2025-12-11 00:00:00+00:00,completed,7584.88,0.00,568.87,8153.75,2025-12-11 00:00:00+00:00,2026-09-24 15:51:32.431066+00:00
1499,TXN-202512-001499,819,2025-12-28 00:00:00+00:00,completed,1127.09,0.00,84.53,1211.62,2025-12-28 00:00:00+00:00,2026-09-24 15:51:32.431066+00:00
1500,TXN-202512-001500,966,2025-12-22 00:00:00+00:00,completed,775.87,0.00,58.19,834.06,2025-12-22 00:00:00+00:00,2026-09-24 15:51:32.431066+00:00
1501,TXN-202607-001501,588,2026-07-29 00:00:00+00:00,completed,3122.88,0.00,234.22,3357.10,2026-07-29 00:00:00+00:00,2026-09-24 15:51:32.431066+00:00
1502,TXN-202608-001502,763,2026-08-21 00:00:00+00:00,completed,12981.16,0.00,973.59,13954.75,2026-08-21 00:00:00+00:00,2026-09-24 15:51:32.431066+00:00
1503,TXN-202606-001503,65,2026-06-20 00:00:00+00:00,completed,72.17,0.00,5.41,77.58,2026-06-20 00:00:00+00:00,2026-09-24 15:51:32.431066+00:00
1504,TXN-202608-001504,879,2026-08-26 00:00:00+00:00,completed,1993.61,0.00,149.52,2143.13,2026-08-26 00:00:00+00:00,2026-09-24 15:51:32.431066+00:00
1505,TXN-202605-001505,3,2026-05-28 00:00:00+00:00,completed,19076.44,0.00,1430.73,20507.17,2026-05-28 00:00:00+00:00,2026-09-24 15:51:32.431066+00:00
1506,TXN-202601-001506,540,2026-01-19 00:00:00+00:00,refunded,478.22,0.00,35.87,514.09,2026-01-19 00:00:00+00:00,2026-09-24 15:51:32.431066+00:00
1507,TXN-202603-001507,157,2026-03-07 00:00:00+00:00,completed,1178.28,0.00,88.37,1266.65,2026-03-07 00:00:00+00:00,2026-09-24 15:51:32.431066+00:00
1508,TXN-202608-001508,538,2026-08-11 00:00:00+00:00,refunded,481.04,0.00,36.08,517.12,2026-08-11 00:00:00+00:00,2026-09-24 15:51:32.431066+00:00
1509,TXN-202511-001509,630,2025-11-20 00:00:00+00:00,completed,989.92,0.00,74.24,1064.16,2025-11-20 00:00:00+00:00,2026-09-24 15:51:32.431066+00:00
1510,TXN-202508-001510,240,2025-08-16 00:00:00+00:00,completed,320.43,0.00,24.03,344.46,2025-08-16 00:00:00+00:00,2026-09-24 15:51:32.431066+00:00
1511,TXN-202605-001511,660,2026-05-13 00:00:00+00:00,completed,83.82,0.00,6.29,90.11,2026-05-13 00:00:00+00:00,2026-09-24 15:51:32.431066+00:00
1512,TXN-202605-001512,63,2026-05-05 00:00:00+00:00,completed,531.24,0.00,39.84,571.08,2026-05-05 00:00:00+00:00,2026-09-24 15:51:32.431066+00:00
1513,TXN-202608-001513,253,2026-08-20 00:00:00+00:00,completed,901.22,0.00,67.59,968.81,2026-08-20 00:00:00+00:00,2026-09-24 15:51:32.431066+00:00
1514,TXN-202608-001514,318,2026-08-10 00:00:00+00:00,completed,5654.97,0.00,424.12,6079.09,2026-08-10 00:00:00+00:00,2026-09-24 15:51:32.431066+00:00
1515,TXN-202609-001515,301,2026-09-16 00:00:00+00:00,pending,7963.37,0.00,597.25,8560.62,2026-09-16 00:00:00+00:00,2026-09-24 15:51:32.431066+00:00
1516,TXN-202604-001516,492,2026-04-18 00:00:00+00:00,completed,4885.20,0.00,366.39,5251.59,2026-04-18 00:00:00+00:00,2026-09-24 15:51:32.431066+00:00
1517,TXN-202509-001517,357,2025-09-11 00:00:00+00:00,completed,167.11,0.00,12.53,179.64,2025-09-11 00:00:00+00:00,2026-09-24 15:51:32.431066+00:00
1518,TXN-202609-001518,311,2026-09-23 00:00:00+00:00,completed,419.22,0.00,31.44,450.66,2026-09-23 00:00:00+00:00,2026-09-24 15:51:32.431066+00:00
1519,TXN-202609-001519,765,2026-09-08 00:00:00+00:00,completed,29250.33,0.00,2193.77,31444.10,2026-09-08 00:00:00+00:00,2026-09-24 15:51:32.431066+00:00
1520,TXN-202604-001520,7,2026-04-08 00:00:00+00:00,completed,1171.32,0.00,87.85,1259.17,2026-04-08 00:00:00+00:00,2026-09-24 15:51:32.431066+00:00
1521,TXN-202607-001521,125,2026-07-16 00:00:00+00:00,completed,13788.25,0.00,1034.12,14822.37,2026-07-16 00:00:00+00:00,2026-09-24 15:51:32.431066+00:00
1522,TXN-202607-001522,548,2026-07-15 00:00:00+00:00,completed,572.28,0.00,42.92,615.20,2026-07-15 00:00:00+00:00,2026-09-24 15:51:32.431066+00:00
1523,TXN-202512-001523,895,2025-12-17 00:00:00+00:00,completed,968.40,0.00,72.63,1041.03,2025-12-17 00:00:00+00:00,2026-09-24 15:51:32.431066+00:00
1524,TXN-202603-001524,766,2026-03-14 00:00:00+00:00,completed,4513.68,0.00,338.53,4852.21,2026-03-14 00:00:00+00:00,2026-09-24 15:51:32.431066+00:00
1525,TXN-202603-001525,86,2026-03-03 00:00:00+00:00,completed,739.57,0.00,55.47,795.04,2026-03-03 00:00:00+00:00,2026-09-24 15:51:32.431066+00:00
1526,TXN-202508-001526,237,2025-08-26 00:00:00+00:00,completed,345.85,0.00,25.94,371.79,2025-08-26 00:00:00+00:00,2026-09-24 15:51:32.431066+00:00
1527,TXN-202602-001527,912,2026-02-08 00:00:00+00:00,completed,72.17,0.00,5.41,77.58,2026-02-08 00:00:00+00:00,2026-09-24 15:51:32.431066+00:00
1528,TXN-202512-001528,128,2025-12-06 00:00:00+00:00,completed,7397.60,0.00,554.82,7952.42,2025-12-06 00:00:00+00:00,2026-09-24 15:51:32.431066+00:00
1529,TXN-202603-001529,408,2026-03-20 00:00:00+00:00,completed,68.47,0.00,5.14,73.61,2026-03-20 00:00:00+00:00,2026-09-24 15:51:32.431066+00:00
1530,TXN-202607-001530,783,2026-07-28 00:00:00+00:00,completed,44766.10,0.00,3357.46,48123.56,2026-07-28 00:00:00+00:00,2026-09-24 15:51:32.431066+00:00
1531,TXN-202512-001531,180,2025-12-05 00:00:00+00:00,completed,123.10,0.00,9.23,132.33,2025-12-05 00:00:00+00:00,2026-09-24 15:51:32.431066+00:00
1532,TXN-202607-001532,425,2026-07-05 00:00:00+00:00,completed,3389.72,0.00,254.23,3643.95,2026-07-05 00:00:00+00:00,2026-09-24 15:51:32.431066+00:00
1533,TXN-202510-001533,116,2025-10-18 00:00:00+00:00,completed,22368.21,0.00,1677.62,24045.83,2025-10-18 00:00:00+00:00,2026-09-24 15:51:32.431066+00:00
1534,TXN-202608-001534,952,2026-08-26 00:00:00+00:00,completed,990.43,0.00,74.28,1064.71,2026-08-26 00:00:00+00:00,2026-09-24 15:51:32.431066+00:00
1535,TXN-202605-001535,990,2026-05-21 00:00:00+00:00,completed,216.51,10.83,15.43,221.11,2026-05-21 00:00:00+00:00,2026-09-24 15:51:32.431066+00:00
1536,TXN-202606-001536,180,2026-06-18 00:00:00+00:00,completed,666.20,0.00,49.97,716.17,2026-06-18 00:00:00+00:00,2026-09-24 15:51:32.431066+00:00
1537,TXN-202608-001537,324,2026-08-01 00:00:00+00:00,completed,153.75,0.00,11.53,165.28,2026-08-01 00:00:00+00:00,2026-09-24 15:51:32.431066+00:00
1538,TXN-202607-001538,401,2026-07-13 00:00:00+00:00,completed,919.18,0.00,68.94,988.12,2026-07-13 00:00:00+00:00,2026-09-24 15:51:32.431066+00:00
1539,TXN-202606-001539,569,2026-06-27 00:00:00+00:00,completed,198.15,0.00,14.86,213.01,2026-06-27 00:00:00+00:00,2026-09-24 15:51:32.431066+00:00
1540,TXN-202608-001540,761,2026-08-05 00:00:00+00:00,completed,163.27,0.00,12.25,175.52,2026-08-05 00:00:00+00:00,2026-09-24 15:51:32.431066+00:00
1541,TXN-202609-001541,535,2026-09-05 00:00:00+00:00,completed,9411.06,0.00,705.83,10116.89,2026-09-05 00:00:00+00:00,2026-09-24 15:51:32.431066+00:00
1542,TXN-202602-001542,564,2026-02-27 00:00:00+00:00,completed,2380.24,0.00,178.52,2558.76,2026-02-27 00:00:00+00:00,2026-09-24 15:51:32.431066+00:00
1543,TXN-202605-001543,910,2026-05-18 00:00:00+00:00,completed,63.48,0.00,4.76,68.24,2026-05-18 00:00:00+00:00,2026-09-24 15:51:32.431066+00:00
1544,TXN-202608-001544,34,2026-08-25 00:00:00+00:00,completed,187.96,0.00,14.10,202.06,2026-08-25 00:00:00+00:00,2026-09-24 15:51:32.431066+00:00
1545,TXN-202509-001545,49,2025-09-07 00:00:00+00:00,completed,932.86,0.00,69.96,1002.82,2025-09-07 00:00:00+00:00,2026-09-24 15:51:32.431066+00:00
1546,TXN-202608-001546,3,2026-08-28 00:00:00+00:00,completed,22385.00,0.00,1678.88,24063.88,2026-08-28 00:00:00+00:00,2026-09-24 15:51:32.431066+00:00
1547,TXN-202605-001547,804,2026-05-10 00:00:00+00:00,completed,4278.93,0.00,320.92,4599.85,2026-05-10 00:00:00+00:00,2026-09-24 15:51:32.431066+00:00
1548,TXN-202601-001548,476,2026-01-03 00:00:00+00:00,completed,1052.45,0.00,78.93,1131.38,2026-01-03 00:00:00+00:00,2026-09-24 15:51:32.431066+00:00
1549,TXN-202512-001549,969,2025-12-15 00:00:00+00:00,completed,702.28,0.00,52.67,754.95,2025-12-15 00:00:00+00:00,2026-09-24 15:51:32.431066+00:00
1550,TXN-202508-001550,200,2025-08-31 00:00:00+00:00,completed,147.94,0.00,11.10,159.04,2025-08-31 00:00:00+00:00,2026-09-24 15:51:32.431066+00:00
1551,TXN-202606-001551,813,2026-06-07 00:00:00+00:00,completed,51205.92,0.00,3840.44,55046.36,2026-06-07 00:00:00+00:00,2026-09-24 15:51:32.431066+00:00
1552,TXN-202608-001552,722,2026-08-27 00:00:00+00:00,completed,1185.48,59.27,84.47,1210.68,2026-08-27 00:00:00+00:00,2026-09-24 15:51:32.431066+00:00
1553,TXN-202603-001553,261,2026-03-31 00:00:00+00:00,completed,8595.64,0.00,644.67,9240.31,2026-03-31 00:00:00+00:00,2026-09-24 15:51:32.431066+00:00
1554,TXN-202607-001554,611,2026-07-16 00:00:00+00:00,completed,43.81,0.00,3.29,47.10,2026-07-16 00:00:00+00:00,2026-09-24 15:51:32.431066+00:00
1555,TXN-202608-001555,607,2026-08-04 00:00:00+00:00,completed,954.16,0.00,71.56,1025.72,2026-08-04 00:00:00+00:00,2026-09-24 15:51:32.431066+00:00
1556,TXN-202603-001556,896,2026-03-15 00:00:00+00:00,completed,1496.51,0.00,112.24,1608.75,2026-03-15 00:00:00+00:00,2026-09-24 15:51:32.431066+00:00
1557,TXN-202508-001557,357,2025-08-18 00:00:00+00:00,completed,160.20,8.01,11.41,163.60,2025-08-18 00:00:00+00:00,2026-09-24 15:51:32.431066+00:00
1558,TXN-202602-001558,201,2026-02-24 00:00:00+00:00,completed,1262.98,0.00,94.72,1357.70,2026-02-24 00:00:00+00:00,2026-09-24 15:51:32.431066+00:00
1559,TXN-202604-001559,704,2026-04-05 00:00:00+00:00,completed,248.62,0.00,18.65,267.27,2026-04-05 00:00:00+00:00,2026-09-24 15:51:32.431066+00:00
1560,TXN-202603-001560,906,2026-03-09 00:00:00+00:00,completed,54704.76,0.00,4102.86,58807.62,2026-03-09 00:00:00+00:00,2026-09-24 15:51:32.431066+00:00
1561,TXN-202606-001561,241,2026-06-17 00:00:00+00:00,completed,592.66,0.00,44.45,637.11,2026-06-17 00:00:00+00:00,2026-09-24 15:51:32.431066+00:00
1562,TXN-202604-001562,597,2026-04-22 00:00:00+00:00,completed,1796.35,0.00,134.73,1931.08,2026-04-22 00:00:00+00:00,2026-09-24 15:51:32.431066+00:00
1563,TXN-202605-001563,762,2026-05-25 00:00:00+00:00,completed,1093.38,0.00,82.00,1175.38,2026-05-25 00:00:00+00:00,2026-09-24 15:51:32.431066+00:00
1564,TXN-202603-001564,820,2026-03-05 00:00:00+00:00,completed,5545.43,0.00,415.91,5961.34,2026-03-05 00:00:00+00:00,2026-09-24 15:51:32.431066+00:00
1565,TXN-202608-001565,440,2026-08-28 00:00:00+00:00,completed,41640.86,0.00,3123.06,44763.92,2026-08-28 00:00:00+00:00,2026-09-24 15:51:32.431066+00:00
1566,TXN-202608-001566,902,2026-08-06 00:00:00+00:00,completed,592.50,0.00,44.44,636.94,2026-08-06 00:00:00+00:00,2026-09-24 15:51:32.431066+00:00
1567,TXN-202512-001567,196,2025-12-02 00:00:00+00:00,completed,897.01,0.00,67.28,964.29,2025-12-02 00:00:00+00:00,2026-09-24 15:51:32.431066+00:00
1568,TXN-202607-001568,192,2026-07-10 00:00:00+00:00,completed,1813.65,0.00,136.02,1949.67,2026-07-10 00:00:00+00:00,2026-09-24 15:51:32.431066+00:00
1569,TXN-202510-001569,122,2025-10-25 00:00:00+00:00,completed,453.20,0.00,33.99,487.19,2025-10-25 00:00:00+00:00,2026-09-24 15:51:32.431066+00:00
1570,TXN-202605-001570,275,2026-05-16 00:00:00+00:00,completed,265.71,0.00,19.93,285.64,2026-05-16 00:00:00+00:00,2026-09-24 15:51:32.431066+00:00
1571,TXN-202510-001571,463,2025-10-19 00:00:00+00:00,completed,2745.35,0.00,205.90,2951.25,2025-10-19 00:00:00+00:00,2026-09-24 15:51:32.431066+00:00
1572,TXN-202604-001572,565,2026-04-14 00:00:00+00:00,completed,1433.42,71.67,102.13,1463.88,2026-04-14 00:00:00+00:00,2026-09-24 15:51:32.431066+00:00
1573,TXN-202601-001573,106,2026-01-06 00:00:00+00:00,completed,27363.19,0.00,2052.24,29415.43,2026-01-06 00:00:00+00:00,2026-09-24 15:51:32.431066+00:00
1574,TXN-202606-001574,595,2026-06-05 00:00:00+00:00,completed,1164.92,0.00,87.37,1252.29,2026-06-05 00:00:00+00:00,2026-09-24 15:51:32.431066+00:00
1575,TXN-202512-001575,689,2025-12-31 00:00:00+00:00,completed,394.85,0.00,29.61,424.46,2025-12-31 00:00:00+00:00,2026-09-24 15:51:32.431066+00:00
1576,TXN-202609-001576,30,2026-09-23 00:00:00+00:00,completed,231.33,0.00,17.35,248.68,2026-09-23 00:00:00+00:00,2026-09-24 15:51:32.431066+00:00
1577,TXN-202601-001577,154,2026-01-10 00:00:00+00:00,completed,9408.90,0.00,705.67,10114.57,2026-01-10 00:00:00+00:00,2026-09-24 15:51:32.431066+00:00
1578,TXN-202608-001578,349,2026-08-31 00:00:00+00:00,completed,1109.85,0.00,83.24,1193.09,2026-08-31 00:00:00+00:00,2026-09-24 15:51:32.431066+00:00
1579,TXN-202512-001579,614,2025-12-24 00:00:00+00:00,completed,464.52,0.00,34.84,499.36,2025-12-24 00:00:00+00:00,2026-09-24 15:51:32.431066+00:00
1580,TXN-202608-001580,665,2026-08-21 00:00:00+00:00,completed,1064.00,0.00,79.80,1143.80,2026-08-21 00:00:00+00:00,2026-09-24 15:51:32.431066+00:00
1581,TXN-202609-001581,57,2026-09-08 00:00:00+00:00,completed,235.60,0.00,17.67,253.27,2026-09-08 00:00:00+00:00,2026-09-24 15:51:32.431066+00:00
1582,TXN-202507-001582,799,2025-07-15 00:00:00+00:00,completed,660.20,0.00,49.52,709.72,2025-07-15 00:00:00+00:00,2026-09-24 15:51:32.431066+00:00
1583,TXN-202607-001583,710,2026-07-16 00:00:00+00:00,completed,470.25,23.51,33.51,480.25,2026-07-16 00:00:00+00:00,2026-09-24 15:51:32.431066+00:00
1584,TXN-202609-001584,426,2026-09-17 00:00:00+00:00,completed,69512.64,0.00,5213.45,74726.09,2026-09-17 00:00:00+00:00,2026-09-24 15:51:32.431066+00:00
1585,TXN-202505-001585,268,2025-05-14 00:00:00+00:00,completed,449.12,0.00,33.68,482.80,2025-05-14 00:00:00+00:00,2026-09-24 15:51:32.431066+00:00
1586,TXN-202608-001586,513,2026-08-31 00:00:00+00:00,completed,30067.49,1503.37,2142.31,30706.43,2026-08-31 00:00:00+00:00,2026-09-24 15:51:32.431066+00:00
1587,TXN-202603-001587,887,2026-03-02 00:00:00+00:00,refunded,311.82,0.00,23.39,335.21,2026-03-02 00:00:00+00:00,2026-09-24 15:51:32.431066+00:00
1588,TXN-202601-001588,412,2026-01-26 00:00:00+00:00,completed,217.47,0.00,16.31,233.78,2026-01-26 00:00:00+00:00,2026-09-24 15:51:32.431066+00:00
1589,TXN-202604-001589,920,2026-04-03 00:00:00+00:00,completed,364.08,0.00,27.31,391.39,2026-04-03 00:00:00+00:00,2026-09-24 15:51:32.431066+00:00
1590,TXN-202608-001590,632,2026-08-30 00:00:00+00:00,completed,221.53,0.00,16.61,238.14,2026-08-30 00:00:00+00:00,2026-09-24 15:51:32.431066+00:00
1591,TXN-202512-001591,175,2025-12-22 00:00:00+00:00,completed,876.71,0.00,65.75,942.46,2025-12-22 00:00:00+00:00,2026-09-24 15:51:32.431066+00:00
1592,TXN-202604-001592,999,2026-04-10 00:00:00+00:00,completed,4215.12,0.00,316.13,4531.25,2026-04-10 00:00:00+00:00,2026-09-24 15:51:32.431066+00:00
1593,TXN-202609-001593,1,2026-09-21 00:00:00+00:00,completed,22502.37,0.00,1687.68,24190.05,2026-09-21 00:00:00+00:00,2026-09-24 15:51:32.431066+00:00
1594,TXN-202609-001594,710,2026-09-24 00:00:00+00:00,completed,393.74,0.00,29.53,423.27,2026-09-24 00:00:00+00:00,2026-09-24 15:51:32.431066+00:00
1595,TXN-202608-001595,155,2026-08-25 00:00:00+00:00,completed,883.30,0.00,66.25,949.55,2026-08-25 00:00:00+00:00,2026-09-24 15:51:32.431066+00:00
1596,TXN-202605-001596,452,2026-05-09 00:00:00+00:00,completed,32654.13,0.00,2449.06,35103.19,2026-05-09 00:00:00+00:00,2026-09-24 15:51:32.431066+00:00
1597,TXN-202605-001597,828,2026-05-10 00:00:00+00:00,refunded,8655.82,432.79,616.73,8839.76,2026-05-10 00:00:00+00:00,2026-09-24 15:51:32.431066+00:00
1598,TXN-202605-001598,817,2026-05-17 00:00:00+00:00,completed,721.56,0.00,54.12,775.68,2026-05-17 00:00:00+00:00,2026-09-24 15:51:32.431066+00:00
1599,TXN-202607-001599,28,2026-07-28 00:00:00+00:00,completed,524.04,0.00,39.30,563.34,2026-07-28 00:00:00+00:00,2026-09-24 15:51:32.431066+00:00
1600,TXN-202609-001600,709,2026-09-17 00:00:00+00:00,completed,2881.19,0.00,216.09,3097.28,2026-09-17 00:00:00+00:00,2026-09-24 15:51:32.431066+00:00
1601,TXN-202511-001601,170,2025-11-21 00:00:00+00:00,completed,41872.05,0.00,3140.40,45012.45,2025-11-21 00:00:00+00:00,2026-09-24 15:51:32.431066+00:00
1602,TXN-202512-001602,847,2025-12-23 00:00:00+00:00,completed,10137.24,0.00,760.29,10897.53,2025-12-23 00:00:00+00:00,2026-09-24 15:51:32.431066+00:00
1603,TXN-202608-001603,313,2026-08-12 00:00:00+00:00,completed,96.94,0.00,7.27,104.21,2026-08-12 00:00:00+00:00,2026-09-24 15:51:32.431066+00:00
1604,TXN-202607-001604,259,2026-07-08 00:00:00+00:00,completed,1482.15,0.00,111.16,1593.31,2026-07-08 00:00:00+00:00,2026-09-24 15:51:32.431066+00:00
1605,TXN-202601-001605,49,2026-01-17 00:00:00+00:00,completed,2117.93,0.00,158.84,2276.77,2026-01-17 00:00:00+00:00,2026-09-24 15:51:32.431066+00:00
1606,TXN-202606-001606,604,2026-06-30 00:00:00+00:00,completed,472.00,0.00,35.40,507.40,2026-06-30 00:00:00+00:00,2026-09-24 15:51:32.431066+00:00
1607,TXN-202609-001607,709,2026-09-22 00:00:00+00:00,cancelled,1429.95,0.00,107.25,1537.20,2026-09-22 00:00:00+00:00,2026-09-24 15:51:32.431066+00:00
1608,TXN-202603-001608,716,2026-03-11 00:00:00+00:00,completed,35227.55,0.00,2642.07,37869.62,2026-03-11 00:00:00+00:00,2026-09-24 15:51:32.431066+00:00
1609,TXN-202607-001609,246,2026-07-27 00:00:00+00:00,completed,1385.35,0.00,103.90,1489.25,2026-07-27 00:00:00+00:00,2026-09-24 15:51:32.431066+00:00
1610,TXN-202511-001610,255,2025-11-08 00:00:00+00:00,completed,1610.21,0.00,120.77,1730.98,2025-11-08 00:00:00+00:00,2026-09-24 15:51:32.431066+00:00
1611,TXN-202606-001611,361,2026-06-08 00:00:00+00:00,completed,1551.13,77.56,110.52,1584.09,2026-06-08 00:00:00+00:00,2026-09-24 15:51:32.431066+00:00
1612,TXN-202601-001612,191,2026-01-30 00:00:00+00:00,completed,1405.34,0.00,105.40,1510.74,2026-01-30 00:00:00+00:00,2026-09-24 15:51:32.431066+00:00
1613,TXN-202606-001613,854,2026-06-11 00:00:00+00:00,completed,52.60,0.00,3.94,56.54,2026-06-11 00:00:00+00:00,2026-09-24 15:51:32.431066+00:00
1614,TXN-202609-001614,176,2026-09-07 00:00:00+00:00,completed,28989.78,0.00,2174.23,31164.01,2026-09-07 00:00:00+00:00,2026-09-24 15:51:32.431066+00:00
1615,TXN-202608-001615,710,2026-08-31 00:00:00+00:00,completed,841.34,0.00,63.10,904.44,2026-08-31 00:00:00+00:00,2026-09-24 15:51:32.431066+00:00
1616,TXN-202608-001616,888,2026-08-01 00:00:00+00:00,completed,2219.62,0.00,166.47,2386.09,2026-08-01 00:00:00+00:00,2026-09-24 15:51:32.431066+00:00
1617,TXN-202609-001617,807,2026-09-01 00:00:00+00:00,completed,198.15,0.00,14.86,213.01,2026-09-01 00:00:00+00:00,2026-09-24 15:51:32.431066+00:00
1618,TXN-202604-001618,474,2026-04-29 00:00:00+00:00,completed,3336.95,0.00,250.27,3587.22,2026-04-29 00:00:00+00:00,2026-09-24 15:51:32.431066+00:00
1619,TXN-202607-001619,649,2026-07-28 00:00:00+00:00,completed,173.54,0.00,13.02,186.56,2026-07-28 00:00:00+00:00,2026-09-24 15:51:32.431066+00:00
1620,TXN-202506-001620,38,2025-06-26 00:00:00+00:00,refunded,715.88,0.00,53.69,769.57,2025-06-26 00:00:00+00:00,2026-09-24 15:51:32.431066+00:00
1621,TXN-202608-001621,795,2026-08-13 00:00:00+00:00,completed,361.48,0.00,27.11,388.59,2026-08-13 00:00:00+00:00,2026-09-24 15:51:32.431066+00:00
1622,TXN-202509-001622,43,2025-09-16 00:00:00+00:00,pending,134.68,0.00,10.10,144.78,2025-09-16 00:00:00+00:00,2026-09-24 15:51:32.431066+00:00
1623,TXN-202603-001623,665,2026-03-27 00:00:00+00:00,completed,1285.77,0.00,96.43,1382.20,2026-03-27 00:00:00+00:00,2026-09-24 15:51:32.431066+00:00
1624,TXN-202602-001624,804,2026-02-27 00:00:00+00:00,completed,7117.58,0.00,533.82,7651.40,2026-02-27 00:00:00+00:00,2026-09-24 15:51:32.431066+00:00
1625,TXN-202604-001625,765,2026-04-12 00:00:00+00:00,completed,9465.03,0.00,709.88,10174.91,2026-04-12 00:00:00+00:00,2026-09-24 15:51:32.431066+00:00
1626,TXN-202609-001626,321,2026-09-24 00:00:00+00:00,completed,575.45,28.77,41.00,587.68,2026-09-24 00:00:00+00:00,2026-09-24 15:51:32.431066+00:00
1627,TXN-202510-001627,736,2025-10-13 00:00:00+00:00,refunded,240.52,0.00,18.04,258.56,2025-10-13 00:00:00+00:00,2026-09-24 15:51:32.431066+00:00
1628,TXN-202606-001628,511,2026-06-07 00:00:00+00:00,completed,1143.89,0.00,85.79,1229.68,2026-06-07 00:00:00+00:00,2026-09-24 15:51:32.431066+00:00
1629,TXN-202606-001629,120,2026-06-02 00:00:00+00:00,completed,7757.32,0.00,581.80,8339.12,2026-06-02 00:00:00+00:00,2026-09-24 15:51:32.431066+00:00
1630,TXN-202604-001630,327,2026-04-26 00:00:00+00:00,completed,256.71,0.00,19.25,275.96,2026-04-26 00:00:00+00:00,2026-09-24 15:51:32.431066+00:00
1631,TXN-202608-001631,352,2026-08-10 00:00:00+00:00,completed,32735.57,0.00,2455.17,35190.74,2026-08-10 00:00:00+00:00,2026-09-24 15:51:32.431066+00:00
1632,TXN-202609-001632,966,2026-09-03 00:00:00+00:00,completed,382.67,0.00,28.70,411.37,2026-09-03 00:00:00+00:00,2026-09-24 15:51:32.431066+00:00
1633,TXN-202604-001633,504,2026-04-02 00:00:00+00:00,completed,1188.81,0.00,89.16,1277.97,2026-04-02 00:00:00+00:00,2026-09-24 15:51:32.431066+00:00
1634,TXN-202603-001634,749,2026-03-20 00:00:00+00:00,completed,30.52,0.00,2.29,32.81,2026-03-20 00:00:00+00:00,2026-09-24 15:51:32.431066+00:00
1635,TXN-202603-001635,805,2026-03-04 00:00:00+00:00,completed,4778.23,238.91,340.45,4879.77,2026-03-04 00:00:00+00:00,2026-09-24 15:51:32.431066+00:00
1636,TXN-202604-001636,181,2026-04-19 00:00:00+00:00,completed,1350.59,0.00,101.29,1451.88,2026-04-19 00:00:00+00:00,2026-09-24 15:51:32.431066+00:00
1637,TXN-202603-001637,936,2026-03-31 00:00:00+00:00,completed,719.77,0.00,53.98,773.75,2026-03-31 00:00:00+00:00,2026-09-24 15:51:32.431066+00:00
1638,TXN-202604-001638,748,2026-04-24 00:00:00+00:00,completed,1694.40,0.00,127.08,1821.48,2026-04-24 00:00:00+00:00,2026-09-24 15:51:32.431066+00:00
1639,TXN-202603-001639,506,2026-03-04 00:00:00+00:00,completed,8701.61,0.00,652.62,9354.23,2026-03-04 00:00:00+00:00,2026-09-24 15:51:32.431066+00:00
1640,TXN-202603-001640,36,2026-03-12 00:00:00+00:00,completed,967.82,0.00,72.59,1040.41,2026-03-12 00:00:00+00:00,2026-09-24 15:51:32.431066+00:00
1641,TXN-202609-001641,120,2026-09-04 00:00:00+00:00,completed,8034.77,0.00,602.61,8637.38,2026-09-04 00:00:00+00:00,2026-09-24 15:51:32.431066+00:00
1642,TXN-202603-001642,642,2026-03-25 00:00:00+00:00,completed,71.62,0.00,5.37,76.99,2026-03-25 00:00:00+00:00,2026-09-24 15:51:32.431066+00:00
1643,TXN-202512-001643,223,2025-12-31 00:00:00+00:00,completed,339.82,0.00,25.49,365.31,2025-12-31 00:00:00+00:00,2026-09-24 15:51:32.431066+00:00
1644,TXN-202510-001644,24,2025-10-24 00:00:00+00:00,completed,544.78,0.00,40.86,585.64,2025-10-24 00:00:00+00:00,2026-09-24 15:51:32.431066+00:00
1645,TXN-202605-001645,401,2026-05-17 00:00:00+00:00,completed,925.42,46.27,65.94,945.09,2026-05-17 00:00:00+00:00,2026-09-24 15:51:32.431066+00:00
1646,TXN-202604-001646,765,2026-04-07 00:00:00+00:00,completed,13052.24,0.00,978.92,14031.16,2026-04-07 00:00:00+00:00,2026-09-24 15:51:32.431066+00:00
1647,TXN-202604-001647,588,2026-04-16 00:00:00+00:00,completed,9815.89,0.00,736.19,10552.08,2026-04-16 00:00:00+00:00,2026-09-24 15:51:32.431066+00:00
1648,TXN-202601-001648,785,2026-01-26 00:00:00+00:00,completed,652.79,0.00,48.96,701.75,2026-01-26 00:00:00+00:00,2026-09-24 15:51:32.431066+00:00
1649,TXN-202601-001649,888,2026-01-11 00:00:00+00:00,completed,1426.39,0.00,106.98,1533.37,2026-01-11 00:00:00+00:00,2026-09-24 15:51:32.431066+00:00
1650,TXN-202604-001650,771,2026-04-02 00:00:00+00:00,completed,683.22,0.00,51.24,734.46,2026-04-02 00:00:00+00:00,2026-09-24 15:51:32.431066+00:00
1651,TXN-202608-001651,6,2026-08-13 00:00:00+00:00,completed,3286.65,0.00,246.50,3533.15,2026-08-13 00:00:00+00:00,2026-09-24 15:51:32.431066+00:00
1652,TXN-202606-001652,431,2026-06-20 00:00:00+00:00,completed,10670.03,0.00,800.25,11470.28,2026-06-20 00:00:00+00:00,2026-09-24 15:51:32.431066+00:00
1653,TXN-202608-001653,862,2026-08-12 00:00:00+00:00,completed,481.04,0.00,36.08,517.12,2026-08-12 00:00:00+00:00,2026-09-24 15:51:32.431066+00:00
1654,TXN-202605-001654,532,2026-05-02 00:00:00+00:00,completed,440.12,0.00,33.01,473.13,2026-05-02 00:00:00+00:00,2026-09-24 15:51:32.431066+00:00
1655,TXN-202608-001655,341,2026-08-12 00:00:00+00:00,completed,126.13,0.00,9.46,135.59,2026-08-12 00:00:00+00:00,2026-09-24 15:51:32.431066+00:00
1656,TXN-202608-001656,260,2026-08-27 00:00:00+00:00,completed,879.06,0.00,65.93,944.99,2026-08-27 00:00:00+00:00,2026-09-24 15:51:32.431066+00:00
1657,TXN-202601-001657,552,2026-01-25 00:00:00+00:00,completed,1606.08,0.00,120.46,1726.54,2026-01-25 00:00:00+00:00,2026-09-24 15:51:32.431066+00:00
1658,TXN-202604-001658,341,2026-04-14 00:00:00+00:00,completed,570.50,0.00,42.79,613.29,2026-04-14 00:00:00+00:00,2026-09-24 15:51:32.431066+00:00
1659,TXN-202602-001659,870,2026-02-26 00:00:00+00:00,completed,20.12,0.00,1.51,21.63,2026-02-26 00:00:00+00:00,2026-09-24 15:51:32.431066+00:00
1660,TXN-202609-001660,280,2026-09-12 00:00:00+00:00,completed,764.92,38.25,54.50,781.17,2026-09-12 00:00:00+00:00,2026-09-24 15:51:32.431066+00:00
1661,TXN-202608-001661,8,2026-08-25 00:00:00+00:00,completed,1342.82,0.00,100.71,1443.53,2026-08-25 00:00:00+00:00,2026-09-24 15:51:32.431066+00:00
1662,TXN-202608-001662,274,2026-08-17 00:00:00+00:00,completed,286.36,0.00,21.48,307.84,2026-08-17 00:00:00+00:00,2026-09-24 15:51:32.431066+00:00
1663,TXN-202608-001663,400,2026-08-25 00:00:00+00:00,completed,3487.19,0.00,261.54,3748.73,2026-08-25 00:00:00+00:00,2026-09-24 15:51:32.431066+00:00
1664,TXN-202601-001664,417,2026-01-20 00:00:00+00:00,completed,106.59,0.00,7.99,114.58,2026-01-20 00:00:00+00:00,2026-09-24 15:51:32.431066+00:00
1665,TXN-202508-001665,970,2025-08-24 00:00:00+00:00,completed,405.13,20.26,28.87,413.74,2025-08-24 00:00:00+00:00,2026-09-24 15:51:32.431066+00:00
1666,TXN-202607-001666,830,2026-07-27 00:00:00+00:00,completed,1096.42,0.00,82.23,1178.65,2026-07-27 00:00:00+00:00,2026-09-24 15:51:32.431066+00:00
1667,TXN-202609-001667,856,2026-09-18 00:00:00+00:00,refunded,893.58,0.00,67.02,960.60,2026-09-18 00:00:00+00:00,2026-09-24 15:51:32.431066+00:00
1668,TXN-202604-001668,761,2026-04-19 00:00:00+00:00,completed,143.74,0.00,10.78,154.52,2026-04-19 00:00:00+00:00,2026-09-24 15:51:32.431066+00:00
1669,TXN-202609-001669,836,2026-09-07 00:00:00+00:00,completed,30887.08,0.00,2316.53,33203.61,2026-09-07 00:00:00+00:00,2026-09-24 15:51:32.431066+00:00
1670,TXN-202609-001670,944,2026-09-18 00:00:00+00:00,completed,9883.04,0.00,741.23,10624.27,2026-09-18 00:00:00+00:00,2026-09-24 15:51:32.431066+00:00
1671,TXN-202608-001671,548,2026-08-14 00:00:00+00:00,completed,169.69,8.48,12.09,173.30,2026-08-14 00:00:00+00:00,2026-09-24 15:51:32.431066+00:00
1672,TXN-202607-001672,907,2026-07-28 00:00:00+00:00,completed,290.96,0.00,21.82,312.78,2026-07-28 00:00:00+00:00,2026-09-24 15:51:32.431066+00:00
1673,TXN-202606-001673,984,2026-06-25 00:00:00+00:00,completed,291.86,14.59,20.80,298.07,2026-06-25 00:00:00+00:00,2026-09-24 15:51:32.431066+00:00
1674,TXN-202511-001674,264,2025-11-11 00:00:00+00:00,completed,23935.68,0.00,1795.18,25730.86,2025-11-11 00:00:00+00:00,2026-09-24 15:51:32.431066+00:00
1675,TXN-202608-001675,687,2026-08-20 00:00:00+00:00,completed,824.35,0.00,61.83,886.18,2026-08-20 00:00:00+00:00,2026-09-24 15:51:32.431066+00:00
1676,TXN-202606-001676,574,2026-06-26 00:00:00+00:00,completed,29.28,0.00,2.20,31.48,2026-06-26 00:00:00+00:00,2026-09-24 15:51:32.431066+00:00
1677,TXN-202607-001677,790,2026-07-18 00:00:00+00:00,completed,333.94,0.00,25.05,358.99,2026-07-18 00:00:00+00:00,2026-09-24 15:51:32.431066+00:00
1678,TXN-202602-001678,737,2026-02-14 00:00:00+00:00,completed,642.78,0.00,48.21,690.99,2026-02-14 00:00:00+00:00,2026-09-24 15:51:32.431066+00:00
1679,TXN-202605-001679,413,2026-05-09 00:00:00+00:00,completed,5628.17,0.00,422.11,6050.28,2026-05-09 00:00:00+00:00,2026-09-24 15:51:32.431066+00:00
1680,TXN-202509-001680,852,2025-09-18 00:00:00+00:00,completed,10844.89,0.00,813.37,11658.26,2025-09-18 00:00:00+00:00,2026-09-24 15:51:32.431066+00:00
1681,TXN-202605-001681,446,2026-05-17 00:00:00+00:00,completed,96.04,0.00,7.20,103.24,2026-05-17 00:00:00+00:00,2026-09-24 15:51:32.431066+00:00
1682,TXN-202605-001682,528,2026-05-25 00:00:00+00:00,completed,756.28,0.00,56.72,813.00,2026-05-25 00:00:00+00:00,2026-09-24 15:51:32.431066+00:00
1683,TXN-202608-001683,957,2026-08-13 00:00:00+00:00,completed,267.27,0.00,20.05,287.32,2026-08-13 00:00:00+00:00,2026-09-24 15:51:32.431066+00:00
1684,TXN-202607-001684,438,2026-07-22 00:00:00+00:00,completed,442.32,0.00,33.17,475.49,2026-07-22 00:00:00+00:00,2026-09-24 15:51:32.431066+00:00
1685,TXN-202603-001685,880,2026-03-29 00:00:00+00:00,completed,6592.51,0.00,494.44,7086.95,2026-03-29 00:00:00+00:00,2026-09-24 15:51:32.431066+00:00
1686,TXN-202512-001686,680,2025-12-03 00:00:00+00:00,completed,1045.90,0.00,78.44,1124.34,2025-12-03 00:00:00+00:00,2026-09-24 15:51:32.431066+00:00
1687,TXN-202609-001687,795,2026-09-20 00:00:00+00:00,completed,545.20,0.00,40.89,586.09,2026-09-20 00:00:00+00:00,2026-09-24 15:51:32.431066+00:00
1688,TXN-202602-001688,491,2026-02-18 00:00:00+00:00,completed,95.67,0.00,7.18,102.85,2026-02-18 00:00:00+00:00,2026-09-24 15:51:32.431066+00:00
1689,TXN-202608-001689,859,2026-08-10 00:00:00+00:00,completed,30899.87,0.00,2317.49,33217.36,2026-08-10 00:00:00+00:00,2026-09-24 15:51:32.431066+00:00
1690,TXN-202606-001690,235,2026-06-27 00:00:00+00:00,completed,6736.71,0.00,505.25,7241.96,2026-06-27 00:00:00+00:00,2026-09-24 15:51:32.431066+00:00
1691,TXN-202609-001691,909,2026-09-06 00:00:00+00:00,completed,321.03,0.00,24.08,345.11,2026-09-06 00:00:00+00:00,2026-09-24 15:51:32.431066+00:00
1692,TXN-202508-001692,641,2025-08-14 00:00:00+00:00,completed,248.67,0.00,18.65,267.32,2025-08-14 00:00:00+00:00,2026-09-24 15:51:32.431066+00:00
1693,TXN-202608-001693,117,2026-08-30 00:00:00+00:00,completed,7274.56,0.00,545.59,7820.15,2026-08-30 00:00:00+00:00,2026-09-24 15:51:32.431066+00:00
1694,TXN-202601-001694,228,2026-01-11 00:00:00+00:00,completed,481.04,0.00,36.08,517.12,2026-01-11 00:00:00+00:00,2026-09-24 15:51:32.431066+00:00
1695,TXN-202608-001695,462,2026-08-12 00:00:00+00:00,completed,291.79,0.00,21.88,313.67,2026-08-12 00:00:00+00:00,2026-09-24 15:51:32.431066+00:00
1696,TXN-202609-001696,622,2026-09-04 00:00:00+00:00,completed,32386.20,1619.31,2307.52,33074.41,2026-09-04 00:00:00+00:00,2026-09-24 15:51:32.431066+00:00
1697,TXN-202609-001697,898,2026-09-15 00:00:00+00:00,completed,262.66,0.00,19.70,282.36,2026-09-15 00:00:00+00:00,2026-09-24 15:51:32.431066+00:00
1698,TXN-202511-001698,483,2025-11-20 00:00:00+00:00,completed,9294.13,0.00,697.06,9991.19,2025-11-20 00:00:00+00:00,2026-09-24 15:51:32.431066+00:00
1699,TXN-202603-001699,391,2026-03-17 00:00:00+00:00,completed,2281.88,0.00,171.14,2453.02,2026-03-17 00:00:00+00:00,2026-09-24 15:51:32.431066+00:00
1700,TXN-202512-001700,630,2025-12-15 00:00:00+00:00,completed,875.97,0.00,65.70,941.67,2025-12-15 00:00:00+00:00,2026-09-24 15:51:32.431066+00:00
1701,TXN-202603-001701,669,2026-03-28 00:00:00+00:00,refunded,9967.77,0.00,747.58,10715.35,2026-03-28 00:00:00+00:00,2026-09-24 15:51:32.431066+00:00
1702,TXN-202607-001702,390,2026-07-08 00:00:00+00:00,completed,11809.35,0.00,885.70,12695.05,2026-07-08 00:00:00+00:00,2026-09-24 15:51:32.431066+00:00
1703,TXN-202606-001703,684,2026-06-02 00:00:00+00:00,completed,17688.81,0.00,1326.66,19015.47,2026-06-02 00:00:00+00:00,2026-09-24 15:51:32.431066+00:00
1704,TXN-202609-001704,459,2026-09-19 00:00:00+00:00,completed,209.73,0.00,15.73,225.46,2026-09-19 00:00:00+00:00,2026-09-24 15:51:32.431066+00:00
1705,TXN-202601-001705,806,2026-01-09 00:00:00+00:00,completed,68295.25,0.00,5122.14,73417.39,2026-01-09 00:00:00+00:00,2026-09-24 15:51:32.431066+00:00
1706,TXN-202606-001706,806,2026-06-13 00:00:00+00:00,completed,33602.50,0.00,2520.19,36122.69,2026-06-13 00:00:00+00:00,2026-09-24 15:51:32.431066+00:00
1707,TXN-202608-001707,608,2026-08-20 00:00:00+00:00,completed,1844.40,0.00,138.33,1982.73,2026-08-20 00:00:00+00:00,2026-09-24 15:51:32.431066+00:00
1708,TXN-202604-001708,154,2026-04-11 00:00:00+00:00,completed,9873.98,0.00,740.55,10614.53,2026-04-11 00:00:00+00:00,2026-09-24 15:51:32.431066+00:00
1709,TXN-202602-001709,182,2026-02-04 00:00:00+00:00,completed,18662.42,0.00,1399.68,20062.10,2026-02-04 00:00:00+00:00,2026-09-24 15:51:32.431066+00:00
1710,TXN-202606-001710,298,2026-06-03 00:00:00+00:00,completed,834.28,0.00,62.57,896.85,2026-06-03 00:00:00+00:00,2026-09-24 15:51:32.431066+00:00
1711,TXN-202606-001711,936,2026-06-24 00:00:00+00:00,completed,1318.15,0.00,98.86,1417.01,2026-06-24 00:00:00+00:00,2026-09-24 15:51:32.431066+00:00
1712,TXN-202607-001712,415,2026-07-25 00:00:00+00:00,completed,168.26,0.00,12.62,180.88,2026-07-25 00:00:00+00:00,2026-09-24 15:51:32.431066+00:00
1713,TXN-202607-001713,322,2026-07-11 00:00:00+00:00,completed,151.72,0.00,11.38,163.10,2026-07-11 00:00:00+00:00,2026-09-24 15:51:32.431066+00:00
1714,TXN-202605-001714,2,2026-05-12 00:00:00+00:00,completed,484.17,0.00,36.31,520.48,2026-05-12 00:00:00+00:00,2026-09-24 15:51:32.431066+00:00
1715,TXN-202510-001715,897,2025-10-19 00:00:00+00:00,completed,747.86,0.00,56.09,803.95,2025-10-19 00:00:00+00:00,2026-09-24 15:51:32.431066+00:00
1716,TXN-202606-001716,937,2026-06-30 00:00:00+00:00,completed,13298.67,0.00,997.40,14296.07,2026-06-30 00:00:00+00:00,2026-09-24 15:51:32.431066+00:00
1717,TXN-202606-001717,591,2026-06-06 00:00:00+00:00,completed,3008.59,150.43,214.36,3072.52,2026-06-06 00:00:00+00:00,2026-09-24 15:51:32.431066+00:00
1718,TXN-202609-001718,319,2026-09-16 00:00:00+00:00,completed,97.20,0.00,7.29,104.49,2026-09-16 00:00:00+00:00,2026-09-24 15:51:32.431066+00:00
1719,TXN-202606-001719,986,2026-06-15 00:00:00+00:00,completed,205.68,0.00,15.43,221.11,2026-06-15 00:00:00+00:00,2026-09-24 15:51:32.431066+00:00
1720,TXN-202607-001720,577,2026-07-03 00:00:00+00:00,completed,98.24,0.00,7.37,105.61,2026-07-03 00:00:00+00:00,2026-09-24 15:51:32.431066+00:00
1721,TXN-202606-001721,952,2026-06-16 00:00:00+00:00,completed,459.72,0.00,34.48,494.20,2026-06-16 00:00:00+00:00,2026-09-24 15:51:32.431066+00:00
1722,TXN-202608-001722,759,2026-08-15 00:00:00+00:00,completed,248.67,0.00,18.65,267.32,2026-08-15 00:00:00+00:00,2026-09-24 15:51:32.431066+00:00
1723,TXN-202602-001723,503,2026-02-01 00:00:00+00:00,completed,240.52,0.00,18.04,258.56,2026-02-01 00:00:00+00:00,2026-09-24 15:51:32.431066+00:00
1724,TXN-202608-001724,684,2026-08-27 00:00:00+00:00,completed,25950.73,0.00,1946.30,27897.03,2026-08-27 00:00:00+00:00,2026-09-24 15:51:32.431066+00:00
1725,TXN-202607-001725,350,2026-07-24 00:00:00+00:00,completed,329.29,0.00,24.70,353.99,2026-07-24 00:00:00+00:00,2026-09-24 15:51:32.431066+00:00
1726,TXN-202606-001726,561,2026-06-30 00:00:00+00:00,completed,36.03,0.00,2.70,38.73,2026-06-30 00:00:00+00:00,2026-09-24 15:51:32.431066+00:00
1727,TXN-202606-001727,7,2026-06-25 00:00:00+00:00,completed,4469.98,0.00,335.25,4805.23,2026-06-25 00:00:00+00:00,2026-09-24 15:51:32.431066+00:00
1728,TXN-202510-001728,719,2025-10-11 00:00:00+00:00,completed,322.93,0.00,24.22,347.15,2025-10-11 00:00:00+00:00,2026-09-24 15:51:32.431066+00:00
1729,TXN-202608-001729,697,2026-08-25 00:00:00+00:00,completed,3348.97,0.00,251.17,3600.14,2026-08-25 00:00:00+00:00,2026-09-24 15:51:32.431066+00:00
1730,TXN-202602-001730,937,2026-02-22 00:00:00+00:00,completed,1342.95,0.00,100.72,1443.67,2026-02-22 00:00:00+00:00,2026-09-24 15:51:32.431066+00:00
1731,TXN-202507-001731,674,2025-07-09 00:00:00+00:00,completed,339.76,0.00,25.48,365.24,2025-07-09 00:00:00+00:00,2026-09-24 15:51:32.431066+00:00
1732,TXN-202608-001732,780,2026-08-12 00:00:00+00:00,completed,561.50,28.08,40.01,573.43,2026-08-12 00:00:00+00:00,2026-09-24 15:51:32.431066+00:00
1733,TXN-202603-001733,878,2026-03-09 00:00:00+00:00,completed,824.44,0.00,61.83,886.27,2026-03-09 00:00:00+00:00,2026-09-24 15:51:32.431066+00:00
1734,TXN-202605-001734,703,2026-05-27 00:00:00+00:00,completed,1439.16,0.00,107.94,1547.10,2026-05-27 00:00:00+00:00,2026-09-24 15:51:32.431066+00:00
1735,TXN-202512-001735,446,2025-12-29 00:00:00+00:00,completed,135.76,0.00,10.18,145.94,2025-12-29 00:00:00+00:00,2026-09-24 15:51:32.431066+00:00
1736,TXN-202603-001736,406,2026-03-23 00:00:00+00:00,completed,823.05,0.00,61.73,884.78,2026-03-23 00:00:00+00:00,2026-09-24 15:51:32.431066+00:00
1737,TXN-202512-001737,152,2025-12-05 00:00:00+00:00,completed,715.88,0.00,53.69,769.57,2025-12-05 00:00:00+00:00,2026-09-24 15:51:32.431066+00:00
1738,TXN-202603-001738,329,2026-03-26 00:00:00+00:00,completed,240.52,0.00,18.04,258.56,2026-03-26 00:00:00+00:00,2026-09-24 15:51:32.431066+00:00
1739,TXN-202512-001739,641,2025-12-02 00:00:00+00:00,completed,113.79,0.00,8.53,122.32,2025-12-02 00:00:00+00:00,2026-09-24 15:51:32.431066+00:00
1740,TXN-202604-001740,338,2026-04-06 00:00:00+00:00,completed,400.04,0.00,30.00,430.04,2026-04-06 00:00:00+00:00,2026-09-24 15:51:32.431066+00:00
1741,TXN-202512-001741,593,2025-12-14 00:00:00+00:00,completed,396.84,0.00,29.76,426.60,2025-12-14 00:00:00+00:00,2026-09-24 15:51:32.431066+00:00
1742,TXN-202609-001742,809,2026-09-02 00:00:00+00:00,completed,365.48,0.00,27.41,392.89,2026-09-02 00:00:00+00:00,2026-09-24 15:51:32.431066+00:00
1743,TXN-202512-001743,706,2025-12-21 00:00:00+00:00,completed,26417.72,0.00,1981.33,28399.05,2025-12-21 00:00:00+00:00,2026-09-24 15:51:32.431066+00:00
1744,TXN-202602-001744,155,2026-02-17 00:00:00+00:00,completed,335.66,0.00,25.17,360.83,2026-02-17 00:00:00+00:00,2026-09-24 15:51:32.431066+00:00
1745,TXN-202605-001745,485,2026-05-05 00:00:00+00:00,completed,5366.82,0.00,402.51,5769.33,2026-05-05 00:00:00+00:00,2026-09-24 15:51:32.431066+00:00
1746,TXN-202606-001746,132,2026-06-27 00:00:00+00:00,completed,5963.00,298.15,424.86,6089.71,2026-06-27 00:00:00+00:00,2026-09-24 15:51:32.431066+00:00
1747,TXN-202607-001747,345,2026-07-03 00:00:00+00:00,completed,1640.72,0.00,123.05,1763.77,2026-07-03 00:00:00+00:00,2026-09-24 15:51:32.431066+00:00
1748,TXN-202609-001748,388,2026-09-10 00:00:00+00:00,completed,188.43,0.00,14.13,202.56,2026-09-10 00:00:00+00:00,2026-09-24 15:51:32.431066+00:00
1749,TXN-202607-001749,513,2026-07-21 00:00:00+00:00,completed,15565.38,0.00,1167.40,16732.78,2026-07-21 00:00:00+00:00,2026-09-24 15:51:32.431066+00:00
1750,TXN-202601-001750,36,2026-01-30 00:00:00+00:00,completed,1025.01,0.00,76.88,1101.89,2026-01-30 00:00:00+00:00,2026-09-24 15:51:32.431066+00:00
1751,TXN-202609-001751,146,2026-09-23 00:00:00+00:00,completed,336.18,16.81,23.95,343.32,2026-09-23 00:00:00+00:00,2026-09-24 15:51:32.431066+00:00
1752,TXN-202602-001752,871,2026-02-28 00:00:00+00:00,completed,281.34,0.00,21.10,302.44,2026-02-28 00:00:00+00:00,2026-09-24 15:51:32.431066+00:00
1753,TXN-202606-001753,443,2026-06-25 00:00:00+00:00,completed,456.99,0.00,34.27,491.26,2026-06-25 00:00:00+00:00,2026-09-24 15:51:32.431066+00:00
1754,TXN-202607-001754,302,2026-07-08 00:00:00+00:00,completed,131.68,0.00,9.88,141.56,2026-07-08 00:00:00+00:00,2026-09-24 15:51:32.431066+00:00
1755,TXN-202605-001755,95,2026-05-28 00:00:00+00:00,pending,9104.03,0.00,682.80,9786.83,2026-05-28 00:00:00+00:00,2026-09-24 15:51:32.431066+00:00
1756,TXN-202609-001756,225,2026-09-11 00:00:00+00:00,completed,521.29,0.00,39.10,560.39,2026-09-11 00:00:00+00:00,2026-09-24 15:51:32.431066+00:00
1757,TXN-202607-001757,901,2026-07-22 00:00:00+00:00,completed,30528.11,1526.41,2175.13,31176.83,2026-07-22 00:00:00+00:00,2026-09-24 15:51:32.431066+00:00
1758,TXN-202511-001758,461,2025-11-06 00:00:00+00:00,completed,176.37,0.00,13.23,189.60,2025-11-06 00:00:00+00:00,2026-09-24 15:51:32.431066+00:00
1759,TXN-202607-001759,880,2026-07-25 00:00:00+00:00,completed,2679.41,0.00,200.96,2880.37,2026-07-25 00:00:00+00:00,2026-09-24 15:51:32.431066+00:00
1760,TXN-202606-001760,601,2026-06-02 00:00:00+00:00,completed,10370.01,0.00,777.75,11147.76,2026-06-02 00:00:00+00:00,2026-09-24 15:51:32.431066+00:00
1761,TXN-202604-001761,271,2026-04-20 00:00:00+00:00,completed,178.38,0.00,13.38,191.76,2026-04-20 00:00:00+00:00,2026-09-24 15:51:32.431066+00:00
1762,TXN-202606-001762,122,2026-06-20 00:00:00+00:00,completed,1053.80,0.00,79.03,1132.83,2026-06-20 00:00:00+00:00,2026-09-24 15:51:32.431066+00:00
1763,TXN-202609-001763,86,2026-09-04 00:00:00+00:00,completed,521.26,0.00,39.09,560.35,2026-09-04 00:00:00+00:00,2026-09-24 15:51:32.431066+00:00
1764,TXN-202605-001764,512,2026-05-23 00:00:00+00:00,completed,1264.34,0.00,94.83,1359.17,2026-05-23 00:00:00+00:00,2026-09-24 15:51:32.431066+00:00
1765,TXN-202604-001765,533,2026-04-16 00:00:00+00:00,completed,115.75,0.00,8.68,124.43,2026-04-16 00:00:00+00:00,2026-09-24 15:51:32.431066+00:00
1766,TXN-202602-001766,498,2026-02-22 00:00:00+00:00,completed,194.70,0.00,14.60,209.30,2026-02-22 00:00:00+00:00,2026-09-24 15:51:32.431066+00:00
1767,TXN-202603-001767,819,2026-03-14 00:00:00+00:00,completed,132.05,0.00,9.90,141.95,2026-03-14 00:00:00+00:00,2026-09-24 15:51:32.431066+00:00
1768,TXN-202507-001768,887,2025-07-07 00:00:00+00:00,refunded,42.66,0.00,3.20,45.86,2025-07-07 00:00:00+00:00,2026-09-24 15:51:32.431066+00:00
1769,TXN-202601-001769,316,2026-01-06 00:00:00+00:00,completed,1907.31,0.00,143.05,2050.36,2026-01-06 00:00:00+00:00,2026-09-24 15:51:32.431066+00:00
1770,TXN-202608-001770,885,2026-08-08 00:00:00+00:00,completed,353.06,0.00,26.48,379.54,2026-08-08 00:00:00+00:00,2026-09-24 15:51:32.431066+00:00
1771,TXN-202609-001771,860,2026-09-04 00:00:00+00:00,completed,35.32,0.00,2.65,37.97,2026-09-04 00:00:00+00:00,2026-09-24 15:51:32.431066+00:00
1772,TXN-202605-001772,391,2026-05-29 00:00:00+00:00,completed,2200.24,0.00,165.02,2365.26,2026-05-29 00:00:00+00:00,2026-09-24 15:51:32.431066+00:00
1773,TXN-202512-001773,691,2025-12-29 00:00:00+00:00,completed,1409.11,0.00,105.68,1514.79,2025-12-29 00:00:00+00:00,2026-09-24 15:51:32.431066+00:00
1774,TXN-202605-001774,662,2026-05-08 00:00:00+00:00,completed,325.32,0.00,24.40,349.72,2026-05-08 00:00:00+00:00,2026-09-24 15:51:32.431066+00:00
1775,TXN-202512-001775,634,2025-12-03 00:00:00+00:00,completed,35401.20,0.00,2655.09,38056.29,2025-12-03 00:00:00+00:00,2026-09-24 15:51:32.431066+00:00
1776,TXN-202607-001776,690,2026-07-14 00:00:00+00:00,completed,185.75,0.00,13.93,199.68,2026-07-14 00:00:00+00:00,2026-09-24 15:51:32.431066+00:00
1777,TXN-202607-001777,876,2026-07-27 00:00:00+00:00,completed,1450.55,0.00,108.79,1559.34,2026-07-27 00:00:00+00:00,2026-09-24 15:51:32.431066+00:00
1778,TXN-202602-001778,760,2026-02-11 00:00:00+00:00,completed,282.47,0.00,21.19,303.66,2026-02-11 00:00:00+00:00,2026-09-24 15:51:32.431066+00:00
1779,TXN-202603-001779,756,2026-03-21 00:00:00+00:00,completed,1034.16,0.00,77.56,1111.72,2026-03-21 00:00:00+00:00,2026-09-24 15:51:32.431066+00:00
1780,TXN-202511-001780,743,2025-11-26 00:00:00+00:00,completed,852.54,0.00,63.94,916.48,2025-11-26 00:00:00+00:00,2026-09-24 15:51:32.431066+00:00
1781,TXN-202509-001781,545,2025-09-16 00:00:00+00:00,completed,1065.74,0.00,79.93,1145.67,2025-09-16 00:00:00+00:00,2026-09-24 15:51:32.431066+00:00
1782,TXN-202601-001782,284,2026-01-22 00:00:00+00:00,completed,306.94,0.00,23.02,329.96,2026-01-22 00:00:00+00:00,2026-09-24 15:51:32.431066+00:00
1783,TXN-202605-001783,902,2026-05-21 00:00:00+00:00,completed,1577.97,0.00,118.35,1696.32,2026-05-21 00:00:00+00:00,2026-09-24 15:51:32.431066+00:00
1784,TXN-202609-001784,211,2026-09-11 00:00:00+00:00,completed,11576.52,0.00,868.24,12444.76,2026-09-11 00:00:00+00:00,2026-09-24 15:51:32.431066+00:00
1785,TXN-202608-001785,635,2026-08-02 00:00:00+00:00,completed,160.59,8.03,11.44,164.00,2026-08-02 00:00:00+00:00,2026-09-24 15:51:32.431066+00:00
1786,TXN-202609-001786,184,2026-09-13 00:00:00+00:00,completed,188.46,0.00,14.13,202.59,2026-09-13 00:00:00+00:00,2026-09-24 15:51:32.431066+00:00
1787,TXN-202512-001787,531,2025-12-25 00:00:00+00:00,completed,1120.32,0.00,84.02,1204.34,2025-12-25 00:00:00+00:00,2026-09-24 15:51:32.431066+00:00
1788,TXN-202607-001788,883,2026-07-10 00:00:00+00:00,completed,884.97,44.25,63.05,903.77,2026-07-10 00:00:00+00:00,2026-09-24 15:51:32.431066+00:00
1789,TXN-202608-001789,30,2026-08-28 00:00:00+00:00,completed,263.55,0.00,19.77,283.32,2026-08-28 00:00:00+00:00,2026-09-24 15:51:32.431066+00:00
1790,TXN-202602-001790,737,2026-02-21 00:00:00+00:00,completed,202.23,0.00,15.17,217.40,2026-02-21 00:00:00+00:00,2026-09-24 15:51:32.431066+00:00
1791,TXN-202512-001791,989,2025-12-23 00:00:00+00:00,completed,17.40,0.00,1.30,18.70,2025-12-23 00:00:00+00:00,2026-09-24 15:51:32.431066+00:00
1792,TXN-202607-001792,457,2026-07-12 00:00:00+00:00,completed,1614.63,0.00,121.10,1735.73,2026-07-12 00:00:00+00:00,2026-09-24 15:51:32.431066+00:00
1793,TXN-202604-001793,438,2026-04-08 00:00:00+00:00,completed,24.75,0.00,1.86,26.61,2026-04-08 00:00:00+00:00,2026-09-24 15:51:32.431066+00:00
1794,TXN-202603-001794,525,2026-03-22 00:00:00+00:00,completed,811.66,0.00,60.87,872.53,2026-03-22 00:00:00+00:00,2026-09-24 15:51:32.431066+00:00
1795,TXN-202602-001795,527,2026-02-05 00:00:00+00:00,completed,2627.92,0.00,197.09,2825.01,2026-02-05 00:00:00+00:00,2026-09-24 15:51:32.431066+00:00
1796,TXN-202512-001796,263,2025-12-28 00:00:00+00:00,completed,6307.05,0.00,473.03,6780.08,2025-12-28 00:00:00+00:00,2026-09-24 15:51:32.431066+00:00
1797,TXN-202512-001797,268,2025-12-06 00:00:00+00:00,completed,721.56,0.00,54.12,775.68,2025-12-06 00:00:00+00:00,2026-09-24 15:51:32.431066+00:00
1798,TXN-202601-001798,845,2026-01-12 00:00:00+00:00,refunded,10562.69,0.00,792.20,11354.89,2026-01-12 00:00:00+00:00,2026-09-24 15:51:32.431066+00:00
1799,TXN-202609-001799,843,2026-09-19 00:00:00+00:00,completed,1068.96,0.00,80.17,1149.13,2026-09-19 00:00:00+00:00,2026-09-24 15:51:32.431066+00:00
1800,TXN-202604-001800,121,2026-04-23 00:00:00+00:00,completed,199.34,0.00,14.95,214.29,2026-04-23 00:00:00+00:00,2026-09-24 15:51:32.431066+00:00
1801,TXN-202608-001801,150,2026-08-28 00:00:00+00:00,completed,39171.95,0.00,2937.90,42109.85,2026-08-28 00:00:00+00:00,2026-09-24 15:51:32.431066+00:00
1802,TXN-202609-001802,34,2026-09-22 00:00:00+00:00,completed,536.91,0.00,40.27,577.18,2026-09-22 00:00:00+00:00,2026-09-24 15:51:32.431066+00:00
1803,TXN-202605-001803,529,2026-05-08 00:00:00+00:00,completed,3637.61,0.00,272.82,3910.43,2026-05-08 00:00:00+00:00,2026-09-24 15:51:32.431066+00:00
1804,TXN-202511-001804,384,2025-11-11 00:00:00+00:00,completed,30542.67,0.00,2290.70,32833.37,2025-11-11 00:00:00+00:00,2026-09-24 15:51:32.431066+00:00
1805,TXN-202608-001805,434,2026-08-16 00:00:00+00:00,completed,8887.78,0.00,666.58,9554.36,2026-08-16 00:00:00+00:00,2026-09-24 15:51:32.431066+00:00
1806,TXN-202607-001806,758,2026-07-30 00:00:00+00:00,completed,676.21,0.00,50.72,726.93,2026-07-30 00:00:00+00:00,2026-09-24 15:51:32.431066+00:00
1807,TXN-202602-001807,953,2026-02-05 00:00:00+00:00,completed,101.88,0.00,7.64,109.52,2026-02-05 00:00:00+00:00,2026-09-24 15:51:32.431066+00:00
1808,TXN-202609-001808,64,2026-09-08 00:00:00+00:00,completed,260.92,0.00,19.57,280.49,2026-09-08 00:00:00+00:00,2026-09-24 15:51:32.431066+00:00
1809,TXN-202605-001809,185,2026-05-16 00:00:00+00:00,completed,9181.80,0.00,688.63,9870.43,2026-05-16 00:00:00+00:00,2026-09-24 15:51:32.431066+00:00
1810,TXN-202608-001810,896,2026-08-25 00:00:00+00:00,completed,326.44,0.00,24.48,350.92,2026-08-25 00:00:00+00:00,2026-09-24 15:51:32.431066+00:00
1811,TXN-202608-001811,578,2026-08-22 00:00:00+00:00,completed,1122.12,0.00,84.16,1206.28,2026-08-22 00:00:00+00:00,2026-09-24 15:51:32.431066+00:00
1812,TXN-202511-001812,752,2025-11-09 00:00:00+00:00,completed,36.62,0.00,2.75,39.37,2025-11-09 00:00:00+00:00,2026-09-24 15:51:32.431066+00:00
1813,TXN-202601-001813,407,2026-01-27 00:00:00+00:00,completed,12.23,0.00,0.92,13.15,2026-01-27 00:00:00+00:00,2026-09-24 15:51:32.431066+00:00
1814,TXN-202511-001814,106,2025-11-17 00:00:00+00:00,completed,18363.21,918.16,1308.38,18753.43,2025-11-17 00:00:00+00:00,2026-09-24 15:51:32.431066+00:00
1815,TXN-202609-001815,628,2026-09-08 00:00:00+00:00,completed,238.54,0.00,17.89,256.43,2026-09-08 00:00:00+00:00,2026-09-24 15:51:32.431066+00:00
1816,TXN-202608-001816,91,2026-08-26 00:00:00+00:00,completed,29835.69,0.00,2237.68,32073.37,2026-08-26 00:00:00+00:00,2026-09-24 15:51:32.431066+00:00
1817,TXN-202603-001817,26,2026-03-31 00:00:00+00:00,completed,209.64,0.00,15.72,225.36,2026-03-31 00:00:00+00:00,2026-09-24 15:51:32.431066+00:00
1818,TXN-202602-001818,45,2026-02-13 00:00:00+00:00,refunded,76.10,0.00,5.71,81.81,2026-02-13 00:00:00+00:00,2026-09-24 15:51:32.431066+00:00
1819,TXN-202603-001819,444,2026-03-09 00:00:00+00:00,completed,13793.39,0.00,1034.50,14827.89,2026-03-09 00:00:00+00:00,2026-09-24 15:51:32.431066+00:00
1820,TXN-202604-001820,541,2026-04-14 00:00:00+00:00,completed,19728.24,0.00,1479.62,21207.86,2026-04-14 00:00:00+00:00,2026-09-24 15:51:32.431066+00:00
1821,TXN-202511-001821,717,2025-11-03 00:00:00+00:00,completed,140.13,0.00,10.51,150.64,2025-11-03 00:00:00+00:00,2026-09-24 15:51:32.431066+00:00
1822,TXN-202609-001822,836,2026-09-07 00:00:00+00:00,completed,8011.81,0.00,600.89,8612.70,2026-09-07 00:00:00+00:00,2026-09-24 15:51:32.431066+00:00
1823,TXN-202606-001823,667,2026-06-18 00:00:00+00:00,completed,1168.08,0.00,87.61,1255.69,2026-06-18 00:00:00+00:00,2026-09-24 15:51:32.431066+00:00
1824,TXN-202511-001824,314,2025-11-09 00:00:00+00:00,completed,504.60,0.00,37.84,542.44,2025-11-09 00:00:00+00:00,2026-09-24 15:51:32.431066+00:00
1825,TXN-202605-001825,670,2026-05-05 00:00:00+00:00,refunded,137.95,0.00,10.35,148.30,2026-05-05 00:00:00+00:00,2026-09-24 15:51:32.431066+00:00
1826,TXN-202607-001826,398,2026-07-19 00:00:00+00:00,completed,5482.35,0.00,411.18,5893.53,2026-07-19 00:00:00+00:00,2026-09-24 15:51:32.431066+00:00
1827,TXN-202512-001827,140,2025-12-04 00:00:00+00:00,completed,8559.53,0.00,641.96,9201.49,2025-12-04 00:00:00+00:00,2026-09-24 15:51:32.431066+00:00
1828,TXN-202607-001828,424,2026-07-29 00:00:00+00:00,completed,1138.23,0.00,85.37,1223.60,2026-07-29 00:00:00+00:00,2026-09-24 15:51:32.431066+00:00
1829,TXN-202609-001829,936,2026-09-10 00:00:00+00:00,completed,786.06,0.00,58.95,845.01,2026-09-10 00:00:00+00:00,2026-09-24 15:51:32.431066+00:00
1830,TXN-202606-001830,3,2026-06-04 00:00:00+00:00,completed,5657.32,0.00,424.30,6081.62,2026-06-04 00:00:00+00:00,2026-09-24 15:51:32.431066+00:00
1831,TXN-202605-001831,986,2026-05-06 00:00:00+00:00,completed,384.86,0.00,28.86,413.72,2026-05-06 00:00:00+00:00,2026-09-24 15:51:32.431066+00:00
1832,TXN-202605-001832,454,2026-05-09 00:00:00+00:00,completed,14239.62,0.00,1067.97,15307.59,2026-05-09 00:00:00+00:00,2026-09-24 15:51:32.431066+00:00
1833,TXN-202607-001833,230,2026-07-30 00:00:00+00:00,completed,1996.01,0.00,149.70,2145.71,2026-07-30 00:00:00+00:00,2026-09-24 15:51:32.431066+00:00
1834,TXN-202607-001834,709,2026-07-16 00:00:00+00:00,completed,1880.31,0.00,141.02,2021.33,2026-07-16 00:00:00+00:00,2026-09-24 15:51:32.431066+00:00
1835,TXN-202601-001835,503,2026-01-07 00:00:00+00:00,completed,685.48,0.00,51.41,736.89,2026-01-07 00:00:00+00:00,2026-09-24 15:51:32.431066+00:00
1836,TXN-202601-001836,671,2026-01-14 00:00:00+00:00,completed,484.66,24.23,34.53,494.96,2026-01-14 00:00:00+00:00,2026-09-24 15:51:32.431066+00:00
1837,TXN-202609-001837,632,2026-09-15 00:00:00+00:00,refunded,144.34,7.22,10.28,147.40,2026-09-15 00:00:00+00:00,2026-09-24 15:51:32.431066+00:00
1838,TXN-202608-001838,7,2026-08-20 00:00:00+00:00,completed,8488.02,0.00,636.60,9124.62,2026-08-20 00:00:00+00:00,2026-09-24 15:51:32.431066+00:00
1839,TXN-202511-001839,823,2025-11-28 00:00:00+00:00,completed,100.24,0.00,7.52,107.76,2025-11-28 00:00:00+00:00,2026-09-24 15:51:32.431066+00:00
1840,TXN-202606-001840,130,2026-06-22 00:00:00+00:00,completed,635.80,0.00,47.68,683.48,2026-06-22 00:00:00+00:00,2026-09-24 15:51:32.431066+00:00
1841,TXN-202603-001841,207,2026-03-18 00:00:00+00:00,completed,1079.50,0.00,80.96,1160.46,2026-03-18 00:00:00+00:00,2026-09-24 15:51:32.431066+00:00
1842,TXN-202607-001842,154,2026-07-13 00:00:00+00:00,completed,11972.79,0.00,897.96,12870.75,2026-07-13 00:00:00+00:00,2026-09-24 15:51:32.431066+00:00
1843,TXN-202606-001843,8,2026-06-09 00:00:00+00:00,completed,153.87,0.00,11.54,165.41,2026-06-09 00:00:00+00:00,2026-09-24 15:51:32.431066+00:00
1844,TXN-202605-001844,870,2026-05-15 00:00:00+00:00,completed,344.68,17.23,24.56,352.01,2026-05-15 00:00:00+00:00,2026-09-24 15:51:32.431066+00:00
1845,TXN-202608-001845,280,2026-08-17 00:00:00+00:00,completed,737.91,0.00,55.34,793.25,2026-08-17 00:00:00+00:00,2026-09-24 15:51:32.431066+00:00
1846,TXN-202509-001846,882,2025-09-20 00:00:00+00:00,completed,382.58,0.00,28.69,411.27,2025-09-20 00:00:00+00:00,2026-09-24 15:51:32.431066+00:00
1847,TXN-202609-001847,542,2026-09-02 00:00:00+00:00,completed,1120.30,0.00,84.02,1204.32,2026-09-02 00:00:00+00:00,2026-09-24 15:51:32.431066+00:00
1848,TXN-202601-001848,622,2026-01-14 00:00:00+00:00,completed,19647.09,0.00,1473.53,21120.62,2026-01-14 00:00:00+00:00,2026-09-24 15:51:32.431066+00:00
1849,TXN-202508-001849,663,2025-08-20 00:00:00+00:00,completed,103.92,0.00,7.79,111.71,2025-08-20 00:00:00+00:00,2026-09-24 15:51:32.431066+00:00
1850,TXN-202608-001850,717,2026-08-01 00:00:00+00:00,completed,480.69,0.00,36.05,516.74,2026-08-01 00:00:00+00:00,2026-09-24 15:51:32.431066+00:00
1851,TXN-202604-001851,384,2026-04-11 00:00:00+00:00,completed,38212.23,0.00,2865.92,41078.15,2026-04-11 00:00:00+00:00,2026-09-24 15:51:32.431066+00:00
1852,TXN-202606-001852,660,2026-06-24 00:00:00+00:00,completed,958.08,0.00,71.86,1029.94,2026-06-24 00:00:00+00:00,2026-09-24 15:51:32.431066+00:00
1853,TXN-202605-001853,208,2026-05-29 00:00:00+00:00,completed,357.04,0.00,26.78,383.82,2026-05-29 00:00:00+00:00,2026-09-24 15:51:32.431066+00:00
1854,TXN-202607-001854,902,2026-07-27 00:00:00+00:00,completed,185.06,0.00,13.88,198.94,2026-07-27 00:00:00+00:00,2026-09-24 15:51:32.431066+00:00
1855,TXN-202509-001855,674,2025-09-01 00:00:00+00:00,completed,708.07,0.00,53.11,761.18,2025-09-01 00:00:00+00:00,2026-09-24 15:51:32.431066+00:00
1856,TXN-202607-001856,286,2026-07-26 00:00:00+00:00,completed,9435.43,0.00,707.66,10143.09,2026-07-26 00:00:00+00:00,2026-09-24 15:51:32.431066+00:00
1857,TXN-202601-001857,477,2026-01-01 00:00:00+00:00,completed,64.75,0.00,4.86,69.61,2026-01-01 00:00:00+00:00,2026-09-24 15:51:32.431066+00:00
1858,TXN-202608-001858,672,2026-08-15 00:00:00+00:00,cancelled,15700.74,0.00,1177.56,16878.30,2026-08-15 00:00:00+00:00,2026-09-24 15:51:32.431066+00:00
1859,TXN-202510-001859,838,2025-10-11 00:00:00+00:00,completed,591.03,0.00,44.33,635.36,2025-10-11 00:00:00+00:00,2026-09-24 15:51:32.431066+00:00
1860,TXN-202608-001860,747,2026-08-25 00:00:00+00:00,completed,5822.13,0.00,436.66,6258.79,2026-08-25 00:00:00+00:00,2026-09-24 15:51:32.431066+00:00
1861,TXN-202606-001861,830,2026-06-30 00:00:00+00:00,completed,340.97,0.00,25.57,366.54,2026-06-30 00:00:00+00:00,2026-09-24 15:51:32.431066+00:00
1862,TXN-202601-001862,461,2026-01-18 00:00:00+00:00,completed,498.96,0.00,37.42,536.38,2026-01-18 00:00:00+00:00,2026-09-24 15:51:32.431066+00:00
1863,TXN-202603-001863,241,2026-03-05 00:00:00+00:00,completed,171.87,8.59,12.25,175.53,2026-03-05 00:00:00+00:00,2026-09-24 15:51:32.431066+00:00
1864,TXN-202508-001864,261,2025-08-03 00:00:00+00:00,completed,2413.25,0.00,180.99,2594.24,2025-08-03 00:00:00+00:00,2026-09-24 15:51:32.431066+00:00
1865,TXN-202609-001865,569,2026-09-16 00:00:00+00:00,completed,53.64,0.00,4.02,57.66,2026-09-16 00:00:00+00:00,2026-09-24 15:51:32.431066+00:00
1866,TXN-202607-001866,802,2026-07-29 00:00:00+00:00,completed,202.84,0.00,15.21,218.05,2026-07-29 00:00:00+00:00,2026-09-24 15:51:32.431066+00:00
1867,TXN-202605-001867,613,2026-05-05 00:00:00+00:00,completed,457.54,0.00,34.32,491.86,2026-05-05 00:00:00+00:00,2026-09-24 15:51:32.431066+00:00
1868,TXN-202511-001868,463,2025-11-30 00:00:00+00:00,completed,629.37,0.00,47.20,676.57,2025-11-30 00:00:00+00:00,2026-09-24 15:51:32.431066+00:00
1869,TXN-202605-001869,813,2026-05-17 00:00:00+00:00,completed,35102.56,0.00,2632.69,37735.25,2026-05-17 00:00:00+00:00,2026-09-24 15:51:32.431066+00:00
1870,TXN-202511-001870,657,2025-11-28 00:00:00+00:00,completed,11.60,0.00,0.87,12.47,2025-11-28 00:00:00+00:00,2026-09-24 15:51:32.431066+00:00
1871,TXN-202606-001871,33,2026-06-14 00:00:00+00:00,completed,15984.21,0.00,1198.82,17183.03,2026-06-14 00:00:00+00:00,2026-09-24 15:51:32.431066+00:00
1872,TXN-202603-001872,904,2026-03-31 00:00:00+00:00,completed,186.84,0.00,14.01,200.85,2026-03-31 00:00:00+00:00,2026-09-24 15:51:32.431066+00:00
1873,TXN-202609-001873,1000,2026-09-19 00:00:00+00:00,completed,477.08,0.00,35.78,512.86,2026-09-19 00:00:00+00:00,2026-09-24 15:51:32.431066+00:00
1874,TXN-202606-001874,938,2026-06-20 00:00:00+00:00,completed,16.78,0.00,1.26,18.04,2026-06-20 00:00:00+00:00,2026-09-24 15:51:32.431066+00:00
1875,TXN-202607-001875,799,2026-07-06 00:00:00+00:00,completed,453.98,0.00,34.05,488.03,2026-07-06 00:00:00+00:00,2026-09-24 15:51:32.431066+00:00
1876,TXN-202604-001876,872,2026-04-27 00:00:00+00:00,pending,397.98,0.00,29.85,427.83,2026-04-27 00:00:00+00:00,2026-09-24 15:51:32.431066+00:00
1877,TXN-202602-001877,329,2026-02-03 00:00:00+00:00,completed,275.84,0.00,20.69,296.53,2026-02-03 00:00:00+00:00,2026-09-24 15:51:32.431066+00:00
1878,TXN-202608-001878,55,2026-08-23 00:00:00+00:00,refunded,84.58,0.00,6.34,90.92,2026-08-23 00:00:00+00:00,2026-09-24 15:51:32.431066+00:00
1879,TXN-202607-001879,931,2026-07-19 00:00:00+00:00,completed,355.79,0.00,26.68,382.47,2026-07-19 00:00:00+00:00,2026-09-24 15:51:32.431066+00:00
1880,TXN-202601-001880,713,2026-01-02 00:00:00+00:00,completed,7799.79,0.00,584.98,8384.77,2026-01-02 00:00:00+00:00,2026-09-24 15:51:32.431066+00:00
1881,TXN-202602-001881,395,2026-02-13 00:00:00+00:00,completed,240.52,0.00,18.04,258.56,2026-02-13 00:00:00+00:00,2026-09-24 15:51:32.431066+00:00
1882,TXN-202511-001882,585,2025-11-02 00:00:00+00:00,completed,333.40,0.00,25.00,358.40,2025-11-02 00:00:00+00:00,2026-09-24 15:51:32.431066+00:00
1883,TXN-202602-001883,175,2026-02-24 00:00:00+00:00,completed,4941.41,0.00,370.61,5312.02,2026-02-24 00:00:00+00:00,2026-09-24 15:51:32.431066+00:00
1884,TXN-202601-001884,260,2026-01-01 00:00:00+00:00,completed,288.68,0.00,21.65,310.33,2026-01-01 00:00:00+00:00,2026-09-24 15:51:32.431066+00:00
1885,TXN-202604-001885,144,2026-04-03 00:00:00+00:00,completed,785.62,0.00,58.92,844.54,2026-04-03 00:00:00+00:00,2026-09-24 15:51:32.431066+00:00
1886,TXN-202607-001886,383,2026-07-08 00:00:00+00:00,completed,311.32,0.00,23.35,334.67,2026-07-08 00:00:00+00:00,2026-09-24 15:51:32.431066+00:00
1887,TXN-202609-001887,659,2026-09-02 00:00:00+00:00,completed,123.56,0.00,9.27,132.83,2026-09-02 00:00:00+00:00,2026-09-24 15:51:32.431066+00:00
1888,TXN-202609-001888,87,2026-09-24 00:00:00+00:00,completed,113.79,0.00,8.53,122.32,2026-09-24 00:00:00+00:00,2026-09-24 15:51:32.431066+00:00
1889,TXN-202512-001889,849,2025-12-28 00:00:00+00:00,completed,190.76,0.00,14.31,205.07,2025-12-28 00:00:00+00:00,2026-09-24 15:51:32.431066+00:00
1890,TXN-202607-001890,519,2026-07-07 00:00:00+00:00,completed,1545.87,0.00,115.94,1661.81,2026-07-07 00:00:00+00:00,2026-09-24 15:51:32.431066+00:00
1891,TXN-202602-001891,973,2026-02-11 00:00:00+00:00,completed,597.99,0.00,44.85,642.84,2026-02-11 00:00:00+00:00,2026-09-24 15:51:32.431066+00:00
1892,TXN-202607-001892,574,2026-07-08 00:00:00+00:00,completed,685.48,0.00,51.41,736.89,2026-07-08 00:00:00+00:00,2026-09-24 15:51:32.431066+00:00
1893,TXN-202604-001893,368,2026-04-16 00:00:00+00:00,completed,372.37,0.00,27.93,400.30,2026-04-16 00:00:00+00:00,2026-09-24 15:51:32.431066+00:00
1894,TXN-202609-001894,84,2026-09-14 00:00:00+00:00,completed,21335.55,0.00,1600.17,22935.72,2026-09-14 00:00:00+00:00,2026-09-24 15:51:32.431066+00:00
1895,TXN-202511-001895,138,2025-11-12 00:00:00+00:00,pending,1056.32,0.00,79.22,1135.54,2025-11-12 00:00:00+00:00,2026-09-24 15:51:32.431066+00:00
1896,TXN-202609-001896,718,2026-09-05 00:00:00+00:00,completed,16915.68,0.00,1268.68,18184.36,2026-09-05 00:00:00+00:00,2026-09-24 15:51:32.431066+00:00
1897,TXN-202609-001897,773,2026-09-08 00:00:00+00:00,completed,151.40,0.00,11.36,162.76,2026-09-08 00:00:00+00:00,2026-09-24 15:51:32.431066+00:00
1898,TXN-202508-001898,297,2025-08-21 00:00:00+00:00,completed,475.90,0.00,35.69,511.59,2025-08-21 00:00:00+00:00,2026-09-24 15:51:32.431066+00:00
1899,TXN-202601-001899,190,2026-01-03 00:00:00+00:00,completed,75.86,0.00,5.69,81.55,2026-01-03 00:00:00+00:00,2026-09-24 15:51:32.431066+00:00
1900,TXN-202608-001900,994,2026-08-21 00:00:00+00:00,completed,71.47,0.00,5.36,76.83,2026-08-21 00:00:00+00:00,2026-09-24 15:51:32.431066+00:00
1901,TXN-202604-001901,361,2026-04-21 00:00:00+00:00,completed,2746.27,0.00,205.97,2952.24,2026-04-21 00:00:00+00:00,2026-09-24 15:51:32.431066+00:00
1902,TXN-202608-001902,320,2026-08-19 00:00:00+00:00,completed,6403.95,0.00,480.30,6884.25,2026-08-19 00:00:00+00:00,2026-09-24 15:51:32.431066+00:00
1903,TXN-202609-001903,741,2026-09-21 00:00:00+00:00,completed,152.46,0.00,11.43,163.89,2026-09-21 00:00:00+00:00,2026-09-24 15:51:32.431066+00:00
1904,TXN-202602-001904,517,2026-02-05 00:00:00+00:00,completed,26715.70,0.00,2003.68,28719.38,2026-02-05 00:00:00+00:00,2026-09-24 15:51:32.431066+00:00
1905,TXN-202603-001905,922,2026-03-05 00:00:00+00:00,completed,27126.18,0.00,2034.46,29160.64,2026-03-05 00:00:00+00:00,2026-09-24 15:51:32.431066+00:00
1906,TXN-202607-001906,236,2026-07-25 00:00:00+00:00,completed,702.07,0.00,52.66,754.73,2026-07-25 00:00:00+00:00,2026-09-24 15:51:32.431066+00:00
1907,TXN-202609-001907,430,2026-09-14 00:00:00+00:00,completed,261.25,0.00,19.59,280.84,2026-09-14 00:00:00+00:00,2026-09-24 15:51:32.431066+00:00
1908,TXN-202602-001908,236,2026-02-17 00:00:00+00:00,completed,246.10,0.00,18.46,264.56,2026-02-17 00:00:00+00:00,2026-09-24 15:51:32.431066+00:00
1909,TXN-202606-001909,977,2026-06-23 00:00:00+00:00,completed,778.80,0.00,58.41,837.21,2026-06-23 00:00:00+00:00,2026-09-24 15:51:32.431066+00:00
1910,TXN-202511-001910,837,2025-11-06 00:00:00+00:00,completed,5512.02,0.00,413.40,5925.42,2025-11-06 00:00:00+00:00,2026-09-24 15:51:32.431066+00:00
1911,TXN-202601-001911,259,2026-01-21 00:00:00+00:00,completed,75.70,0.00,5.68,81.38,2026-01-21 00:00:00+00:00,2026-09-24 15:51:32.431066+00:00
1912,TXN-202608-001912,457,2026-08-04 00:00:00+00:00,completed,59.88,0.00,4.49,64.37,2026-08-04 00:00:00+00:00,2026-09-24 15:51:32.431066+00:00
1913,TXN-202607-001913,215,2026-07-10 00:00:00+00:00,completed,466.23,0.00,34.97,501.20,2026-07-10 00:00:00+00:00,2026-09-24 15:51:32.431066+00:00
1914,TXN-202512-001914,370,2025-12-14 00:00:00+00:00,completed,647.75,0.00,48.58,696.33,2025-12-14 00:00:00+00:00,2026-09-24 15:51:32.431066+00:00
1915,TXN-202608-001915,984,2026-08-09 00:00:00+00:00,completed,481.84,0.00,36.14,517.98,2026-08-09 00:00:00+00:00,2026-09-24 15:51:32.431066+00:00
1916,TXN-202608-001916,366,2026-08-16 00:00:00+00:00,completed,21.27,0.00,1.60,22.87,2026-08-16 00:00:00+00:00,2026-09-24 15:51:32.431066+00:00
1917,TXN-202608-001917,615,2026-08-30 00:00:00+00:00,completed,5737.85,0.00,430.34,6168.19,2026-08-30 00:00:00+00:00,2026-09-24 15:51:32.431066+00:00
1918,TXN-202604-001918,219,2026-04-28 00:00:00+00:00,completed,975.36,0.00,73.15,1048.51,2026-04-28 00:00:00+00:00,2026-09-24 15:51:32.431066+00:00
1919,TXN-202607-001919,282,2026-07-11 00:00:00+00:00,completed,207.92,0.00,15.59,223.51,2026-07-11 00:00:00+00:00,2026-09-24 15:51:32.431066+00:00
1920,TXN-202608-001920,117,2026-08-13 00:00:00+00:00,completed,1992.75,0.00,149.46,2142.21,2026-08-13 00:00:00+00:00,2026-09-24 15:51:32.431066+00:00
1921,TXN-202507-001921,254,2025-07-17 00:00:00+00:00,completed,36281.83,0.00,2721.14,39002.97,2025-07-17 00:00:00+00:00,2026-09-24 15:51:32.431066+00:00
1922,TXN-202603-001922,918,2026-03-21 00:00:00+00:00,completed,7353.65,0.00,551.52,7905.17,2026-03-21 00:00:00+00:00,2026-09-24 15:51:32.431066+00:00
1923,TXN-202601-001923,286,2026-01-10 00:00:00+00:00,completed,4590.44,0.00,344.28,4934.72,2026-01-10 00:00:00+00:00,2026-09-24 15:51:32.431066+00:00
1924,TXN-202608-001924,461,2026-08-08 00:00:00+00:00,completed,864.91,0.00,64.87,929.78,2026-08-08 00:00:00+00:00,2026-09-24 15:51:32.431066+00:00
1925,TXN-202604-001925,284,2026-04-05 00:00:00+00:00,completed,120.54,0.00,9.04,129.58,2026-04-05 00:00:00+00:00,2026-09-24 15:51:32.431066+00:00
1926,TXN-202607-001926,376,2026-07-10 00:00:00+00:00,pending,100.68,0.00,7.55,108.23,2026-07-10 00:00:00+00:00,2026-09-24 15:51:32.431066+00:00
1927,TXN-202606-001927,566,2026-06-02 00:00:00+00:00,completed,302.04,0.00,22.65,324.69,2026-06-02 00:00:00+00:00,2026-09-24 15:51:32.431066+00:00
1928,TXN-202603-001928,789,2026-03-29 00:00:00+00:00,completed,8935.27,446.76,636.64,9125.15,2026-03-29 00:00:00+00:00,2026-09-24 15:51:32.431066+00:00
1929,TXN-202511-001929,335,2025-11-03 00:00:00+00:00,completed,107.28,0.00,8.05,115.33,2025-11-03 00:00:00+00:00,2026-09-24 15:51:32.431066+00:00
1930,TXN-202604-001930,629,2026-04-04 00:00:00+00:00,completed,3031.14,0.00,227.34,3258.48,2026-04-04 00:00:00+00:00,2026-09-24 15:51:32.431066+00:00
1931,TXN-202608-001931,476,2026-08-15 00:00:00+00:00,completed,466.41,23.32,33.23,476.32,2026-08-15 00:00:00+00:00,2026-09-24 15:51:32.431066+00:00
1932,TXN-202604-001932,125,2026-04-07 00:00:00+00:00,completed,28948.53,0.00,2171.14,31119.67,2026-04-07 00:00:00+00:00,2026-09-24 15:51:32.431066+00:00
1933,TXN-202604-001933,700,2026-04-11 00:00:00+00:00,completed,24137.98,0.00,1810.35,25948.33,2026-04-11 00:00:00+00:00,2026-09-24 15:51:32.431066+00:00
1934,TXN-202608-001934,598,2026-08-10 00:00:00+00:00,completed,37.93,0.00,2.84,40.77,2026-08-10 00:00:00+00:00,2026-09-24 15:51:32.431066+00:00
1935,TXN-202511-001935,168,2025-11-30 00:00:00+00:00,completed,26852.65,0.00,2013.95,28866.60,2025-11-30 00:00:00+00:00,2026-09-24 15:51:32.431066+00:00
1936,TXN-202510-001936,899,2025-10-14 00:00:00+00:00,completed,113.79,5.69,8.11,116.21,2025-10-14 00:00:00+00:00,2026-09-24 15:51:32.431066+00:00
1937,TXN-202606-001937,872,2026-06-21 00:00:00+00:00,completed,855.02,0.00,64.13,919.15,2026-06-21 00:00:00+00:00,2026-09-24 15:51:32.431066+00:00
1938,TXN-202602-001938,711,2026-02-10 00:00:00+00:00,completed,208.60,0.00,15.64,224.24,2026-02-10 00:00:00+00:00,2026-09-24 15:51:32.431066+00:00
1939,TXN-202608-001939,734,2026-08-04 00:00:00+00:00,completed,412.23,0.00,30.92,443.15,2026-08-04 00:00:00+00:00,2026-09-24 15:51:32.431066+00:00
1940,TXN-202608-001940,288,2026-08-30 00:00:00+00:00,completed,578.82,0.00,43.41,622.23,2026-08-30 00:00:00+00:00,2026-09-24 15:51:32.431066+00:00
1941,TXN-202511-001941,35,2025-11-21 00:00:00+00:00,completed,456.99,0.00,34.27,491.26,2025-11-21 00:00:00+00:00,2026-09-24 15:51:32.431066+00:00
1942,TXN-202607-001942,129,2026-07-22 00:00:00+00:00,completed,16081.05,0.00,1206.08,17287.13,2026-07-22 00:00:00+00:00,2026-09-24 15:51:32.431066+00:00
1943,TXN-202601-001943,597,2026-01-03 00:00:00+00:00,completed,335.28,0.00,25.15,360.43,2026-01-03 00:00:00+00:00,2026-09-24 15:51:32.431066+00:00
1944,TXN-202608-001944,830,2026-08-09 00:00:00+00:00,completed,481.04,0.00,36.08,517.12,2026-08-09 00:00:00+00:00,2026-09-24 15:51:32.431066+00:00
1945,TXN-202605-001945,259,2026-05-14 00:00:00+00:00,completed,555.00,0.00,41.62,596.62,2026-05-14 00:00:00+00:00,2026-09-24 15:51:32.431066+00:00
1946,TXN-202602-001946,793,2026-02-06 00:00:00+00:00,completed,45829.01,0.00,3437.18,49266.19,2026-02-06 00:00:00+00:00,2026-09-24 15:51:32.431066+00:00
1947,TXN-202605-001947,933,2026-05-14 00:00:00+00:00,completed,1294.29,0.00,97.07,1391.36,2026-05-14 00:00:00+00:00,2026-09-24 15:51:32.431066+00:00
1948,TXN-202606-001948,178,2026-06-28 00:00:00+00:00,completed,442.79,0.00,33.21,476.00,2026-06-28 00:00:00+00:00,2026-09-24 15:51:32.431066+00:00
1949,TXN-202511-001949,700,2025-11-04 00:00:00+00:00,completed,31877.82,0.00,2390.84,34268.66,2025-11-04 00:00:00+00:00,2026-09-24 15:51:32.431066+00:00
1950,TXN-202605-001950,237,2026-05-11 00:00:00+00:00,completed,357.94,0.00,26.85,384.79,2026-05-11 00:00:00+00:00,2026-09-24 15:51:32.431066+00:00
1951,TXN-202605-001951,545,2026-05-31 00:00:00+00:00,completed,720.41,0.00,54.03,774.44,2026-05-31 00:00:00+00:00,2026-09-24 15:51:32.431066+00:00
1952,TXN-202510-001952,970,2025-10-23 00:00:00+00:00,completed,259.05,0.00,19.43,278.48,2025-10-23 00:00:00+00:00,2026-09-24 15:51:32.431066+00:00
1953,TXN-202604-001953,771,2026-04-28 00:00:00+00:00,completed,16.50,0.00,1.24,17.74,2026-04-28 00:00:00+00:00,2026-09-24 15:51:32.431066+00:00
1954,TXN-202511-001954,593,2025-11-01 00:00:00+00:00,completed,1015.90,0.00,76.19,1092.09,2025-11-01 00:00:00+00:00,2026-09-24 15:51:32.431066+00:00
1955,TXN-202609-001955,199,2026-09-09 00:00:00+00:00,completed,1730.56,86.53,123.30,1767.33,2026-09-09 00:00:00+00:00,2026-09-24 15:51:32.431066+00:00
1956,TXN-202512-001956,488,2025-12-20 00:00:00+00:00,completed,362.36,18.12,25.82,370.06,2025-12-20 00:00:00+00:00,2026-09-24 15:51:32.431066+00:00
1957,TXN-202603-001957,32,2026-03-05 00:00:00+00:00,pending,384.50,0.00,28.84,413.34,2026-03-05 00:00:00+00:00,2026-09-24 15:51:32.431066+00:00
1958,TXN-202605-001958,911,2026-05-17 00:00:00+00:00,cancelled,169.24,0.00,12.69,181.93,2026-05-17 00:00:00+00:00,2026-09-24 15:51:32.431066+00:00
1959,TXN-202609-001959,622,2026-09-14 00:00:00+00:00,completed,15670.60,0.00,1175.30,16845.90,2026-09-14 00:00:00+00:00,2026-09-24 15:51:32.431066+00:00
1960,TXN-202609-001960,659,2026-09-09 00:00:00+00:00,completed,402.47,0.00,30.19,432.66,2026-09-09 00:00:00+00:00,2026-09-24 15:51:32.431066+00:00
1961,TXN-202512-001961,370,2025-12-19 00:00:00+00:00,completed,92.09,0.00,6.91,99.00,2025-12-19 00:00:00+00:00,2026-09-24 15:51:32.431066+00:00
1962,TXN-202608-001962,908,2026-08-26 00:00:00+00:00,completed,721.56,0.00,54.12,775.68,2026-08-26 00:00:00+00:00,2026-09-24 15:51:32.431066+00:00
1963,TXN-202509-001963,25,2025-09-29 00:00:00+00:00,completed,49906.89,0.00,3743.02,53649.91,2025-09-29 00:00:00+00:00,2026-09-24 15:51:32.431066+00:00
1964,TXN-202510-001964,348,2025-10-06 00:00:00+00:00,completed,1643.72,0.00,123.28,1767.00,2025-10-06 00:00:00+00:00,2026-09-24 15:51:32.431066+00:00
1965,TXN-202603-001965,567,2026-03-12 00:00:00+00:00,completed,746.74,0.00,56.01,802.75,2026-03-12 00:00:00+00:00,2026-09-24 15:51:32.431066+00:00
1966,TXN-202601-001966,944,2026-01-18 00:00:00+00:00,completed,4254.17,0.00,319.06,4573.23,2026-01-18 00:00:00+00:00,2026-09-24 15:51:32.431066+00:00
1967,TXN-202606-001967,854,2026-06-28 00:00:00+00:00,completed,335.88,0.00,25.19,361.07,2026-06-28 00:00:00+00:00,2026-09-24 15:51:32.431066+00:00
1968,TXN-202608-001968,469,2026-08-13 00:00:00+00:00,refunded,1887.49,94.37,134.48,1927.60,2026-08-13 00:00:00+00:00,2026-09-24 15:51:32.431066+00:00
1969,TXN-202607-001969,286,2026-07-28 00:00:00+00:00,completed,5521.02,0.00,414.08,5935.10,2026-07-28 00:00:00+00:00,2026-09-24 15:51:32.431066+00:00
1970,TXN-202609-001970,916,2026-09-05 00:00:00+00:00,completed,240.52,0.00,18.04,258.56,2026-09-05 00:00:00+00:00,2026-09-24 15:51:32.431066+00:00
1971,TXN-202603-001971,399,2026-03-03 00:00:00+00:00,completed,19114.01,0.00,1433.55,20547.56,2026-03-03 00:00:00+00:00,2026-09-24 15:51:32.431066+00:00
1972,TXN-202511-001972,481,2025-11-21 00:00:00+00:00,completed,9292.98,0.00,696.97,9989.95,2025-11-21 00:00:00+00:00,2026-09-24 15:51:32.431066+00:00
1973,TXN-202608-001973,884,2026-08-23 00:00:00+00:00,completed,17312.83,0.00,1298.46,18611.29,2026-08-23 00:00:00+00:00,2026-09-24 15:51:32.431066+00:00
1974,TXN-202508-001974,218,2025-08-23 00:00:00+00:00,completed,680.07,34.00,48.46,694.53,2025-08-23 00:00:00+00:00,2026-09-24 15:51:32.431066+00:00
1975,TXN-202607-001975,252,2026-07-01 00:00:00+00:00,completed,2755.77,0.00,206.68,2962.45,2026-07-01 00:00:00+00:00,2026-09-24 15:51:32.431066+00:00
1976,TXN-202603-001976,880,2026-03-30 00:00:00+00:00,completed,2007.77,0.00,150.58,2158.35,2026-03-30 00:00:00+00:00,2026-09-24 15:51:32.431066+00:00
1977,TXN-202608-001977,33,2026-08-28 00:00:00+00:00,completed,11056.58,0.00,829.24,11885.82,2026-08-28 00:00:00+00:00,2026-09-24 15:51:32.431066+00:00
1978,TXN-202607-001978,82,2026-07-02 00:00:00+00:00,completed,41179.83,0.00,3088.49,44268.32,2026-07-02 00:00:00+00:00,2026-09-24 15:51:32.431066+00:00
1979,TXN-202512-001979,257,2025-12-20 00:00:00+00:00,completed,408.70,0.00,30.65,439.35,2025-12-20 00:00:00+00:00,2026-09-24 15:51:32.431066+00:00
1980,TXN-202603-001980,591,2026-03-24 00:00:00+00:00,completed,1676.25,0.00,125.72,1801.97,2026-03-24 00:00:00+00:00,2026-09-24 15:51:32.431066+00:00
1981,TXN-202603-001981,736,2026-03-17 00:00:00+00:00,completed,671.01,0.00,50.33,721.34,2026-03-17 00:00:00+00:00,2026-09-24 15:51:32.431066+00:00
1982,TXN-202604-001982,8,2026-04-05 00:00:00+00:00,completed,973.02,0.00,72.98,1046.00,2026-04-05 00:00:00+00:00,2026-09-24 15:51:32.431066+00:00
1983,TXN-202608-001983,943,2026-08-22 00:00:00+00:00,completed,23783.96,0.00,1783.80,25567.76,2026-08-22 00:00:00+00:00,2026-09-24 15:51:32.431066+00:00
1984,TXN-202608-001984,608,2026-08-22 00:00:00+00:00,completed,310.66,0.00,23.30,333.96,2026-08-22 00:00:00+00:00,2026-09-24 15:51:32.431066+00:00
1985,TXN-202601-001985,709,2026-01-24 00:00:00+00:00,completed,450.70,22.54,32.11,460.27,2026-01-24 00:00:00+00:00,2026-09-24 15:51:32.431066+00:00
1986,TXN-202512-001986,144,2025-12-15 00:00:00+00:00,completed,354.31,0.00,26.57,380.88,2025-12-15 00:00:00+00:00,2026-09-24 15:51:32.431066+00:00
1987,TXN-202602-001987,558,2026-02-23 00:00:00+00:00,completed,240.52,0.00,18.04,258.56,2026-02-23 00:00:00+00:00,2026-09-24 15:51:32.431066+00:00
1988,TXN-202510-001988,685,2025-10-09 00:00:00+00:00,completed,176.88,0.00,13.27,190.15,2025-10-09 00:00:00+00:00,2026-09-24 15:51:32.431066+00:00
1989,TXN-202604-001989,158,2026-04-21 00:00:00+00:00,completed,34064.60,0.00,2554.84,36619.44,2026-04-21 00:00:00+00:00,2026-09-24 15:51:32.431066+00:00
1990,TXN-202609-001990,435,2026-09-23 00:00:00+00:00,completed,216.51,0.00,16.24,232.75,2026-09-23 00:00:00+00:00,2026-09-24 15:51:32.431066+00:00
1991,TXN-202608-001991,448,2026-08-16 00:00:00+00:00,completed,7777.25,0.00,583.29,8360.54,2026-08-16 00:00:00+00:00,2026-09-24 15:51:32.431066+00:00
1992,TXN-202609-001992,939,2026-09-03 00:00:00+00:00,completed,1451.05,0.00,108.83,1559.88,2026-09-03 00:00:00+00:00,2026-09-24 15:51:32.431066+00:00
1993,TXN-202512-001993,550,2025-12-12 00:00:00+00:00,completed,622.92,0.00,46.72,669.64,2025-12-12 00:00:00+00:00,2026-09-24 15:51:32.431066+00:00
1994,TXN-202608-001994,135,2026-08-28 00:00:00+00:00,completed,179.00,0.00,13.42,192.42,2026-08-28 00:00:00+00:00,2026-09-24 15:51:32.431066+00:00
1995,TXN-202603-001995,653,2026-03-20 00:00:00+00:00,completed,497.08,0.00,37.28,534.36,2026-03-20 00:00:00+00:00,2026-09-24 15:51:32.431066+00:00
1996,TXN-202605-001996,401,2026-05-13 00:00:00+00:00,completed,167.64,0.00,12.57,180.21,2026-05-13 00:00:00+00:00,2026-09-24 15:51:32.431066+00:00
1997,TXN-202602-001997,535,2026-02-28 00:00:00+00:00,completed,20740.64,1037.03,1477.77,21181.38,2026-02-28 00:00:00+00:00,2026-09-24 15:51:32.431066+00:00
1998,TXN-202508-001998,164,2025-08-11 00:00:00+00:00,completed,247.61,0.00,18.57,266.18,2025-08-11 00:00:00+00:00,2026-09-24 15:51:32.431066+00:00
1999,TXN-202609-001999,978,2026-09-17 00:00:00+00:00,completed,631.23,31.56,44.98,644.65,2026-09-17 00:00:00+00:00,2026-09-24 15:51:32.431066+00:00
2000,TXN-202601-002000,208,2026-01-05 00:00:00+00:00,completed,253.76,0.00,19.03,272.79,2026-01-05 00:00:00+00:00,2026-09-24 15:51:32.431066+00:00
2001,TXN-202607-002001,645,2026-07-01 00:00:00+00:00,completed,7844.72,0.00,588.35,8433.07,2026-07-01 00:00:00+00:00,2026-09-24 15:51:32.431066+00:00
2002,TXN-202601-002002,961,2026-01-02 00:00:00+00:00,completed,16031.40,0.00,1202.36,17233.76,2026-01-02 00:00:00+00:00,2026-09-24 15:51:32.431066+00:00
2003,TXN-202512-002003,853,2025-12-22 00:00:00+00:00,completed,150.89,0.00,11.32,162.21,2025-12-22 00:00:00+00:00,2026-09-24 15:51:32.431066+00:00
2004,TXN-202511-002004,448,2025-11-29 00:00:00+00:00,completed,8832.44,0.00,662.43,9494.87,2025-11-29 00:00:00+00:00,2026-09-24 15:51:32.431066+00:00
2005,TXN-202608-002005,227,2026-08-25 00:00:00+00:00,completed,357.94,0.00,26.85,384.79,2026-08-25 00:00:00+00:00,2026-09-24 15:51:32.431066+00:00
2006,TXN-202608-002006,323,2026-08-09 00:00:00+00:00,completed,733.80,0.00,55.03,788.83,2026-08-09 00:00:00+00:00,2026-09-24 15:51:32.431066+00:00
2007,TXN-202601-002007,877,2026-01-06 00:00:00+00:00,completed,29596.34,0.00,2219.73,31816.07,2026-01-06 00:00:00+00:00,2026-09-24 15:51:32.431066+00:00
2008,TXN-202607-002008,767,2026-07-18 00:00:00+00:00,completed,3492.76,0.00,261.96,3754.72,2026-07-18 00:00:00+00:00,2026-09-24 15:51:32.431066+00:00
2009,TXN-202606-002009,453,2026-06-22 00:00:00+00:00,completed,209.57,0.00,15.72,225.29,2026-06-22 00:00:00+00:00,2026-09-24 15:51:32.431066+00:00
2010,TXN-202511-002010,617,2025-11-24 00:00:00+00:00,pending,555.12,0.00,41.63,596.75,2025-11-24 00:00:00+00:00,2026-09-24 15:51:32.431066+00:00
2011,TXN-202609-002011,351,2026-09-03 00:00:00+00:00,completed,40138.58,0.00,3010.39,43148.97,2026-09-03 00:00:00+00:00,2026-09-24 15:51:32.431066+00:00
2012,TXN-202603-002012,753,2026-03-30 00:00:00+00:00,completed,10645.89,0.00,798.44,11444.33,2026-03-30 00:00:00+00:00,2026-09-24 15:51:32.431066+00:00
2013,TXN-202605-002013,583,2026-05-18 00:00:00+00:00,completed,1302.40,0.00,97.68,1400.08,2026-05-18 00:00:00+00:00,2026-09-24 15:51:32.431066+00:00
2014,TXN-202608-002014,584,2026-08-06 00:00:00+00:00,completed,39.69,0.00,2.98,42.67,2026-08-06 00:00:00+00:00,2026-09-24 15:51:32.431066+00:00
2015,TXN-202602-002015,95,2026-02-09 00:00:00+00:00,completed,37888.29,0.00,2841.62,40729.91,2026-02-09 00:00:00+00:00,2026-09-24 15:51:32.431066+00:00
2016,TXN-202607-002016,17,2026-07-03 00:00:00+00:00,completed,109.26,0.00,8.19,117.45,2026-07-03 00:00:00+00:00,2026-09-24 15:51:32.431066+00:00
2017,TXN-202606-002017,654,2026-06-10 00:00:00+00:00,completed,358.15,0.00,26.86,385.01,2026-06-10 00:00:00+00:00,2026-09-24 15:51:32.431066+00:00
2018,TXN-202602-002018,662,2026-02-12 00:00:00+00:00,completed,181.56,0.00,13.62,195.18,2026-02-12 00:00:00+00:00,2026-09-24 15:51:32.431066+00:00
2019,TXN-202607-002019,52,2026-07-30 00:00:00+00:00,completed,1489.39,0.00,111.70,1601.09,2026-07-30 00:00:00+00:00,2026-09-24 15:51:32.431066+00:00
2020,TXN-202606-002020,579,2026-06-22 00:00:00+00:00,completed,8932.42,0.00,669.93,9602.35,2026-06-22 00:00:00+00:00,2026-09-24 15:51:32.431066+00:00
2021,TXN-202606-002021,189,2026-06-17 00:00:00+00:00,completed,36.62,0.00,2.75,39.37,2026-06-17 00:00:00+00:00,2026-09-24 15:51:32.431066+00:00
2022,TXN-202603-002022,163,2026-03-12 00:00:00+00:00,completed,33938.19,0.00,2545.36,36483.55,2026-03-12 00:00:00+00:00,2026-09-24 15:51:32.431066+00:00
2023,TXN-202603-002023,103,2026-03-25 00:00:00+00:00,completed,497.74,0.00,37.33,535.07,2026-03-25 00:00:00+00:00,2026-09-24 15:51:32.431066+00:00
2024,TXN-202609-002024,713,2026-09-05 00:00:00+00:00,completed,6432.09,0.00,482.41,6914.50,2026-09-05 00:00:00+00:00,2026-09-24 15:51:32.431066+00:00
2025,TXN-202606-002025,104,2026-06-02 00:00:00+00:00,completed,8331.60,0.00,624.87,8956.47,2026-06-02 00:00:00+00:00,2026-09-24 15:51:32.431066+00:00
2026,TXN-202608-002026,804,2026-08-12 00:00:00+00:00,completed,1635.30,81.77,116.51,1670.04,2026-08-12 00:00:00+00:00,2026-09-24 15:51:32.431066+00:00
2027,TXN-202509-002027,99,2025-09-27 00:00:00+00:00,completed,575.68,0.00,43.18,618.86,2025-09-27 00:00:00+00:00,2026-09-24 15:51:32.431066+00:00
2028,TXN-202506-002028,696,2025-06-15 00:00:00+00:00,completed,2535.95,0.00,190.20,2726.15,2025-06-15 00:00:00+00:00,2026-09-24 15:51:32.431066+00:00
2029,TXN-202606-002029,610,2026-06-12 00:00:00+00:00,completed,216.51,0.00,16.24,232.75,2026-06-12 00:00:00+00:00,2026-09-24 15:51:32.431066+00:00
2030,TXN-202509-002030,972,2025-09-16 00:00:00+00:00,completed,52692.35,0.00,3951.93,56644.28,2025-09-16 00:00:00+00:00,2026-09-24 15:51:32.431066+00:00
2031,TXN-202602-002031,523,2026-02-22 00:00:00+00:00,completed,52.98,0.00,3.97,56.95,2026-02-22 00:00:00+00:00,2026-09-24 15:51:32.431066+00:00
2032,TXN-202609-002032,477,2026-09-15 00:00:00+00:00,completed,125.64,0.00,9.42,135.06,2026-09-15 00:00:00+00:00,2026-09-24 15:51:32.431066+00:00
2033,TXN-202510-002033,55,2025-10-21 00:00:00+00:00,completed,787.95,0.00,59.10,847.05,2025-10-21 00:00:00+00:00,2026-09-24 15:51:32.431066+00:00
2034,TXN-202508-002034,116,2025-08-26 00:00:00+00:00,completed,22261.59,0.00,1669.62,23931.21,2025-08-26 00:00:00+00:00,2026-09-24 15:51:32.431066+00:00
2035,TXN-202605-002035,578,2026-05-31 00:00:00+00:00,completed,1824.01,0.00,136.80,1960.81,2026-05-31 00:00:00+00:00,2026-09-24 15:51:32.431066+00:00
2036,TXN-202608-002036,444,2026-08-06 00:00:00+00:00,completed,18881.07,0.00,1416.08,20297.15,2026-08-06 00:00:00+00:00,2026-09-24 15:51:32.431066+00:00
2037,TXN-202604-002037,307,2026-04-16 00:00:00+00:00,completed,357.53,0.00,26.81,384.34,2026-04-16 00:00:00+00:00,2026-09-24 15:51:32.431066+00:00
2038,TXN-202512-002038,535,2025-12-25 00:00:00+00:00,completed,30165.52,0.00,2262.41,32427.93,2025-12-25 00:00:00+00:00,2026-09-24 15:51:32.431066+00:00
2039,TXN-202603-002039,42,2026-03-26 00:00:00+00:00,pending,542.39,0.00,40.68,583.07,2026-03-26 00:00:00+00:00,2026-09-24 15:51:32.431066+00:00
2040,TXN-202609-002040,249,2026-09-20 00:00:00+00:00,completed,583.99,0.00,43.80,627.79,2026-09-20 00:00:00+00:00,2026-09-24 15:51:32.431066+00:00
2041,TXN-202602-002041,162,2026-02-02 00:00:00+00:00,completed,4163.55,0.00,312.27,4475.82,2026-02-02 00:00:00+00:00,2026-09-24 15:51:32.431066+00:00
2042,TXN-202507-002042,323,2025-07-27 00:00:00+00:00,completed,1643.32,0.00,123.25,1766.57,2025-07-27 00:00:00+00:00,2026-09-24 15:51:32.431066+00:00
2043,TXN-202606-002043,879,2026-06-25 00:00:00+00:00,completed,3748.75,187.44,267.10,3828.41,2026-06-25 00:00:00+00:00,2026-09-24 15:51:32.431066+00:00
2044,TXN-202603-002044,557,2026-03-09 00:00:00+00:00,completed,67.94,0.00,5.10,73.04,2026-03-09 00:00:00+00:00,2026-09-24 15:51:32.431066+00:00
2045,TXN-202602-002045,417,2026-02-10 00:00:00+00:00,completed,951.83,0.00,71.39,1023.22,2026-02-10 00:00:00+00:00,2026-09-24 15:51:32.431066+00:00
2046,TXN-202606-002046,40,2026-06-15 00:00:00+00:00,completed,317.20,0.00,23.79,340.99,2026-06-15 00:00:00+00:00,2026-09-24 15:51:32.431066+00:00
2047,TXN-202601-002047,906,2026-01-06 00:00:00+00:00,pending,42532.20,0.00,3189.91,45722.11,2026-01-06 00:00:00+00:00,2026-09-24 15:51:32.431066+00:00
2048,TXN-202508-002048,981,2025-08-04 00:00:00+00:00,completed,36369.88,0.00,2727.74,39097.62,2025-08-04 00:00:00+00:00,2026-09-24 15:51:32.431066+00:00
2049,TXN-202510-002049,293,2025-10-28 00:00:00+00:00,completed,1251.37,0.00,93.85,1345.22,2025-10-28 00:00:00+00:00,2026-09-24 15:51:32.431066+00:00
2050,TXN-202607-002050,678,2026-07-24 00:00:00+00:00,completed,1212.00,0.00,90.90,1302.90,2026-07-24 00:00:00+00:00,2026-09-24 15:51:32.431066+00:00
2051,TXN-202512-002051,58,2025-12-02 00:00:00+00:00,completed,81.84,0.00,6.14,87.98,2025-12-02 00:00:00+00:00,2026-09-24 15:51:32.431066+00:00
2052,TXN-202604-002052,95,2026-04-06 00:00:00+00:00,completed,11283.81,564.19,803.97,11523.59,2026-04-06 00:00:00+00:00,2026-09-24 15:51:32.431066+00:00
2053,TXN-202512-002053,373,2025-12-27 00:00:00+00:00,completed,44.91,0.00,3.37,48.28,2025-12-27 00:00:00+00:00,2026-09-24 15:51:32.431066+00:00
2054,TXN-202511-002054,957,2025-11-11 00:00:00+00:00,completed,302.04,0.00,22.65,324.69,2025-11-11 00:00:00+00:00,2026-09-24 15:51:32.431066+00:00
2055,TXN-202604-002055,490,2026-04-29 00:00:00+00:00,completed,8678.80,0.00,650.91,9329.71,2026-04-29 00:00:00+00:00,2026-09-24 15:51:32.431066+00:00
2056,TXN-202603-002056,932,2026-03-24 00:00:00+00:00,completed,10136.90,0.00,760.27,10897.17,2026-03-24 00:00:00+00:00,2026-09-24 15:51:32.431066+00:00
2057,TXN-202609-002057,668,2026-09-19 00:00:00+00:00,completed,27247.66,0.00,2043.57,29291.23,2026-09-19 00:00:00+00:00,2026-09-24 15:51:32.431066+00:00
2058,TXN-202511-002058,704,2025-11-23 00:00:00+00:00,completed,1884.51,0.00,141.34,2025.85,2025-11-23 00:00:00+00:00,2026-09-24 15:51:32.431066+00:00
2059,TXN-202607-002059,697,2026-07-06 00:00:00+00:00,completed,4349.48,0.00,326.21,4675.69,2026-07-06 00:00:00+00:00,2026-09-24 15:51:32.431066+00:00
2060,TXN-202607-002060,605,2026-07-11 00:00:00+00:00,completed,185.42,0.00,13.91,199.33,2026-07-11 00:00:00+00:00,2026-09-24 15:51:32.431066+00:00
2061,TXN-202511-002061,622,2025-11-14 00:00:00+00:00,completed,14967.13,0.00,1122.53,16089.66,2025-11-14 00:00:00+00:00,2026-09-24 15:51:32.431066+00:00
2062,TXN-202510-002062,327,2025-10-14 00:00:00+00:00,completed,685.48,0.00,51.41,736.89,2025-10-14 00:00:00+00:00,2026-09-24 15:51:32.431066+00:00
2063,TXN-202601-002063,493,2026-01-30 00:00:00+00:00,completed,4066.90,0.00,305.02,4371.92,2026-01-30 00:00:00+00:00,2026-09-24 15:51:32.431066+00:00
2064,TXN-202511-002064,303,2025-11-25 00:00:00+00:00,completed,188.47,0.00,14.14,202.61,2025-11-25 00:00:00+00:00,2026-09-24 15:51:32.431066+00:00
2065,TXN-202507-002065,663,2025-07-10 00:00:00+00:00,completed,205.36,0.00,15.40,220.76,2025-07-10 00:00:00+00:00,2026-09-24 15:51:32.431066+00:00
2066,TXN-202511-002066,723,2025-11-28 00:00:00+00:00,completed,233.94,0.00,17.55,251.49,2025-11-28 00:00:00+00:00,2026-09-24 15:51:32.431066+00:00
2067,TXN-202608-002067,482,2026-08-23 00:00:00+00:00,completed,67.87,0.00,5.09,72.96,2026-08-23 00:00:00+00:00,2026-09-24 15:51:32.431066+00:00
2068,TXN-202512-002068,589,2025-12-15 00:00:00+00:00,completed,11931.34,0.00,894.85,12826.19,2025-12-15 00:00:00+00:00,2026-09-24 15:51:32.431066+00:00
2069,TXN-202602-002069,837,2026-02-18 00:00:00+00:00,completed,11538.94,0.00,865.42,12404.36,2026-02-18 00:00:00+00:00,2026-09-24 15:51:32.431066+00:00
2070,TXN-202607-002070,634,2026-07-02 00:00:00+00:00,completed,47064.01,0.00,3529.80,50593.81,2026-07-02 00:00:00+00:00,2026-09-24 15:51:32.431066+00:00
2071,TXN-202609-002071,898,2026-09-18 00:00:00+00:00,completed,562.13,0.00,42.16,604.29,2026-09-18 00:00:00+00:00,2026-09-24 15:51:32.431066+00:00
2072,TXN-202607-002072,162,2026-07-24 00:00:00+00:00,completed,3947.89,0.00,296.09,4243.98,2026-07-24 00:00:00+00:00,2026-09-24 15:51:32.431066+00:00
2073,TXN-202608-002073,745,2026-08-29 00:00:00+00:00,completed,457.07,0.00,34.28,491.35,2026-08-29 00:00:00+00:00,2026-09-24 15:51:32.431066+00:00
2074,TXN-202603-002074,813,2026-03-29 00:00:00+00:00,completed,51463.11,0.00,3859.73,55322.84,2026-03-29 00:00:00+00:00,2026-09-24 15:51:32.431066+00:00
2075,TXN-202602-002075,61,2026-02-28 00:00:00+00:00,completed,18883.10,0.00,1416.23,20299.33,2026-02-28 00:00:00+00:00,2026-09-24 15:51:32.431066+00:00
2076,TXN-202609-002076,71,2026-09-21 00:00:00+00:00,completed,17817.46,0.00,1336.31,19153.77,2026-09-21 00:00:00+00:00,2026-09-24 15:51:32.431066+00:00
2077,TXN-202602-002077,270,2026-02-23 00:00:00+00:00,completed,860.01,0.00,64.50,924.51,2026-02-23 00:00:00+00:00,2026-09-24 15:51:32.431066+00:00
2078,TXN-202512-002078,105,2025-12-26 00:00:00+00:00,completed,1037.38,0.00,77.80,1115.18,2025-12-26 00:00:00+00:00,2026-09-24 15:51:32.431066+00:00
2079,TXN-202605-002079,430,2026-05-10 00:00:00+00:00,completed,1214.96,60.75,86.57,1240.78,2026-05-10 00:00:00+00:00,2026-09-24 15:51:32.431066+00:00
2080,TXN-202606-002080,931,2026-06-16 00:00:00+00:00,completed,244.01,0.00,18.30,262.31,2026-06-16 00:00:00+00:00,2026-09-24 15:51:32.431066+00:00
2081,TXN-202609-002081,351,2026-09-11 00:00:00+00:00,completed,27160.10,0.00,2037.01,29197.11,2026-09-11 00:00:00+00:00,2026-09-24 15:51:32.431066+00:00
2082,TXN-202608-002082,51,2026-08-25 00:00:00+00:00,pending,3010.47,0.00,225.79,3236.26,2026-08-25 00:00:00+00:00,2026-09-24 15:51:32.431066+00:00
2083,TXN-202608-002083,319,2026-08-20 00:00:00+00:00,completed,962.08,0.00,72.16,1034.24,2026-08-20 00:00:00+00:00,2026-09-24 15:51:32.431066+00:00
2084,TXN-202605-002084,820,2026-05-28 00:00:00+00:00,completed,3389.98,0.00,254.25,3644.23,2026-05-28 00:00:00+00:00,2026-09-24 15:51:32.431066+00:00
2085,TXN-202606-002085,431,2026-06-14 00:00:00+00:00,completed,1743.22,87.16,124.20,1780.26,2026-06-14 00:00:00+00:00,2026-09-24 15:51:32.431066+00:00
2086,TXN-202605-002086,55,2026-05-09 00:00:00+00:00,completed,662.62,0.00,49.70,712.32,2026-05-09 00:00:00+00:00,2026-09-24 15:51:32.431066+00:00
2087,TXN-202608-002087,370,2026-08-20 00:00:00+00:00,completed,297.77,0.00,22.33,320.10,2026-08-20 00:00:00+00:00,2026-09-24 15:51:32.431066+00:00
2088,TXN-202603-002088,618,2026-03-29 00:00:00+00:00,completed,614.57,0.00,46.09,660.66,2026-03-29 00:00:00+00:00,2026-09-24 15:51:32.431066+00:00
2089,TXN-202605-002089,724,2026-05-30 00:00:00+00:00,completed,195.25,0.00,14.64,209.89,2026-05-30 00:00:00+00:00,2026-09-24 15:51:32.431066+00:00
2090,TXN-202608-002090,244,2026-08-03 00:00:00+00:00,completed,278.62,0.00,20.90,299.52,2026-08-03 00:00:00+00:00,2026-09-24 15:51:32.431066+00:00
2091,TXN-202609-002091,898,2026-09-01 00:00:00+00:00,completed,1567.47,0.00,117.56,1685.03,2026-09-01 00:00:00+00:00,2026-09-24 15:51:32.431066+00:00
2092,TXN-202511-002092,702,2025-11-19 00:00:00+00:00,completed,220.80,0.00,16.56,237.36,2025-11-19 00:00:00+00:00,2026-09-24 15:51:32.431066+00:00
2093,TXN-202608-002093,658,2026-08-31 00:00:00+00:00,completed,2020.82,0.00,151.56,2172.38,2026-08-31 00:00:00+00:00,2026-09-24 15:51:32.431066+00:00
2094,TXN-202605-002094,277,2026-05-17 00:00:00+00:00,completed,685.48,34.27,48.84,700.05,2026-05-17 00:00:00+00:00,2026-09-24 15:51:32.431066+00:00
2095,TXN-202608-002095,633,2026-08-20 00:00:00+00:00,completed,368.64,0.00,27.65,396.29,2026-08-20 00:00:00+00:00,2026-09-24 15:51:32.431066+00:00
2096,TXN-202609-002096,729,2026-09-20 00:00:00+00:00,completed,1141.05,0.00,85.58,1226.63,2026-09-20 00:00:00+00:00,2026-09-24 15:51:32.431066+00:00
2097,TXN-202608-002097,958,2026-08-22 00:00:00+00:00,completed,20353.97,0.00,1526.55,21880.52,2026-08-22 00:00:00+00:00,2026-09-24 15:51:32.431066+00:00
2098,TXN-202511-002098,904,2025-11-27 00:00:00+00:00,completed,1123.55,0.00,84.27,1207.82,2025-11-27 00:00:00+00:00,2026-09-24 15:51:32.431066+00:00
2099,TXN-202601-002099,381,2026-01-03 00:00:00+00:00,completed,212.49,0.00,15.94,228.43,2026-01-03 00:00:00+00:00,2026-09-24 15:51:32.431066+00:00
2100,TXN-202601-002100,582,2026-01-10 00:00:00+00:00,completed,423.83,0.00,31.79,455.62,2026-01-10 00:00:00+00:00,2026-09-24 15:51:32.431066+00:00
2101,TXN-202607-002101,60,2026-07-01 00:00:00+00:00,completed,204.67,0.00,15.35,220.02,2026-07-01 00:00:00+00:00,2026-09-24 15:51:32.431066+00:00
2102,TXN-202605-002102,433,2026-05-20 00:00:00+00:00,completed,113.79,0.00,8.53,122.32,2026-05-20 00:00:00+00:00,2026-09-24 15:51:32.431066+00:00
2103,TXN-202509-002103,785,2025-09-27 00:00:00+00:00,completed,992.02,0.00,74.40,1066.42,2025-09-27 00:00:00+00:00,2026-09-24 15:51:32.431066+00:00
2104,TXN-202609-002104,18,2026-09-17 00:00:00+00:00,completed,1178.56,0.00,88.39,1266.95,2026-09-17 00:00:00+00:00,2026-09-24 15:51:32.431066+00:00
2105,TXN-202604-002105,755,2026-04-28 00:00:00+00:00,completed,83.71,4.19,5.96,85.48,2026-04-28 00:00:00+00:00,2026-09-24 15:51:32.431066+00:00
2106,TXN-202608-002106,9,2026-08-31 00:00:00+00:00,completed,2744.98,0.00,205.87,2950.85,2026-08-31 00:00:00+00:00,2026-09-24 15:51:32.431066+00:00
2107,TXN-202604-002107,886,2026-04-07 00:00:00+00:00,completed,471.20,0.00,35.34,506.54,2026-04-07 00:00:00+00:00,2026-09-24 15:51:32.431066+00:00
2108,TXN-202605-002108,704,2026-05-20 00:00:00+00:00,completed,388.30,0.00,29.12,417.42,2026-05-20 00:00:00+00:00,2026-09-24 15:51:32.431066+00:00
2109,TXN-202602-002109,781,2026-02-19 00:00:00+00:00,completed,89.41,0.00,6.71,96.12,2026-02-19 00:00:00+00:00,2026-09-24 15:51:32.431066+00:00
2110,TXN-202606-002110,632,2026-06-26 00:00:00+00:00,pending,357.13,0.00,26.78,383.91,2026-06-26 00:00:00+00:00,2026-09-24 15:51:32.431066+00:00
2111,TXN-202608-002111,504,2026-08-29 00:00:00+00:00,completed,723.35,0.00,54.25,777.60,2026-08-29 00:00:00+00:00,2026-09-24 15:51:32.431066+00:00
2112,TXN-202609-002112,761,2026-09-03 00:00:00+00:00,completed,269.65,13.48,19.21,275.38,2026-09-03 00:00:00+00:00,2026-09-24 15:51:32.431066+00:00
2113,TXN-202608-002113,466,2026-08-11 00:00:00+00:00,completed,210.86,0.00,15.81,226.67,2026-08-11 00:00:00+00:00,2026-09-24 15:51:32.431066+00:00
2114,TXN-202609-002114,875,2026-09-20 00:00:00+00:00,completed,45703.95,0.00,3427.80,49131.75,2026-09-20 00:00:00+00:00,2026-09-24 15:51:32.431066+00:00
2115,TXN-202609-002115,141,2026-09-09 00:00:00+00:00,completed,398.72,0.00,29.90,428.62,2026-09-09 00:00:00+00:00,2026-09-24 15:51:32.431066+00:00
2116,TXN-202512-002116,304,2025-12-15 00:00:00+00:00,completed,464.30,0.00,34.82,499.12,2025-12-15 00:00:00+00:00,2026-09-24 15:51:32.431066+00:00
2117,TXN-202608-002117,556,2026-08-19 00:00:00+00:00,completed,1463.37,0.00,109.75,1573.12,2026-08-19 00:00:00+00:00,2026-09-24 15:51:32.431066+00:00
2118,TXN-202607-002118,763,2026-07-08 00:00:00+00:00,completed,3239.49,0.00,242.96,3482.45,2026-07-08 00:00:00+00:00,2026-09-24 15:51:32.431066+00:00
2119,TXN-202602-002119,827,2026-02-19 00:00:00+00:00,completed,116.13,0.00,8.71,124.84,2026-02-19 00:00:00+00:00,2026-09-24 15:51:32.431066+00:00
2120,TXN-202609-002120,505,2026-09-24 00:00:00+00:00,completed,493.32,0.00,37.00,530.32,2026-09-24 00:00:00+00:00,2026-09-24 15:51:32.431066+00:00
2121,TXN-202603-002121,967,2026-03-07 00:00:00+00:00,pending,2651.94,0.00,198.90,2850.84,2026-03-07 00:00:00+00:00,2026-09-24 15:51:32.431066+00:00
2122,TXN-202512-002122,385,2025-12-02 00:00:00+00:00,completed,454.16,0.00,34.06,488.22,2025-12-02 00:00:00+00:00,2026-09-24 15:51:32.431066+00:00
2123,TXN-202603-002123,334,2026-03-18 00:00:00+00:00,completed,7496.74,0.00,562.26,8059.00,2026-03-18 00:00:00+00:00,2026-09-24 15:51:32.431066+00:00
2124,TXN-202609-002124,350,2026-09-23 00:00:00+00:00,completed,373.98,0.00,28.05,402.03,2026-09-23 00:00:00+00:00,2026-09-24 15:51:32.431066+00:00
2125,TXN-202606-002125,165,2026-06-02 00:00:00+00:00,completed,157.49,0.00,11.81,169.30,2026-06-02 00:00:00+00:00,2026-09-24 15:51:32.431066+00:00
2126,TXN-202607-002126,131,2026-07-23 00:00:00+00:00,completed,17137.11,0.00,1285.28,18422.39,2026-07-23 00:00:00+00:00,2026-09-24 15:51:32.431066+00:00
2127,TXN-202607-002127,777,2026-07-20 00:00:00+00:00,completed,219.81,0.00,16.49,236.30,2026-07-20 00:00:00+00:00,2026-09-24 15:51:32.431066+00:00
2128,TXN-202510-002128,216,2025-10-25 00:00:00+00:00,refunded,534.68,0.00,40.10,574.78,2025-10-25 00:00:00+00:00,2026-09-24 15:51:32.431066+00:00
2129,TXN-202604-002129,359,2026-04-30 00:00:00+00:00,completed,177.26,0.00,13.29,190.55,2026-04-30 00:00:00+00:00,2026-09-24 15:51:32.431066+00:00
2130,TXN-202605-002130,43,2026-05-03 00:00:00+00:00,completed,1198.27,0.00,89.87,1288.14,2026-05-03 00:00:00+00:00,2026-09-24 15:51:32.431066+00:00
2131,TXN-202603-002131,604,2026-03-24 00:00:00+00:00,completed,2204.44,0.00,165.33,2369.77,2026-03-24 00:00:00+00:00,2026-09-24 15:51:32.431066+00:00
2132,TXN-202601-002132,858,2026-01-12 00:00:00+00:00,completed,48.92,0.00,3.67,52.59,2026-01-12 00:00:00+00:00,2026-09-24 15:51:32.431066+00:00
2133,TXN-202605-002133,294,2026-05-05 00:00:00+00:00,completed,438.07,0.00,32.86,470.93,2026-05-05 00:00:00+00:00,2026-09-24 15:51:32.431066+00:00
2134,TXN-202609-002134,701,2026-09-02 00:00:00+00:00,completed,53.64,0.00,4.02,57.66,2026-09-02 00:00:00+00:00,2026-09-24 15:51:32.431066+00:00
2135,TXN-202609-002135,357,2026-09-14 00:00:00+00:00,completed,75.86,0.00,5.69,81.55,2026-09-14 00:00:00+00:00,2026-09-24 15:51:32.431066+00:00
2136,TXN-202608-002136,833,2026-08-01 00:00:00+00:00,completed,387.88,0.00,29.09,416.97,2026-08-01 00:00:00+00:00,2026-09-24 15:51:32.431066+00:00
2137,TXN-202609-002137,608,2026-09-05 00:00:00+00:00,completed,958.32,0.00,71.87,1030.19,2026-09-05 00:00:00+00:00,2026-09-24 15:51:32.431066+00:00
2138,TXN-202512-002138,640,2025-12-05 00:00:00+00:00,completed,1311.22,0.00,98.34,1409.56,2025-12-05 00:00:00+00:00,2026-09-24 15:51:32.431066+00:00
2139,TXN-202512-002139,659,2025-12-11 00:00:00+00:00,completed,1025.00,0.00,76.88,1101.88,2025-12-11 00:00:00+00:00,2026-09-24 15:51:32.431066+00:00
2140,TXN-202604-002140,862,2026-04-21 00:00:00+00:00,completed,787.34,0.00,59.05,846.39,2026-04-21 00:00:00+00:00,2026-09-24 15:51:32.431066+00:00
2141,TXN-202609-002141,364,2026-09-05 00:00:00+00:00,completed,29760.46,0.00,2232.03,31992.49,2026-09-05 00:00:00+00:00,2026-09-24 15:51:32.431066+00:00
2142,TXN-202511-002142,507,2025-11-28 00:00:00+00:00,completed,14778.19,0.00,1108.36,15886.55,2025-11-28 00:00:00+00:00,2026-09-24 15:51:32.431066+00:00
2143,TXN-202609-002143,229,2026-09-18 00:00:00+00:00,completed,23517.03,0.00,1763.78,25280.81,2026-09-18 00:00:00+00:00,2026-09-24 15:51:32.431066+00:00
2144,TXN-202607-002144,797,2026-07-07 00:00:00+00:00,completed,1765.51,88.28,125.79,1803.02,2026-07-07 00:00:00+00:00,2026-09-24 15:51:32.431066+00:00
2145,TXN-202606-002145,885,2026-06-24 00:00:00+00:00,refunded,481.04,0.00,36.08,517.12,2026-06-24 00:00:00+00:00,2026-09-24 15:51:32.431066+00:00
2146,TXN-202606-002146,694,2026-06-12 00:00:00+00:00,completed,88.33,0.00,6.62,94.95,2026-06-12 00:00:00+00:00,2026-09-24 15:51:32.431066+00:00
2147,TXN-202604-002147,754,2026-04-07 00:00:00+00:00,completed,1166.75,0.00,87.51,1254.26,2026-04-07 00:00:00+00:00,2026-09-24 15:51:32.431066+00:00
2148,TXN-202608-002148,574,2026-08-29 00:00:00+00:00,refunded,107.77,0.00,8.08,115.85,2026-08-29 00:00:00+00:00,2026-09-24 15:51:32.431066+00:00
2149,TXN-202607-002149,93,2026-07-07 00:00:00+00:00,completed,1170.94,0.00,87.82,1258.76,2026-07-07 00:00:00+00:00,2026-09-24 15:51:32.431066+00:00
2150,TXN-202608-002150,889,2026-08-18 00:00:00+00:00,completed,852.06,0.00,63.90,915.96,2026-08-18 00:00:00+00:00,2026-09-24 15:51:32.431066+00:00
2151,TXN-202604-002151,53,2026-04-08 00:00:00+00:00,completed,33.55,0.00,2.52,36.07,2026-04-08 00:00:00+00:00,2026-09-24 15:51:32.431066+00:00
2152,TXN-202607-002152,196,2026-07-02 00:00:00+00:00,completed,100.24,0.00,7.52,107.76,2026-07-02 00:00:00+00:00,2026-09-24 15:51:32.431066+00:00
2153,TXN-202606-002153,516,2026-06-06 00:00:00+00:00,completed,166.21,8.31,11.84,169.74,2026-06-06 00:00:00+00:00,2026-09-24 15:51:32.431066+00:00
2154,TXN-202603-002154,871,2026-03-31 00:00:00+00:00,refunded,1263.55,0.00,94.77,1358.32,2026-03-31 00:00:00+00:00,2026-09-24 15:51:32.431066+00:00
2155,TXN-202511-002155,180,2025-11-19 00:00:00+00:00,completed,132.10,0.00,9.91,142.01,2025-11-19 00:00:00+00:00,2026-09-24 15:51:32.431066+00:00
2156,TXN-202604-002156,656,2026-04-27 00:00:00+00:00,completed,487.17,0.00,36.54,523.71,2026-04-27 00:00:00+00:00,2026-09-24 15:51:32.431066+00:00
2157,TXN-202608-002157,404,2026-08-01 00:00:00+00:00,completed,288.68,0.00,21.65,310.33,2026-08-01 00:00:00+00:00,2026-09-24 15:51:32.431066+00:00
2158,TXN-202609-002158,846,2026-09-06 00:00:00+00:00,completed,1578.57,0.00,118.39,1696.96,2026-09-06 00:00:00+00:00,2026-09-24 15:51:32.431066+00:00
2159,TXN-202508-002159,235,2025-08-12 00:00:00+00:00,completed,27432.48,1371.62,1954.56,28015.42,2025-08-12 00:00:00+00:00,2026-09-24 15:51:32.431066+00:00
2160,TXN-202606-002160,547,2026-06-26 00:00:00+00:00,completed,200.57,0.00,15.04,215.61,2026-06-26 00:00:00+00:00,2026-09-24 15:51:32.431066+00:00
2161,TXN-202507-002161,82,2025-07-23 00:00:00+00:00,completed,27981.75,0.00,2098.63,30080.38,2025-07-23 00:00:00+00:00,2026-09-24 15:51:32.431066+00:00
2162,TXN-202605-002162,642,2026-05-11 00:00:00+00:00,completed,305.84,0.00,22.94,328.78,2026-05-11 00:00:00+00:00,2026-09-24 15:51:32.431066+00:00
2163,TXN-202604-002163,182,2026-04-28 00:00:00+00:00,completed,24080.42,1204.02,1715.73,24592.13,2026-04-28 00:00:00+00:00,2026-09-24 15:51:32.431066+00:00
2164,TXN-202604-002164,675,2026-04-08 00:00:00+00:00,completed,167.64,0.00,12.57,180.21,2026-04-08 00:00:00+00:00,2026-09-24 15:51:32.431066+00:00
2165,TXN-202603-002165,83,2026-03-29 00:00:00+00:00,completed,3940.53,0.00,295.54,4236.07,2026-03-29 00:00:00+00:00,2026-09-24 15:51:32.431066+00:00
2166,TXN-202510-002166,161,2025-10-02 00:00:00+00:00,completed,1552.55,0.00,116.44,1668.99,2025-10-02 00:00:00+00:00,2026-09-24 15:51:32.431066+00:00
2167,TXN-202512-002167,561,2025-12-30 00:00:00+00:00,completed,1170.12,0.00,87.76,1257.88,2025-12-30 00:00:00+00:00,2026-09-24 15:51:32.431066+00:00
2168,TXN-202509-002168,778,2025-09-24 00:00:00+00:00,completed,2986.04,0.00,223.95,3209.99,2025-09-24 00:00:00+00:00,2026-09-24 15:51:32.431066+00:00
2169,TXN-202603-002169,988,2026-03-26 00:00:00+00:00,completed,2364.19,0.00,177.31,2541.50,2026-03-26 00:00:00+00:00,2026-09-24 15:51:32.431066+00:00
2170,TXN-202603-002170,49,2026-03-01 00:00:00+00:00,completed,8319.39,0.00,623.95,8943.34,2026-03-01 00:00:00+00:00,2026-09-24 15:51:32.431066+00:00
2171,TXN-202608-002171,422,2026-08-27 00:00:00+00:00,completed,721.56,0.00,54.12,775.68,2026-08-27 00:00:00+00:00,2026-09-24 15:51:32.431066+00:00
2172,TXN-202609-002172,59,2026-09-19 00:00:00+00:00,completed,5345.51,267.28,380.87,5459.10,2026-09-19 00:00:00+00:00,2026-09-24 15:51:32.431066+00:00
2173,TXN-202512-002173,260,2025-12-08 00:00:00+00:00,completed,941.76,47.09,67.10,961.77,2025-12-08 00:00:00+00:00,2026-09-24 15:51:32.431066+00:00
2174,TXN-202607-002174,366,2026-07-11 00:00:00+00:00,completed,968.12,0.00,72.61,1040.73,2026-07-11 00:00:00+00:00,2026-09-24 15:51:32.431066+00:00
2175,TXN-202604-002175,388,2026-04-08 00:00:00+00:00,completed,288.68,0.00,21.65,310.33,2026-04-08 00:00:00+00:00,2026-09-24 15:51:32.431066+00:00
2176,TXN-202609-002176,872,2026-09-23 00:00:00+00:00,completed,19.85,0.00,1.49,21.34,2026-09-23 00:00:00+00:00,2026-09-24 15:51:32.431066+00:00
2177,TXN-202511-002177,216,2025-11-07 00:00:00+00:00,completed,815.41,0.00,61.16,876.57,2025-11-07 00:00:00+00:00,2026-09-24 15:51:32.431066+00:00
2178,TXN-202609-002178,623,2026-09-03 00:00:00+00:00,refunded,1202.28,0.00,90.17,1292.45,2026-09-03 00:00:00+00:00,2026-09-24 15:51:32.431066+00:00
2179,TXN-202512-002179,958,2025-12-31 00:00:00+00:00,completed,22564.11,0.00,1692.31,24256.42,2025-12-31 00:00:00+00:00,2026-09-24 15:51:32.431066+00:00
2180,TXN-202603-002180,161,2026-03-22 00:00:00+00:00,completed,226.54,0.00,16.99,243.53,2026-03-22 00:00:00+00:00,2026-09-24 15:51:32.431066+00:00
2181,TXN-202508-002181,407,2025-08-17 00:00:00+00:00,completed,633.17,0.00,47.49,680.66,2025-08-17 00:00:00+00:00,2026-09-24 15:51:32.431066+00:00
2182,TXN-202604-002182,87,2026-04-10 00:00:00+00:00,completed,563.42,0.00,42.26,605.68,2026-04-10 00:00:00+00:00,2026-09-24 15:51:32.431066+00:00
2183,TXN-202510-002183,780,2025-10-15 00:00:00+00:00,refunded,1564.48,0.00,117.34,1681.82,2025-10-15 00:00:00+00:00,2026-09-24 15:51:32.431066+00:00
2184,TXN-202609-002184,239,2026-09-02 00:00:00+00:00,completed,99.03,4.95,7.06,101.14,2026-09-02 00:00:00+00:00,2026-09-24 15:51:32.431066+00:00
2185,TXN-202607-002185,931,2026-07-29 00:00:00+00:00,completed,122.68,0.00,9.20,131.88,2026-07-29 00:00:00+00:00,2026-09-24 15:51:32.431066+00:00
2186,TXN-202601-002186,905,2026-01-02 00:00:00+00:00,completed,10512.88,0.00,788.47,11301.35,2026-01-02 00:00:00+00:00,2026-09-24 15:51:32.431066+00:00
2187,TXN-202509-002187,822,2025-09-12 00:00:00+00:00,completed,1170.67,0.00,87.80,1258.47,2025-09-12 00:00:00+00:00,2026-09-24 15:51:32.431066+00:00
2188,TXN-202609-002188,316,2026-09-09 00:00:00+00:00,completed,2613.65,0.00,196.02,2809.67,2026-09-09 00:00:00+00:00,2026-09-24 15:51:32.431066+00:00
2189,TXN-202603-002189,114,2026-03-23 00:00:00+00:00,completed,377.98,0.00,28.35,406.33,2026-03-23 00:00:00+00:00,2026-09-24 15:51:32.431066+00:00
2190,TXN-202602-002190,576,2026-02-13 00:00:00+00:00,completed,1409.72,0.00,105.73,1515.45,2026-02-13 00:00:00+00:00,2026-09-24 15:51:32.431066+00:00
2191,TXN-202606-002191,694,2026-06-24 00:00:00+00:00,completed,40.41,0.00,3.03,43.44,2026-06-24 00:00:00+00:00,2026-09-24 15:51:32.431066+00:00
2192,TXN-202609-002192,127,2026-09-24 00:00:00+00:00,completed,742.62,0.00,55.70,798.32,2026-09-24 00:00:00+00:00,2026-09-24 15:51:32.431066+00:00
2193,TXN-202510-002193,98,2025-10-10 00:00:00+00:00,completed,564.28,28.21,40.21,576.28,2025-10-10 00:00:00+00:00,2026-09-24 15:51:32.431066+00:00
2194,TXN-202608-002194,993,2026-08-11 00:00:00+00:00,completed,336.56,0.00,25.24,361.80,2026-08-11 00:00:00+00:00,2026-09-24 15:51:32.431066+00:00
2195,TXN-202608-002195,274,2026-08-30 00:00:00+00:00,completed,335.06,0.00,25.13,360.19,2026-08-30 00:00:00+00:00,2026-09-24 15:51:32.431066+00:00
2196,TXN-202604-002196,330,2026-04-30 00:00:00+00:00,completed,779.52,0.00,58.46,837.98,2026-04-30 00:00:00+00:00,2026-09-24 15:51:32.431066+00:00
2197,TXN-202609-002197,69,2026-09-24 00:00:00+00:00,completed,295.18,0.00,22.14,317.32,2026-09-24 00:00:00+00:00,2026-09-24 15:51:32.431066+00:00
2198,TXN-202606-002198,200,2026-06-30 00:00:00+00:00,completed,1035.50,0.00,77.66,1113.16,2026-06-30 00:00:00+00:00,2026-09-24 15:51:32.431066+00:00
2199,TXN-202608-002199,48,2026-08-22 00:00:00+00:00,completed,408.62,0.00,30.65,439.27,2026-08-22 00:00:00+00:00,2026-09-24 15:51:32.431066+00:00
2200,TXN-202608-002200,1,2026-08-22 00:00:00+00:00,completed,29276.82,0.00,2195.76,31472.58,2026-08-22 00:00:00+00:00,2026-09-24 15:51:32.431066+00:00
2201,TXN-202606-002201,939,2026-06-27 00:00:00+00:00,completed,139.12,0.00,10.43,149.55,2026-06-27 00:00:00+00:00,2026-09-24 15:51:32.431066+00:00
2202,TXN-202608-002202,906,2026-08-16 00:00:00+00:00,completed,35545.66,0.00,2665.92,38211.58,2026-08-16 00:00:00+00:00,2026-09-24 15:51:32.431066+00:00
2203,TXN-202606-002203,210,2026-06-11 00:00:00+00:00,completed,746.78,0.00,56.01,802.79,2026-06-11 00:00:00+00:00,2026-09-24 15:51:32.431066+00:00
2204,TXN-202603-002204,933,2026-03-24 00:00:00+00:00,completed,181.71,9.09,12.95,185.57,2026-03-24 00:00:00+00:00,2026-09-24 15:51:32.431066+00:00
2205,TXN-202602-002205,443,2026-02-26 00:00:00+00:00,completed,882.64,0.00,66.20,948.84,2026-02-26 00:00:00+00:00,2026-09-24 15:51:32.431066+00:00
2206,TXN-202605-002206,668,2026-05-31 00:00:00+00:00,completed,20719.22,0.00,1553.94,22273.16,2026-05-31 00:00:00+00:00,2026-09-24 15:51:32.431066+00:00
2207,TXN-202609-002207,795,2026-09-06 00:00:00+00:00,completed,121.56,0.00,9.12,130.68,2026-09-06 00:00:00+00:00,2026-09-24 15:51:32.431066+00:00
2208,TXN-202608-002208,753,2026-08-29 00:00:00+00:00,completed,7749.75,0.00,581.23,8330.98,2026-08-29 00:00:00+00:00,2026-09-24 15:51:32.431066+00:00
2209,TXN-202606-002209,196,2026-06-19 00:00:00+00:00,completed,1695.06,0.00,127.13,1822.19,2026-06-19 00:00:00+00:00,2026-09-24 15:51:32.431066+00:00
2210,TXN-202601-002210,36,2026-01-20 00:00:00+00:00,completed,249.77,12.49,17.80,255.08,2026-01-20 00:00:00+00:00,2026-09-24 15:51:32.431066+00:00
2211,TXN-202604-002211,487,2026-04-23 00:00:00+00:00,completed,893.31,0.00,67.00,960.31,2026-04-23 00:00:00+00:00,2026-09-24 15:51:32.431066+00:00
2212,TXN-202605-002212,889,2026-05-08 00:00:00+00:00,completed,43.36,0.00,3.25,46.61,2026-05-08 00:00:00+00:00,2026-09-24 15:51:32.431066+00:00
2213,TXN-202604-002213,203,2026-04-23 00:00:00+00:00,completed,1664.00,0.00,124.80,1788.80,2026-04-23 00:00:00+00:00,2026-09-24 15:51:32.431066+00:00
2214,TXN-202604-002214,442,2026-04-06 00:00:00+00:00,completed,1168.61,0.00,87.65,1256.26,2026-04-06 00:00:00+00:00,2026-09-24 15:51:32.431066+00:00
2215,TXN-202609-002215,41,2026-09-15 00:00:00+00:00,completed,20202.65,0.00,1515.20,21717.85,2026-09-15 00:00:00+00:00,2026-09-24 15:51:32.431066+00:00
2216,TXN-202510-002216,972,2025-10-15 00:00:00+00:00,completed,11208.79,0.00,840.66,12049.45,2025-10-15 00:00:00+00:00,2026-09-24 15:51:32.431066+00:00
2217,TXN-202510-002217,894,2025-10-26 00:00:00+00:00,completed,9544.29,0.00,715.82,10260.11,2025-10-26 00:00:00+00:00,2026-09-24 15:51:32.431066+00:00
2218,TXN-202608-002218,386,2026-08-17 00:00:00+00:00,cancelled,903.14,0.00,67.74,970.88,2026-08-17 00:00:00+00:00,2026-09-24 15:51:32.431066+00:00
2219,TXN-202607-002219,100,2026-07-17 00:00:00+00:00,refunded,4.78,0.00,0.36,5.14,2026-07-17 00:00:00+00:00,2026-09-24 15:51:32.431066+00:00
2220,TXN-202602-002220,298,2026-02-01 00:00:00+00:00,completed,214.77,0.00,16.11,230.88,2026-02-01 00:00:00+00:00,2026-09-24 15:51:32.431066+00:00
2221,TXN-202608-002221,407,2026-08-28 00:00:00+00:00,completed,462.57,0.00,34.69,497.26,2026-08-28 00:00:00+00:00,2026-09-24 15:51:32.431066+00:00
2222,TXN-202511-002222,399,2025-11-23 00:00:00+00:00,completed,10146.94,0.00,761.02,10907.96,2025-11-23 00:00:00+00:00,2026-09-24 15:51:32.431066+00:00
2223,TXN-202606-002223,123,2026-06-11 00:00:00+00:00,completed,8348.04,0.00,626.10,8974.14,2026-06-11 00:00:00+00:00,2026-09-24 15:51:32.431066+00:00
2224,TXN-202604-002224,665,2026-04-12 00:00:00+00:00,completed,2821.52,0.00,211.61,3033.13,2026-04-12 00:00:00+00:00,2026-09-24 15:51:32.431066+00:00
2225,TXN-202511-002225,24,2025-11-04 00:00:00+00:00,completed,724.37,0.00,54.33,778.70,2025-11-04 00:00:00+00:00,2026-09-24 15:51:32.431066+00:00
2226,TXN-202608-002226,372,2026-08-24 00:00:00+00:00,completed,753.97,0.00,56.55,810.52,2026-08-24 00:00:00+00:00,2026-09-24 15:51:32.431066+00:00
2227,TXN-202512-002227,948,2025-12-31 00:00:00+00:00,completed,456.07,0.00,34.21,490.28,2025-12-31 00:00:00+00:00,2026-09-24 15:51:32.431066+00:00
2228,TXN-202607-002228,391,2026-07-08 00:00:00+00:00,completed,2020.80,0.00,151.56,2172.36,2026-07-08 00:00:00+00:00,2026-09-24 15:51:32.431066+00:00
2229,TXN-202511-002229,349,2025-11-19 00:00:00+00:00,completed,13167.21,0.00,987.54,14154.75,2025-11-19 00:00:00+00:00,2026-09-24 15:51:32.431066+00:00
2230,TXN-202604-002230,138,2026-04-23 00:00:00+00:00,completed,1541.64,0.00,115.62,1657.26,2026-04-23 00:00:00+00:00,2026-09-24 15:51:32.431066+00:00
2231,TXN-202607-002231,137,2026-07-02 00:00:00+00:00,completed,7746.77,387.34,551.96,7911.39,2026-07-02 00:00:00+00:00,2026-09-24 15:51:32.431066+00:00
2232,TXN-202511-002232,973,2025-11-12 00:00:00+00:00,completed,1560.16,0.00,117.01,1677.17,2025-11-12 00:00:00+00:00,2026-09-24 15:51:32.431066+00:00
2233,TXN-202609-002233,653,2026-09-07 00:00:00+00:00,completed,1323.05,0.00,99.23,1422.28,2026-09-07 00:00:00+00:00,2026-09-24 15:51:32.431066+00:00
2234,TXN-202607-002234,867,2026-07-13 00:00:00+00:00,completed,114.63,0.00,8.60,123.23,2026-07-13 00:00:00+00:00,2026-09-24 15:51:32.431066+00:00
2235,TXN-202604-002235,660,2026-04-14 00:00:00+00:00,completed,425.95,0.00,31.95,457.90,2026-04-14 00:00:00+00:00,2026-09-24 15:51:32.431066+00:00
2236,TXN-202609-002236,505,2026-09-17 00:00:00+00:00,completed,335.28,0.00,25.15,360.43,2026-09-17 00:00:00+00:00,2026-09-24 15:51:32.431066+00:00
2237,TXN-202609-002237,110,2026-09-16 00:00:00+00:00,completed,8738.36,0.00,655.38,9393.74,2026-09-16 00:00:00+00:00,2026-09-24 15:51:32.431066+00:00
2238,TXN-202607-002238,847,2026-07-01 00:00:00+00:00,completed,21364.45,0.00,1602.33,22966.78,2026-07-01 00:00:00+00:00,2026-09-24 15:51:32.431066+00:00
2239,TXN-202607-002239,811,2026-07-08 00:00:00+00:00,completed,4299.30,0.00,322.45,4621.75,2026-07-08 00:00:00+00:00,2026-09-24 15:51:32.431066+00:00
2240,TXN-202608-002240,997,2026-08-04 00:00:00+00:00,completed,229.39,0.00,17.20,246.59,2026-08-04 00:00:00+00:00,2026-09-24 15:51:32.431066+00:00
2241,TXN-202608-002241,456,2026-08-25 00:00:00+00:00,completed,132.27,0.00,9.92,142.19,2026-08-25 00:00:00+00:00,2026-09-24 15:51:32.431066+00:00
2242,TXN-202607-002242,736,2026-07-15 00:00:00+00:00,refunded,79.38,0.00,5.95,85.33,2026-07-15 00:00:00+00:00,2026-09-24 15:51:32.431066+00:00
2243,TXN-202609-002243,341,2026-09-09 00:00:00+00:00,completed,494.64,0.00,37.10,531.74,2026-09-09 00:00:00+00:00,2026-09-24 15:51:32.431066+00:00
2244,TXN-202607-002244,785,2026-07-10 00:00:00+00:00,completed,529.10,26.46,37.70,540.34,2026-07-10 00:00:00+00:00,2026-09-24 15:51:32.431066+00:00
2245,TXN-202608-002245,127,2026-08-10 00:00:00+00:00,completed,469.44,0.00,35.21,504.65,2026-08-10 00:00:00+00:00,2026-09-24 15:51:32.431066+00:00
2246,TXN-202511-002246,349,2025-11-12 00:00:00+00:00,completed,4914.19,0.00,368.56,5282.75,2025-11-12 00:00:00+00:00,2026-09-24 15:51:32.431066+00:00
2247,TXN-202602-002247,712,2026-02-23 00:00:00+00:00,completed,1230.12,0.00,92.26,1322.38,2026-02-23 00:00:00+00:00,2026-09-24 15:51:32.431066+00:00
2248,TXN-202608-002248,604,2026-08-01 00:00:00+00:00,completed,1057.75,0.00,79.33,1137.08,2026-08-01 00:00:00+00:00,2026-09-24 15:51:32.431066+00:00
2249,TXN-202605-002249,761,2026-05-21 00:00:00+00:00,completed,300.49,0.00,22.54,323.03,2026-05-21 00:00:00+00:00,2026-09-24 15:51:32.431066+00:00
2250,TXN-202608-002250,697,2026-08-20 00:00:00+00:00,completed,11496.56,0.00,862.24,12358.80,2026-08-20 00:00:00+00:00,2026-09-24 15:51:32.431066+00:00
2251,TXN-202509-002251,50,2025-09-28 00:00:00+00:00,cancelled,5112.23,0.00,383.42,5495.65,2025-09-28 00:00:00+00:00,2026-09-24 15:51:32.431066+00:00
2252,TXN-202606-002252,611,2026-06-27 00:00:00+00:00,completed,267.48,0.00,20.06,287.54,2026-06-27 00:00:00+00:00,2026-09-24 15:51:32.431066+00:00
2253,TXN-202512-002253,156,2025-12-21 00:00:00+00:00,completed,12194.23,0.00,914.57,13108.80,2025-12-21 00:00:00+00:00,2026-09-24 15:51:32.431066+00:00
2254,TXN-202602-002254,587,2026-02-09 00:00:00+00:00,completed,3407.23,0.00,255.54,3662.77,2026-02-09 00:00:00+00:00,2026-09-24 15:51:32.431066+00:00
2255,TXN-202606-002255,610,2026-06-01 00:00:00+00:00,completed,649.13,0.00,48.68,697.81,2026-06-01 00:00:00+00:00,2026-09-24 15:51:32.431066+00:00
2256,TXN-202511-002256,623,2025-11-15 00:00:00+00:00,completed,1459.35,0.00,109.45,1568.80,2025-11-15 00:00:00+00:00,2026-09-24 15:51:32.431066+00:00
2257,TXN-202601-002257,595,2026-01-05 00:00:00+00:00,completed,1559.04,0.00,116.93,1675.97,2026-01-05 00:00:00+00:00,2026-09-24 15:51:32.431066+00:00
2258,TXN-202607-002258,17,2026-07-03 00:00:00+00:00,completed,906.31,0.00,67.97,974.28,2026-07-03 00:00:00+00:00,2026-09-24 15:51:32.431066+00:00
2259,TXN-202607-002259,759,2026-07-08 00:00:00+00:00,completed,147.94,0.00,11.10,159.04,2026-07-08 00:00:00+00:00,2026-09-24 15:51:32.431066+00:00
2260,TXN-202609-002260,488,2026-09-02 00:00:00+00:00,completed,374.47,0.00,28.09,402.56,2026-09-02 00:00:00+00:00,2026-09-24 15:51:32.431066+00:00
2261,TXN-202606-002261,452,2026-06-21 00:00:00+00:00,completed,9914.29,0.00,743.57,10657.86,2026-06-21 00:00:00+00:00,2026-09-24 15:51:32.431066+00:00
2262,TXN-202512-002262,99,2025-12-10 00:00:00+00:00,completed,745.12,0.00,55.88,801.00,2025-12-10 00:00:00+00:00,2026-09-24 15:51:32.431066+00:00
2263,TXN-202510-002263,218,2025-10-04 00:00:00+00:00,completed,357.41,17.87,25.47,365.01,2025-10-04 00:00:00+00:00,2026-09-24 15:51:32.431066+00:00
2264,TXN-202609-002264,86,2026-09-06 00:00:00+00:00,completed,112.17,0.00,8.41,120.58,2026-09-06 00:00:00+00:00,2026-09-24 15:51:32.431066+00:00
2265,TXN-202604-002265,424,2026-04-15 00:00:00+00:00,completed,324.40,0.00,24.33,348.73,2026-04-15 00:00:00+00:00,2026-09-24 15:51:32.431066+00:00
2266,TXN-202607-002266,331,2026-07-28 00:00:00+00:00,completed,74.76,3.74,5.33,76.35,2026-07-28 00:00:00+00:00,2026-09-24 15:51:32.431066+00:00
2267,TXN-202508-002267,787,2025-08-23 00:00:00+00:00,completed,1136.72,0.00,85.25,1221.97,2025-08-23 00:00:00+00:00,2026-09-24 15:51:32.431066+00:00
2268,TXN-202609-002268,199,2026-09-02 00:00:00+00:00,completed,146.79,0.00,11.01,157.80,2026-09-02 00:00:00+00:00,2026-09-24 15:51:32.431066+00:00
2269,TXN-202601-002269,369,2026-01-29 00:00:00+00:00,completed,729.81,0.00,54.74,784.55,2026-01-29 00:00:00+00:00,2026-09-24 15:51:32.431066+00:00
2270,TXN-202608-002270,560,2026-08-19 00:00:00+00:00,completed,710.31,0.00,53.27,763.58,2026-08-19 00:00:00+00:00,2026-09-24 15:51:32.431066+00:00
2271,TXN-202603-002271,2,2026-03-25 00:00:00+00:00,completed,2637.47,0.00,197.81,2835.28,2026-03-25 00:00:00+00:00,2026-09-24 15:51:32.431066+00:00
2272,TXN-202601-002272,303,2026-01-11 00:00:00+00:00,completed,159.20,0.00,11.94,171.14,2026-01-11 00:00:00+00:00,2026-09-24 15:51:32.431066+00:00
2273,TXN-202510-002273,882,2025-10-10 00:00:00+00:00,completed,277.87,0.00,20.84,298.71,2025-10-10 00:00:00+00:00,2026-09-24 15:51:32.431066+00:00
2274,TXN-202602-002274,212,2026-02-07 00:00:00+00:00,completed,397.24,0.00,29.79,427.03,2026-02-07 00:00:00+00:00,2026-09-24 15:51:32.431066+00:00
2275,TXN-202605-002275,259,2026-05-16 00:00:00+00:00,completed,136.13,0.00,10.21,146.34,2026-05-16 00:00:00+00:00,2026-09-24 15:51:32.431066+00:00
2276,TXN-202605-002276,973,2026-05-09 00:00:00+00:00,completed,37.40,0.00,2.80,40.20,2026-05-09 00:00:00+00:00,2026-09-24 15:51:32.431066+00:00
2277,TXN-202602-002277,959,2026-02-24 00:00:00+00:00,completed,948.40,0.00,71.13,1019.53,2026-02-24 00:00:00+00:00,2026-09-24 15:51:32.431066+00:00
2278,TXN-202607-002278,662,2026-07-31 00:00:00+00:00,completed,1112.32,0.00,83.42,1195.74,2026-07-31 00:00:00+00:00,2026-09-24 15:51:32.431066+00:00
2279,TXN-202609-002279,647,2026-09-24 00:00:00+00:00,completed,1003.10,0.00,75.23,1078.33,2026-09-24 00:00:00+00:00,2026-09-24 15:51:32.431066+00:00
2280,TXN-202606-002280,489,2026-06-02 00:00:00+00:00,completed,75.86,0.00,5.69,81.55,2026-06-02 00:00:00+00:00,2026-09-24 15:51:32.431066+00:00
2281,TXN-202605-002281,467,2026-05-17 00:00:00+00:00,completed,6.59,0.00,0.49,7.08,2026-05-17 00:00:00+00:00,2026-09-24 15:51:32.431066+00:00
2282,TXN-202607-002282,853,2026-07-04 00:00:00+00:00,completed,187.78,0.00,14.08,201.86,2026-07-04 00:00:00+00:00,2026-09-24 15:51:32.431066+00:00
2283,TXN-202609-002283,42,2026-09-18 00:00:00+00:00,completed,827.86,0.00,62.09,889.95,2026-09-18 00:00:00+00:00,2026-09-24 15:51:32.431066+00:00
2284,TXN-202509-002284,292,2025-09-08 00:00:00+00:00,completed,485.11,0.00,36.38,521.49,2025-09-08 00:00:00+00:00,2026-09-24 15:51:32.431066+00:00
2285,TXN-202603-002285,891,2026-03-26 00:00:00+00:00,completed,83.82,0.00,6.29,90.11,2026-03-26 00:00:00+00:00,2026-09-24 15:51:32.431066+00:00
2286,TXN-202605-002286,345,2026-05-31 00:00:00+00:00,completed,295.88,0.00,22.19,318.07,2026-05-31 00:00:00+00:00,2026-09-24 15:51:32.431066+00:00
2287,TXN-202607-002287,600,2026-07-20 00:00:00+00:00,completed,264.86,0.00,19.86,284.72,2026-07-20 00:00:00+00:00,2026-09-24 15:51:32.431066+00:00
2288,TXN-202609-002288,783,2026-09-01 00:00:00+00:00,completed,46733.87,0.00,3505.04,50238.91,2026-09-01 00:00:00+00:00,2026-09-24 15:51:32.431066+00:00
2289,TXN-202607-002289,703,2026-07-31 00:00:00+00:00,completed,167.54,0.00,12.57,180.11,2026-07-31 00:00:00+00:00,2026-09-24 15:51:32.431066+00:00
2290,TXN-202607-002290,747,2026-07-30 00:00:00+00:00,completed,1102.28,0.00,82.67,1184.95,2026-07-30 00:00:00+00:00,2026-09-24 15:51:32.431066+00:00
2291,TXN-202609-002291,341,2026-09-05 00:00:00+00:00,completed,390.04,19.50,27.79,398.33,2026-09-05 00:00:00+00:00,2026-09-24 15:51:32.431066+00:00
2292,TXN-202609-002292,209,2026-09-17 00:00:00+00:00,completed,6915.00,0.00,518.62,7433.62,2026-09-17 00:00:00+00:00,2026-09-24 15:51:32.431066+00:00
2293,TXN-202511-002293,507,2025-11-11 00:00:00+00:00,completed,46740.75,0.00,3505.56,50246.31,2025-11-11 00:00:00+00:00,2026-09-24 15:51:32.431066+00:00
2294,TXN-202606-002294,249,2026-06-15 00:00:00+00:00,completed,216.51,0.00,16.24,232.75,2026-06-15 00:00:00+00:00,2026-09-24 15:51:32.431066+00:00
2295,TXN-202604-002295,834,2026-04-22 00:00:00+00:00,completed,22536.88,1126.84,1605.75,23015.79,2026-04-22 00:00:00+00:00,2026-09-24 15:51:32.431066+00:00
2296,TXN-202604-002296,700,2026-04-27 00:00:00+00:00,completed,45358.65,0.00,3401.90,48760.55,2026-04-27 00:00:00+00:00,2026-09-24 15:51:32.431066+00:00
2297,TXN-202511-002297,363,2025-11-25 00:00:00+00:00,completed,24.56,1.23,1.75,25.08,2025-11-25 00:00:00+00:00,2026-09-24 15:51:32.431066+00:00
2298,TXN-202608-002298,328,2026-08-07 00:00:00+00:00,completed,6715.66,0.00,503.67,7219.33,2026-08-07 00:00:00+00:00,2026-09-24 15:51:32.431066+00:00
2299,TXN-202605-002299,813,2026-05-28 00:00:00+00:00,completed,13480.91,0.00,1011.07,14491.98,2026-05-28 00:00:00+00:00,2026-09-24 15:51:32.431066+00:00
2300,TXN-202605-002300,697,2026-05-18 00:00:00+00:00,completed,9004.43,0.00,675.33,9679.76,2026-05-18 00:00:00+00:00,2026-09-24 15:51:32.431066+00:00
2301,TXN-202512-002301,43,2025-12-18 00:00:00+00:00,completed,137.46,0.00,10.31,147.77,2025-12-18 00:00:00+00:00,2026-09-24 15:51:32.431066+00:00
2302,TXN-202607-002302,416,2026-07-13 00:00:00+00:00,completed,479.23,0.00,35.94,515.17,2026-07-13 00:00:00+00:00,2026-09-24 15:51:32.431066+00:00
2303,TXN-202509-002303,576,2025-09-04 00:00:00+00:00,completed,317.12,15.86,22.59,323.85,2025-09-04 00:00:00+00:00,2026-09-24 15:51:32.431066+00:00
2304,TXN-202602-002304,242,2026-02-02 00:00:00+00:00,completed,2146.06,0.00,160.95,2307.01,2026-02-02 00:00:00+00:00,2026-09-24 15:51:32.431066+00:00
2305,TXN-202511-002305,789,2025-11-20 00:00:00+00:00,completed,18545.21,0.00,1390.89,19936.10,2025-11-20 00:00:00+00:00,2026-09-24 15:51:32.431066+00:00
2306,TXN-202607-002306,508,2026-07-14 00:00:00+00:00,completed,492.70,24.64,35.10,503.16,2026-07-14 00:00:00+00:00,2026-09-24 15:51:32.431066+00:00
2307,TXN-202607-002307,968,2026-07-17 00:00:00+00:00,completed,2856.06,0.00,214.20,3070.26,2026-07-17 00:00:00+00:00,2026-09-24 15:51:32.431066+00:00
2308,TXN-202606-002308,642,2026-06-08 00:00:00+00:00,completed,959.73,0.00,71.98,1031.71,2026-06-08 00:00:00+00:00,2026-09-24 15:51:32.431066+00:00
2309,TXN-202512-002309,395,2025-12-21 00:00:00+00:00,completed,39.27,0.00,2.95,42.22,2025-12-21 00:00:00+00:00,2026-09-24 15:51:32.431066+00:00
2310,TXN-202606-002310,413,2026-06-10 00:00:00+00:00,completed,15526.13,0.00,1164.46,16690.59,2026-06-10 00:00:00+00:00,2026-09-24 15:51:32.431066+00:00
2311,TXN-202507-002311,373,2025-07-14 00:00:00+00:00,completed,225.31,0.00,16.90,242.21,2025-07-14 00:00:00+00:00,2026-09-24 15:51:32.431066+00:00
2312,TXN-202606-002312,97,2026-06-03 00:00:00+00:00,completed,324.96,0.00,24.37,349.33,2026-06-03 00:00:00+00:00,2026-09-24 15:51:32.431066+00:00
2313,TXN-202511-002313,341,2025-11-09 00:00:00+00:00,completed,1392.03,0.00,104.40,1496.43,2025-11-09 00:00:00+00:00,2026-09-24 15:51:32.431066+00:00
2314,TXN-202605-002314,649,2026-05-31 00:00:00+00:00,completed,345.17,0.00,25.89,371.06,2026-05-31 00:00:00+00:00,2026-09-24 15:51:32.431066+00:00
2315,TXN-202607-002315,818,2026-07-14 00:00:00+00:00,completed,627.48,0.00,47.06,674.54,2026-07-14 00:00:00+00:00,2026-09-24 15:51:32.431066+00:00
2316,TXN-202602-002316,754,2026-02-22 00:00:00+00:00,completed,19.12,0.00,1.43,20.55,2026-02-22 00:00:00+00:00,2026-09-24 15:51:32.431066+00:00
2317,TXN-202607-002317,676,2026-07-21 00:00:00+00:00,completed,449.72,0.00,33.73,483.45,2026-07-21 00:00:00+00:00,2026-09-24 15:51:32.431066+00:00
2318,TXN-202601-002318,196,2026-01-14 00:00:00+00:00,completed,1106.42,0.00,82.98,1189.40,2026-01-14 00:00:00+00:00,2026-09-24 15:51:32.431066+00:00
2319,TXN-202602-002319,262,2026-02-16 00:00:00+00:00,completed,646.08,0.00,48.46,694.54,2026-02-16 00:00:00+00:00,2026-09-24 15:51:32.431066+00:00
2320,TXN-202508-002320,348,2025-08-17 00:00:00+00:00,completed,2744.48,0.00,205.84,2950.32,2025-08-17 00:00:00+00:00,2026-09-24 15:51:32.431066+00:00
2321,TXN-202607-002321,709,2026-07-02 00:00:00+00:00,completed,1123.60,0.00,84.27,1207.87,2026-07-02 00:00:00+00:00,2026-09-24 15:51:32.431066+00:00
2322,TXN-202605-002322,159,2026-05-10 00:00:00+00:00,completed,12180.25,0.00,913.52,13093.77,2026-05-10 00:00:00+00:00,2026-09-24 15:51:32.431066+00:00
2323,TXN-202605-002323,458,2026-05-11 00:00:00+00:00,completed,1752.76,0.00,131.46,1884.22,2026-05-11 00:00:00+00:00,2026-09-24 15:51:32.431066+00:00
2324,TXN-202607-002324,835,2026-07-21 00:00:00+00:00,completed,153.44,0.00,11.51,164.95,2026-07-21 00:00:00+00:00,2026-09-24 15:51:32.431066+00:00
2325,TXN-202609-002325,729,2026-09-21 00:00:00+00:00,completed,422.73,0.00,31.70,454.43,2026-09-21 00:00:00+00:00,2026-09-24 15:51:32.431066+00:00
2326,TXN-202609-002326,213,2026-09-11 00:00:00+00:00,completed,721.56,0.00,54.12,775.68,2026-09-11 00:00:00+00:00,2026-09-24 15:51:32.431066+00:00
2327,TXN-202512-002327,909,2025-12-06 00:00:00+00:00,completed,100.68,0.00,7.55,108.23,2025-12-06 00:00:00+00:00,2026-09-24 15:51:32.431066+00:00
2328,TXN-202605-002328,551,2026-05-03 00:00:00+00:00,completed,217.53,0.00,16.31,233.84,2026-05-03 00:00:00+00:00,2026-09-24 15:51:32.431066+00:00
2329,TXN-202509-002329,916,2025-09-14 00:00:00+00:00,completed,315.79,0.00,23.68,339.47,2025-09-14 00:00:00+00:00,2026-09-24 15:51:32.431066+00:00
2330,TXN-202605-002330,13,2026-05-01 00:00:00+00:00,completed,26.82,0.00,2.01,28.83,2026-05-01 00:00:00+00:00,2026-09-24 15:51:32.431066+00:00
2331,TXN-202606-002331,145,2026-06-18 00:00:00+00:00,completed,74.08,0.00,5.56,79.64,2026-06-18 00:00:00+00:00,2026-09-24 15:51:32.431066+00:00
2332,TXN-202606-002332,345,2026-06-02 00:00:00+00:00,completed,800.77,0.00,60.06,860.83,2026-06-02 00:00:00+00:00,2026-09-24 15:51:32.431066+00:00
2333,TXN-202605-002333,912,2026-05-09 00:00:00+00:00,refunded,479.06,0.00,35.93,514.99,2026-05-09 00:00:00+00:00,2026-09-24 15:51:32.431066+00:00
2334,TXN-202607-002334,544,2026-07-19 00:00:00+00:00,completed,21491.14,0.00,1611.84,23102.98,2026-07-19 00:00:00+00:00,2026-09-24 15:51:32.431066+00:00
2335,TXN-202511-002335,11,2025-11-03 00:00:00+00:00,completed,52.88,0.00,3.97,56.85,2025-11-03 00:00:00+00:00,2026-09-24 15:51:32.431066+00:00
2336,TXN-202508-002336,494,2025-08-01 00:00:00+00:00,completed,9222.27,0.00,691.67,9913.94,2025-08-01 00:00:00+00:00,2026-09-24 15:51:32.431066+00:00
2337,TXN-202601-002337,804,2026-01-18 00:00:00+00:00,completed,6354.72,0.00,476.60,6831.32,2026-01-18 00:00:00+00:00,2026-09-24 15:51:32.431066+00:00
2338,TXN-202607-002338,241,2026-07-21 00:00:00+00:00,completed,611.35,0.00,45.85,657.20,2026-07-21 00:00:00+00:00,2026-09-24 15:51:32.431066+00:00
2339,TXN-202604-002339,588,2026-04-21 00:00:00+00:00,completed,8257.03,0.00,619.28,8876.31,2026-04-21 00:00:00+00:00,2026-09-24 15:51:32.431066+00:00
2340,TXN-202508-002340,760,2025-08-13 00:00:00+00:00,completed,75.86,0.00,5.69,81.55,2025-08-13 00:00:00+00:00,2026-09-24 15:51:32.431066+00:00
2341,TXN-202608-002341,813,2026-08-13 00:00:00+00:00,completed,13811.50,0.00,1035.86,14847.36,2026-08-13 00:00:00+00:00,2026-09-24 15:51:32.431066+00:00
2342,TXN-202601-002342,416,2026-01-13 00:00:00+00:00,completed,151.52,0.00,11.36,162.88,2026-01-13 00:00:00+00:00,2026-09-24 15:51:32.431066+00:00
2343,TXN-202512-002343,393,2025-12-05 00:00:00+00:00,completed,2294.56,0.00,172.09,2466.65,2025-12-05 00:00:00+00:00,2026-09-24 15:51:32.431066+00:00
2344,TXN-202603-002344,300,2026-03-19 00:00:00+00:00,completed,1214.67,0.00,91.10,1305.77,2026-03-19 00:00:00+00:00,2026-09-24 15:51:32.431066+00:00
2345,TXN-202604-002345,477,2026-04-14 00:00:00+00:00,completed,740.31,37.02,52.75,756.04,2026-04-14 00:00:00+00:00,2026-09-24 15:51:32.431066+00:00
2346,TXN-202607-002346,918,2026-07-29 00:00:00+00:00,completed,3751.36,0.00,281.35,4032.71,2026-07-29 00:00:00+00:00,2026-09-24 15:51:32.431066+00:00
2347,TXN-202605-002347,819,2026-05-22 00:00:00+00:00,completed,83.82,0.00,6.29,90.11,2026-05-22 00:00:00+00:00,2026-09-24 15:51:32.431066+00:00
2348,TXN-202602-002348,951,2026-02-17 00:00:00+00:00,completed,225.67,0.00,16.93,242.60,2026-02-17 00:00:00+00:00,2026-09-24 15:51:32.431066+00:00
2349,TXN-202512-002349,991,2025-12-27 00:00:00+00:00,completed,1355.43,0.00,101.66,1457.09,2025-12-27 00:00:00+00:00,2026-09-24 15:51:32.431066+00:00
2350,TXN-202604-002350,699,2026-04-10 00:00:00+00:00,completed,161.19,0.00,12.09,173.28,2026-04-10 00:00:00+00:00,2026-09-24 15:51:32.431066+00:00
2351,TXN-202512-002351,537,2025-12-08 00:00:00+00:00,completed,260.68,0.00,19.55,280.23,2025-12-08 00:00:00+00:00,2026-09-24 15:51:32.431066+00:00
2352,TXN-202512-002352,119,2025-12-10 00:00:00+00:00,completed,902.59,0.00,67.69,970.28,2025-12-10 00:00:00+00:00,2026-09-24 15:51:32.431066+00:00
2353,TXN-202609-002353,862,2026-09-21 00:00:00+00:00,completed,974.67,0.00,73.10,1047.77,2026-09-21 00:00:00+00:00,2026-09-24 15:51:32.431066+00:00
2354,TXN-202603-002354,834,2026-03-26 00:00:00+00:00,completed,5369.69,0.00,402.73,5772.42,2026-03-26 00:00:00+00:00,2026-09-24 15:51:32.431066+00:00
2355,TXN-202508-002355,38,2025-08-24 00:00:00+00:00,completed,62.82,0.00,4.71,67.53,2025-08-24 00:00:00+00:00,2026-09-24 15:51:32.431066+00:00
2356,TXN-202609-002356,849,2026-09-03 00:00:00+00:00,completed,238.89,0.00,17.92,256.81,2026-09-03 00:00:00+00:00,2026-09-24 15:51:32.431066+00:00
2357,TXN-202608-002357,978,2026-08-25 00:00:00+00:00,completed,685.48,0.00,51.41,736.89,2026-08-25 00:00:00+00:00,2026-09-24 15:51:32.431066+00:00
2358,TXN-202608-002358,409,2026-08-22 00:00:00+00:00,completed,153.73,0.00,11.53,165.26,2026-08-22 00:00:00+00:00,2026-09-24 15:51:32.431066+00:00
2359,TXN-202604-002359,278,2026-04-09 00:00:00+00:00,refunded,1804.90,0.00,135.37,1940.27,2026-04-09 00:00:00+00:00,2026-09-24 15:51:32.431066+00:00
2360,TXN-202609-002360,148,2026-09-17 00:00:00+00:00,completed,962.08,0.00,72.16,1034.24,2026-09-17 00:00:00+00:00,2026-09-24 15:51:32.431066+00:00
2361,TXN-202512-002361,130,2025-12-14 00:00:00+00:00,completed,5980.08,0.00,448.51,6428.59,2025-12-14 00:00:00+00:00,2026-09-24 15:51:32.431066+00:00
2362,TXN-202609-002362,942,2026-09-12 00:00:00+00:00,completed,1075.63,0.00,80.67,1156.30,2026-09-12 00:00:00+00:00,2026-09-24 15:51:32.431066+00:00
2363,TXN-202607-002363,812,2026-07-28 00:00:00+00:00,completed,642.78,0.00,48.21,690.99,2026-07-28 00:00:00+00:00,2026-09-24 15:51:32.431066+00:00
2364,TXN-202605-002364,219,2026-05-22 00:00:00+00:00,completed,803.20,0.00,60.24,863.44,2026-05-22 00:00:00+00:00,2026-09-24 15:51:32.431066+00:00
2365,TXN-202606-002365,648,2026-06-26 00:00:00+00:00,completed,714.69,0.00,53.60,768.29,2026-06-26 00:00:00+00:00,2026-09-24 15:51:32.431066+00:00
2366,TXN-202511-002366,55,2025-11-24 00:00:00+00:00,completed,1951.68,0.00,146.38,2098.06,2025-11-24 00:00:00+00:00,2026-09-24 15:51:32.431066+00:00
2367,TXN-202605-002367,247,2026-05-18 00:00:00+00:00,completed,235.60,0.00,17.67,253.27,2026-05-18 00:00:00+00:00,2026-09-24 15:51:32.431066+00:00
2368,TXN-202506-002368,490,2025-06-22 00:00:00+00:00,completed,20700.80,0.00,1552.56,22253.36,2025-06-22 00:00:00+00:00,2026-09-24 15:51:32.431066+00:00
2369,TXN-202607-002369,636,2026-07-26 00:00:00+00:00,completed,1262.76,0.00,94.71,1357.47,2026-07-26 00:00:00+00:00,2026-09-24 15:51:32.431066+00:00
2370,TXN-202512-002370,585,2025-12-11 00:00:00+00:00,completed,221.70,0.00,16.63,238.33,2025-12-11 00:00:00+00:00,2026-09-24 15:51:32.431066+00:00
2371,TXN-202602-002371,651,2026-02-07 00:00:00+00:00,completed,12044.90,0.00,903.37,12948.27,2026-02-07 00:00:00+00:00,2026-09-24 15:51:32.431066+00:00
2372,TXN-202607-002372,914,2026-07-06 00:00:00+00:00,completed,359.81,0.00,26.99,386.80,2026-07-06 00:00:00+00:00,2026-09-24 15:51:32.431066+00:00
2373,TXN-202604-002373,121,2026-04-13 00:00:00+00:00,completed,334.29,0.00,25.07,359.36,2026-04-13 00:00:00+00:00,2026-09-24 15:51:32.431066+00:00
2374,TXN-202604-002374,355,2026-04-13 00:00:00+00:00,completed,9843.87,0.00,738.29,10582.16,2026-04-13 00:00:00+00:00,2026-09-24 15:51:32.431066+00:00
2375,TXN-202608-002375,239,2026-08-23 00:00:00+00:00,completed,288.68,0.00,21.65,310.33,2026-08-23 00:00:00+00:00,2026-09-24 15:51:32.431066+00:00
2376,TXN-202508-002376,268,2025-08-22 00:00:00+00:00,completed,438.55,0.00,32.89,471.44,2025-08-22 00:00:00+00:00,2026-09-24 15:51:32.431066+00:00
2377,TXN-202512-002377,338,2025-12-11 00:00:00+00:00,completed,2359.57,0.00,176.97,2536.54,2025-12-11 00:00:00+00:00,2026-09-24 15:51:32.431066+00:00
2378,TXN-202604-002378,501,2026-04-27 00:00:00+00:00,completed,309.58,0.00,23.22,332.80,2026-04-27 00:00:00+00:00,2026-09-24 15:51:32.431066+00:00
2379,TXN-202507-002379,74,2025-07-24 00:00:00+00:00,completed,2951.39,0.00,221.35,3172.74,2025-07-24 00:00:00+00:00,2026-09-24 15:51:32.431066+00:00
2380,TXN-202601-002380,110,2026-01-08 00:00:00+00:00,completed,8685.65,0.00,651.42,9337.07,2026-01-08 00:00:00+00:00,2026-09-24 15:51:32.431066+00:00
2381,TXN-202606-002381,795,2026-06-28 00:00:00+00:00,completed,75.86,0.00,5.69,81.55,2026-06-28 00:00:00+00:00,2026-09-24 15:51:32.431066+00:00
2382,TXN-202605-002382,572,2026-05-25 00:00:00+00:00,completed,1707.85,0.00,128.09,1835.94,2026-05-25 00:00:00+00:00,2026-09-24 15:51:32.431066+00:00
2383,TXN-202510-002383,633,2025-10-29 00:00:00+00:00,completed,78.80,0.00,5.91,84.71,2025-10-29 00:00:00+00:00,2026-09-24 15:51:32.431066+00:00
2384,TXN-202602-002384,529,2026-02-07 00:00:00+00:00,completed,9299.85,0.00,697.49,9997.34,2026-02-07 00:00:00+00:00,2026-09-24 15:51:32.431066+00:00
2385,TXN-202507-002385,554,2025-07-30 00:00:00+00:00,completed,1941.95,0.00,145.65,2087.60,2025-07-30 00:00:00+00:00,2026-09-24 15:51:32.431066+00:00
2386,TXN-202603-002386,174,2026-03-17 00:00:00+00:00,completed,705.32,0.00,52.90,758.22,2026-03-17 00:00:00+00:00,2026-09-24 15:51:32.431066+00:00
2387,TXN-202608-002387,966,2026-08-22 00:00:00+00:00,completed,68.73,0.00,5.15,73.88,2026-08-22 00:00:00+00:00,2026-09-24 15:51:32.431066+00:00
2388,TXN-202608-002388,29,2026-08-12 00:00:00+00:00,completed,98.67,4.93,7.03,100.77,2026-08-12 00:00:00+00:00,2026-09-24 15:51:32.431066+00:00
2389,TXN-202606-002389,747,2026-06-20 00:00:00+00:00,completed,1966.16,0.00,147.46,2113.62,2026-06-20 00:00:00+00:00,2026-09-24 15:51:32.431066+00:00
2390,TXN-202605-002390,906,2026-05-04 00:00:00+00:00,completed,4208.50,0.00,315.64,4524.14,2026-05-04 00:00:00+00:00,2026-09-24 15:51:32.431066+00:00
2391,TXN-202608-002391,71,2026-08-13 00:00:00+00:00,completed,11246.57,0.00,843.49,12090.06,2026-08-13 00:00:00+00:00,2026-09-24 15:51:32.431066+00:00
2392,TXN-202607-002392,500,2026-07-17 00:00:00+00:00,completed,852.75,0.00,63.96,916.71,2026-07-17 00:00:00+00:00,2026-09-24 15:51:32.431066+00:00
2393,TXN-202604-002393,942,2026-04-02 00:00:00+00:00,completed,717.67,0.00,53.83,771.50,2026-04-02 00:00:00+00:00,2026-09-24 15:51:32.431066+00:00
2394,TXN-202607-002394,131,2026-07-19 00:00:00+00:00,pending,20920.90,0.00,1569.07,22489.97,2026-07-19 00:00:00+00:00,2026-09-24 15:51:32.431066+00:00
2395,TXN-202601-002395,929,2026-01-14 00:00:00+00:00,completed,349.59,0.00,26.22,375.81,2026-01-14 00:00:00+00:00,2026-09-24 15:51:32.431066+00:00
2396,TXN-202606-002396,12,2026-06-24 00:00:00+00:00,refunded,274.59,0.00,20.59,295.18,2026-06-24 00:00:00+00:00,2026-09-24 15:51:32.431066+00:00
2397,TXN-202607-002397,458,2026-07-30 00:00:00+00:00,completed,48.17,0.00,3.61,51.78,2026-07-30 00:00:00+00:00,2026-09-24 15:51:32.431066+00:00
2398,TXN-202609-002398,926,2026-09-04 00:00:00+00:00,completed,222.25,0.00,16.67,238.92,2026-09-04 00:00:00+00:00,2026-09-24 15:51:32.431066+00:00
2399,TXN-202605-002399,511,2026-05-07 00:00:00+00:00,completed,1599.22,0.00,119.94,1719.16,2026-05-07 00:00:00+00:00,2026-09-24 15:51:32.431066+00:00
2400,TXN-202606-002400,756,2026-06-29 00:00:00+00:00,completed,2683.06,134.15,191.17,2740.08,2026-06-29 00:00:00+00:00,2026-09-24 15:51:32.431066+00:00
2401,TXN-202609-002401,42,2026-09-10 00:00:00+00:00,completed,294.40,0.00,22.08,316.48,2026-09-10 00:00:00+00:00,2026-09-24 15:51:32.431066+00:00
2402,TXN-202604-002402,811,2026-04-01 00:00:00+00:00,completed,9241.20,0.00,693.09,9934.29,2026-04-01 00:00:00+00:00,2026-09-24 15:51:32.431066+00:00
2403,TXN-202608-002403,198,2026-08-28 00:00:00+00:00,completed,539.36,0.00,40.45,579.81,2026-08-28 00:00:00+00:00,2026-09-24 15:51:32.431066+00:00
2404,TXN-202607-002404,834,2026-07-01 00:00:00+00:00,completed,33789.52,0.00,2534.21,36323.73,2026-07-01 00:00:00+00:00,2026-09-24 15:51:32.431066+00:00
2405,TXN-202604-002405,854,2026-04-28 00:00:00+00:00,completed,352.52,0.00,26.44,378.96,2026-04-28 00:00:00+00:00,2026-09-24 15:51:32.431066+00:00
2406,TXN-202604-002406,300,2026-04-20 00:00:00+00:00,completed,2179.33,0.00,163.45,2342.78,2026-04-20 00:00:00+00:00,2026-09-24 15:51:32.431066+00:00
2407,TXN-202607-002407,792,2026-07-14 00:00:00+00:00,completed,1115.46,0.00,83.66,1199.12,2026-07-14 00:00:00+00:00,2026-09-24 15:51:32.431066+00:00
2408,TXN-202608-002408,880,2026-08-13 00:00:00+00:00,completed,5760.83,0.00,432.06,6192.89,2026-08-13 00:00:00+00:00,2026-09-24 15:51:32.431066+00:00
2409,TXN-202607-002409,820,2026-07-08 00:00:00+00:00,completed,1293.19,0.00,96.99,1390.18,2026-07-08 00:00:00+00:00,2026-09-24 15:51:32.431066+00:00
2410,TXN-202607-002410,489,2026-07-20 00:00:00+00:00,completed,481.04,0.00,36.08,517.12,2026-07-20 00:00:00+00:00,2026-09-24 15:51:32.431066+00:00
2411,TXN-202603-002411,115,2026-03-06 00:00:00+00:00,completed,302.36,0.00,22.68,325.04,2026-03-06 00:00:00+00:00,2026-09-24 15:51:32.431066+00:00
2412,TXN-202609-002412,711,2026-09-23 00:00:00+00:00,completed,13.88,0.00,1.04,14.92,2026-09-23 00:00:00+00:00,2026-09-24 15:51:32.431066+00:00
2413,TXN-202607-002413,351,2026-07-10 00:00:00+00:00,cancelled,39404.67,0.00,2955.35,42360.02,2026-07-10 00:00:00+00:00,2026-09-24 15:51:32.431066+00:00
2414,TXN-202507-002414,279,2025-07-01 00:00:00+00:00,completed,43528.96,0.00,3264.67,46793.63,2025-07-01 00:00:00+00:00,2026-09-24 15:51:32.431066+00:00
2415,TXN-202607-002415,765,2026-07-03 00:00:00+00:00,completed,38323.09,0.00,2874.23,41197.32,2026-07-03 00:00:00+00:00,2026-09-24 15:51:32.431066+00:00
2416,TXN-202509-002416,134,2025-09-21 00:00:00+00:00,completed,1260.07,0.00,94.51,1354.58,2025-09-21 00:00:00+00:00,2026-09-24 15:51:32.431066+00:00
2417,TXN-202603-002417,420,2026-03-15 00:00:00+00:00,completed,835.43,0.00,62.66,898.09,2026-03-15 00:00:00+00:00,2026-09-24 15:51:32.431066+00:00
2418,TXN-202608-002418,984,2026-08-16 00:00:00+00:00,completed,2115.63,0.00,158.67,2274.30,2026-08-16 00:00:00+00:00,2026-09-24 15:51:32.431066+00:00
2419,TXN-202608-002419,67,2026-08-30 00:00:00+00:00,completed,1170.12,58.51,83.37,1194.98,2026-08-30 00:00:00+00:00,2026-09-24 15:51:32.431066+00:00
2420,TXN-202512-002420,483,2025-12-31 00:00:00+00:00,completed,4724.39,0.00,354.33,5078.72,2025-12-31 00:00:00+00:00,2026-09-24 15:51:32.431066+00:00
2421,TXN-202604-002421,640,2026-04-23 00:00:00+00:00,completed,2640.58,0.00,198.04,2838.62,2026-04-23 00:00:00+00:00,2026-09-24 15:51:32.431066+00:00
2422,TXN-202608-002422,316,2026-08-27 00:00:00+00:00,completed,3700.76,0.00,277.56,3978.32,2026-08-27 00:00:00+00:00,2026-09-24 15:51:32.431066+00:00
2423,TXN-202604-002423,639,2026-04-06 00:00:00+00:00,completed,26516.13,0.00,1988.71,28504.84,2026-04-06 00:00:00+00:00,2026-09-24 15:51:32.431066+00:00
2424,TXN-202602-002424,254,2026-02-25 00:00:00+00:00,completed,44595.64,0.00,3344.67,47940.31,2026-02-25 00:00:00+00:00,2026-09-24 15:51:32.431066+00:00
2425,TXN-202512-002425,494,2025-12-22 00:00:00+00:00,completed,22028.28,0.00,1652.12,23680.40,2025-12-22 00:00:00+00:00,2026-09-24 15:51:32.431066+00:00
2426,TXN-202604-002426,455,2026-04-11 00:00:00+00:00,completed,47695.14,0.00,3577.14,51272.28,2026-04-11 00:00:00+00:00,2026-09-24 15:51:32.431066+00:00
2427,TXN-202608-002427,519,2026-08-02 00:00:00+00:00,completed,2176.54,0.00,163.24,2339.78,2026-08-02 00:00:00+00:00,2026-09-24 15:51:32.431066+00:00
2428,TXN-202604-002428,289,2026-04-30 00:00:00+00:00,completed,228.49,0.00,17.14,245.63,2026-04-30 00:00:00+00:00,2026-09-24 15:51:32.431066+00:00
2429,TXN-202606-002429,826,2026-06-05 00:00:00+00:00,completed,215.40,0.00,16.16,231.56,2026-06-05 00:00:00+00:00,2026-09-24 15:51:32.431066+00:00
2430,TXN-202601-002430,58,2026-01-10 00:00:00+00:00,completed,575.51,0.00,43.16,618.67,2026-01-10 00:00:00+00:00,2026-09-24 15:51:32.431066+00:00
2431,TXN-202608-002431,215,2026-08-02 00:00:00+00:00,completed,240.52,0.00,18.04,258.56,2026-08-02 00:00:00+00:00,2026-09-24 15:51:32.431066+00:00
2432,TXN-202607-002432,379,2026-07-08 00:00:00+00:00,completed,481.04,0.00,36.08,517.12,2026-07-08 00:00:00+00:00,2026-09-24 15:51:32.431066+00:00
2433,TXN-202511-002433,742,2025-11-15 00:00:00+00:00,refunded,332.96,16.65,23.72,340.03,2025-11-15 00:00:00+00:00,2026-09-24 15:51:32.431066+00:00
2434,TXN-202606-002434,723,2026-06-09 00:00:00+00:00,completed,82.89,0.00,6.22,89.11,2026-06-09 00:00:00+00:00,2026-09-24 15:51:32.431066+00:00
2435,TXN-202605-002435,6,2026-05-01 00:00:00+00:00,completed,6072.50,0.00,455.44,6527.94,2026-05-01 00:00:00+00:00,2026-09-24 15:51:32.431066+00:00
2436,TXN-202608-002436,214,2026-08-23 00:00:00+00:00,completed,187.19,0.00,14.04,201.23,2026-08-23 00:00:00+00:00,2026-09-24 15:51:32.431066+00:00
2437,TXN-202602-002437,88,2026-02-11 00:00:00+00:00,completed,28740.99,0.00,2155.57,30896.56,2026-02-11 00:00:00+00:00,2026-09-24 15:51:32.431066+00:00
2438,TXN-202609-002438,281,2026-09-19 00:00:00+00:00,completed,148.98,0.00,11.17,160.15,2026-09-19 00:00:00+00:00,2026-09-24 15:51:32.431066+00:00
2439,TXN-202603-002439,359,2026-03-29 00:00:00+00:00,completed,822.90,0.00,61.72,884.62,2026-03-29 00:00:00+00:00,2026-09-24 15:51:32.431066+00:00
2440,TXN-202607-002440,779,2026-07-28 00:00:00+00:00,completed,14509.19,0.00,1088.19,15597.38,2026-07-28 00:00:00+00:00,2026-09-24 15:51:32.431066+00:00
2441,TXN-202603-002441,571,2026-03-04 00:00:00+00:00,completed,429.43,0.00,32.21,461.64,2026-03-04 00:00:00+00:00,2026-09-24 15:51:32.431066+00:00
2442,TXN-202512-002442,286,2025-12-16 00:00:00+00:00,completed,6432.31,321.62,458.30,6568.99,2025-12-16 00:00:00+00:00,2026-09-24 15:51:32.431066+00:00
2443,TXN-202608-002443,233,2026-08-06 00:00:00+00:00,completed,9288.45,0.00,696.63,9985.08,2026-08-06 00:00:00+00:00,2026-09-24 15:51:32.431066+00:00
2444,TXN-202604-002444,302,2026-04-23 00:00:00+00:00,completed,476.12,0.00,35.71,511.83,2026-04-23 00:00:00+00:00,2026-09-24 15:51:32.431066+00:00
2445,TXN-202606-002445,226,2026-06-30 00:00:00+00:00,completed,390.60,0.00,29.30,419.90,2026-06-30 00:00:00+00:00,2026-09-24 15:51:32.431066+00:00
2446,TXN-202602-002446,49,2026-02-08 00:00:00+00:00,completed,10992.66,0.00,824.45,11817.11,2026-02-08 00:00:00+00:00,2026-09-24 15:51:32.431066+00:00
2447,TXN-202606-002447,7,2026-06-02 00:00:00+00:00,completed,3639.65,0.00,272.97,3912.62,2026-06-02 00:00:00+00:00,2026-09-24 15:51:32.431066+00:00
2448,TXN-202511-002448,819,2025-11-05 00:00:00+00:00,completed,593.01,0.00,44.48,637.49,2025-11-05 00:00:00+00:00,2026-09-24 15:51:32.431066+00:00
2449,TXN-202604-002449,266,2026-04-15 00:00:00+00:00,completed,567.41,0.00,42.56,609.97,2026-04-15 00:00:00+00:00,2026-09-24 15:51:32.431066+00:00
2450,TXN-202609-002450,977,2026-09-11 00:00:00+00:00,completed,257.02,0.00,19.28,276.30,2026-09-11 00:00:00+00:00,2026-09-24 15:51:32.431066+00:00
2451,TXN-202609-002451,608,2026-09-23 00:00:00+00:00,completed,1204.50,60.23,85.82,1230.09,2026-09-23 00:00:00+00:00,2026-09-24 15:51:32.431066+00:00
2452,TXN-202607-002452,99,2026-07-12 00:00:00+00:00,completed,937.63,0.00,70.32,1007.95,2026-07-12 00:00:00+00:00,2026-09-24 15:51:32.431066+00:00
2453,TXN-202602-002453,408,2026-02-24 00:00:00+00:00,completed,480.18,0.00,36.01,516.19,2026-02-24 00:00:00+00:00,2026-09-24 15:51:32.431066+00:00
2454,TXN-202511-002454,326,2025-11-27 00:00:00+00:00,completed,1672.36,0.00,125.43,1797.79,2025-11-27 00:00:00+00:00,2026-09-24 15:51:32.431066+00:00
2455,TXN-202609-002455,895,2026-09-07 00:00:00+00:00,completed,550.82,0.00,41.31,592.13,2026-09-07 00:00:00+00:00,2026-09-24 15:51:32.431066+00:00
2456,TXN-202601-002456,829,2026-01-06 00:00:00+00:00,cancelled,100.68,0.00,7.55,108.23,2026-01-06 00:00:00+00:00,2026-09-24 15:51:32.431066+00:00
2457,TXN-202601-002457,936,2026-01-31 00:00:00+00:00,completed,123.58,0.00,9.27,132.85,2026-01-31 00:00:00+00:00,2026-09-24 15:51:32.431066+00:00
2458,TXN-202606-002458,883,2026-06-16 00:00:00+00:00,completed,125.64,0.00,9.42,135.06,2026-06-16 00:00:00+00:00,2026-09-24 15:51:32.431066+00:00
2459,TXN-202511-002459,121,2025-11-22 00:00:00+00:00,completed,206.93,0.00,15.52,222.45,2025-11-22 00:00:00+00:00,2026-09-24 15:51:32.431066+00:00
2460,TXN-202608-002460,64,2026-08-31 00:00:00+00:00,completed,505.92,0.00,37.94,543.86,2026-08-31 00:00:00+00:00,2026-09-24 15:51:32.431066+00:00
2461,TXN-202604-002461,6,2026-04-28 00:00:00+00:00,completed,12466.15,0.00,934.96,13401.11,2026-04-28 00:00:00+00:00,2026-09-24 15:51:32.431066+00:00
2462,TXN-202602-002462,270,2026-02-03 00:00:00+00:00,completed,162.32,0.00,12.17,174.49,2026-02-03 00:00:00+00:00,2026-09-24 15:51:32.431066+00:00
2463,TXN-202603-002463,974,2026-03-14 00:00:00+00:00,completed,53.51,0.00,4.01,57.52,2026-03-14 00:00:00+00:00,2026-09-24 15:51:32.431066+00:00
2464,TXN-202507-002464,315,2025-07-08 00:00:00+00:00,completed,709.03,35.45,50.52,724.10,2025-07-08 00:00:00+00:00,2026-09-24 15:51:32.431066+00:00
2465,TXN-202606-002465,986,2026-06-01 00:00:00+00:00,completed,188.00,0.00,14.10,202.10,2026-06-01 00:00:00+00:00,2026-09-24 15:51:32.431066+00:00
2466,TXN-202607-002466,821,2026-07-28 00:00:00+00:00,completed,342.86,0.00,25.71,368.57,2026-07-28 00:00:00+00:00,2026-09-24 15:51:32.431066+00:00
2467,TXN-202608-002467,765,2026-08-09 00:00:00+00:00,completed,41772.00,0.00,3132.90,44904.90,2026-08-09 00:00:00+00:00,2026-09-24 15:51:32.431066+00:00
2468,TXN-202607-002468,586,2026-07-16 00:00:00+00:00,completed,7226.21,0.00,541.97,7768.18,2026-07-16 00:00:00+00:00,2026-09-24 15:51:32.431066+00:00
2469,TXN-202603-002469,50,2026-03-30 00:00:00+00:00,completed,3319.45,0.00,248.96,3568.41,2026-03-30 00:00:00+00:00,2026-09-24 15:51:32.431066+00:00
2470,TXN-202604-002470,834,2026-04-11 00:00:00+00:00,cancelled,55430.14,0.00,4157.26,59587.40,2026-04-11 00:00:00+00:00,2026-09-24 15:51:32.431066+00:00
2471,TXN-202607-002471,939,2026-07-08 00:00:00+00:00,completed,430.66,0.00,32.30,462.96,2026-07-08 00:00:00+00:00,2026-09-24 15:51:32.431066+00:00
2472,TXN-202603-002472,132,2026-03-06 00:00:00+00:00,completed,3025.82,0.00,226.94,3252.76,2026-03-06 00:00:00+00:00,2026-09-24 15:51:32.431066+00:00
2473,TXN-202602-002473,396,2026-02-02 00:00:00+00:00,completed,594.83,0.00,44.61,639.44,2026-02-02 00:00:00+00:00,2026-09-24 15:51:32.431066+00:00
2474,TXN-202602-002474,446,2026-02-04 00:00:00+00:00,completed,201.14,0.00,15.09,216.23,2026-02-04 00:00:00+00:00,2026-09-24 15:51:32.431066+00:00
2475,TXN-202606-002475,489,2026-06-17 00:00:00+00:00,completed,361.98,0.00,27.15,389.13,2026-06-17 00:00:00+00:00,2026-09-24 15:51:32.431066+00:00
2476,TXN-202511-002476,794,2025-11-01 00:00:00+00:00,completed,6798.83,0.00,509.91,7308.74,2025-11-01 00:00:00+00:00,2026-09-24 15:51:32.431066+00:00
2477,TXN-202608-002477,512,2026-08-24 00:00:00+00:00,completed,751.44,0.00,56.36,807.80,2026-08-24 00:00:00+00:00,2026-09-24 15:51:32.431066+00:00
2478,TXN-202604-002478,703,2026-04-02 00:00:00+00:00,completed,304.12,0.00,22.81,326.93,2026-04-02 00:00:00+00:00,2026-09-24 15:51:32.431066+00:00
2479,TXN-202608-002479,930,2026-08-24 00:00:00+00:00,completed,481.04,0.00,36.08,517.12,2026-08-24 00:00:00+00:00,2026-09-24 15:51:32.431066+00:00
2480,TXN-202604-002480,273,2026-04-15 00:00:00+00:00,completed,327.36,0.00,24.55,351.91,2026-04-15 00:00:00+00:00,2026-09-24 15:51:32.431066+00:00
2481,TXN-202508-002481,293,2025-08-04 00:00:00+00:00,completed,1981.48,0.00,148.61,2130.09,2025-08-04 00:00:00+00:00,2026-09-24 15:51:32.431066+00:00
2482,TXN-202608-002482,931,2026-08-17 00:00:00+00:00,completed,1073.50,0.00,80.51,1154.01,2026-08-17 00:00:00+00:00,2026-09-24 15:51:32.431066+00:00
2483,TXN-202602-002483,103,2026-02-11 00:00:00+00:00,completed,183.79,0.00,13.78,197.57,2026-02-11 00:00:00+00:00,2026-09-24 15:51:32.431066+00:00
2484,TXN-202609-002484,906,2026-09-04 00:00:00+00:00,completed,20962.94,0.00,1572.22,22535.16,2026-09-04 00:00:00+00:00,2026-09-24 15:51:32.431066+00:00
2485,TXN-202601-002485,917,2026-01-12 00:00:00+00:00,completed,509.76,0.00,38.23,547.99,2026-01-12 00:00:00+00:00,2026-09-24 15:51:32.431066+00:00
2486,TXN-202609-002486,172,2026-09-03 00:00:00+00:00,completed,248.67,0.00,18.65,267.32,2026-09-03 00:00:00+00:00,2026-09-24 15:51:32.431066+00:00
2487,TXN-202609-002487,202,2026-09-11 00:00:00+00:00,completed,1091.40,0.00,81.86,1173.26,2026-09-11 00:00:00+00:00,2026-09-24 15:51:32.431066+00:00
2488,TXN-202603-002488,845,2026-03-03 00:00:00+00:00,completed,24223.10,0.00,1816.73,26039.83,2026-03-03 00:00:00+00:00,2026-09-24 15:51:32.431066+00:00
2489,TXN-202608-002489,183,2026-08-15 00:00:00+00:00,completed,220.61,0.00,16.55,237.16,2026-08-15 00:00:00+00:00,2026-09-24 15:51:32.431066+00:00
2490,TXN-202602-002490,322,2026-02-28 00:00:00+00:00,completed,397.22,0.00,29.79,427.01,2026-02-28 00:00:00+00:00,2026-09-24 15:51:32.431066+00:00
2491,TXN-202609-002491,683,2026-09-10 00:00:00+00:00,completed,642.78,0.00,48.21,690.99,2026-09-10 00:00:00+00:00,2026-09-24 15:51:32.431066+00:00
2492,TXN-202606-002492,432,2026-06-25 00:00:00+00:00,completed,8809.10,0.00,660.68,9469.78,2026-06-25 00:00:00+00:00,2026-09-24 15:51:32.431066+00:00
2493,TXN-202609-002493,313,2026-09-06 00:00:00+00:00,completed,10.84,0.00,0.81,11.65,2026-09-06 00:00:00+00:00,2026-09-24 15:51:32.431066+00:00
2494,TXN-202602-002494,748,2026-02-03 00:00:00+00:00,completed,1616.66,0.00,121.25,1737.91,2026-02-03 00:00:00+00:00,2026-09-24 15:51:32.431066+00:00
2495,TXN-202607-002495,49,2026-07-03 00:00:00+00:00,completed,14147.83,0.00,1061.09,15208.92,2026-07-03 00:00:00+00:00,2026-09-24 15:51:32.431066+00:00
2496,TXN-202604-002496,276,2026-04-21 00:00:00+00:00,completed,944.16,0.00,70.81,1014.97,2026-04-21 00:00:00+00:00,2026-09-24 15:51:32.431066+00:00
2497,TXN-202603-002497,519,2026-03-07 00:00:00+00:00,completed,1153.02,57.65,82.15,1177.52,2026-03-07 00:00:00+00:00,2026-09-24 15:51:32.431066+00:00
2498,TXN-202606-002498,643,2026-06-02 00:00:00+00:00,completed,1691.23,0.00,126.84,1818.07,2026-06-02 00:00:00+00:00,2026-09-24 15:51:32.431066+00:00
2499,TXN-202609-002499,318,2026-09-09 00:00:00+00:00,completed,26791.14,0.00,2009.34,28800.48,2026-09-09 00:00:00+00:00,2026-09-24 15:51:32.431066+00:00
2500,TXN-202607-002500,361,2026-07-11 00:00:00+00:00,completed,497.56,0.00,37.32,534.88,2026-07-11 00:00:00+00:00,2026-09-24 15:51:32.431066+00:00
2501,TXN-202601-002501,903,2026-01-05 00:00:00+00:00,cancelled,9885.81,0.00,741.44,10627.25,2026-01-05 00:00:00+00:00,2026-09-24 15:51:32.431066+00:00
2502,TXN-202607-002502,618,2026-07-12 00:00:00+00:00,completed,317.48,0.00,23.81,341.29,2026-07-12 00:00:00+00:00,2026-09-24 15:51:32.431066+00:00
2503,TXN-202511-002503,439,2025-11-14 00:00:00+00:00,completed,1096.15,0.00,82.21,1178.36,2025-11-14 00:00:00+00:00,2026-09-24 15:51:32.431066+00:00
2504,TXN-202604-002504,577,2026-04-29 00:00:00+00:00,completed,844.08,0.00,63.31,907.39,2026-04-29 00:00:00+00:00,2026-09-24 15:51:32.431066+00:00
2505,TXN-202601-002505,521,2026-01-06 00:00:00+00:00,completed,468.86,0.00,35.16,504.02,2026-01-06 00:00:00+00:00,2026-09-24 15:51:32.431066+00:00
2506,TXN-202604-002506,434,2026-04-17 00:00:00+00:00,completed,10092.45,0.00,756.93,10849.38,2026-04-17 00:00:00+00:00,2026-09-24 15:51:32.431066+00:00
2507,TXN-202608-002507,786,2026-08-28 00:00:00+00:00,completed,232.61,0.00,17.45,250.06,2026-08-28 00:00:00+00:00,2026-09-24 15:51:32.431066+00:00
2508,TXN-202604-002508,210,2026-04-28 00:00:00+00:00,completed,966.32,0.00,72.47,1038.79,2026-04-28 00:00:00+00:00,2026-09-24 15:51:32.431066+00:00
2509,TXN-202604-002509,300,2026-04-10 00:00:00+00:00,completed,588.47,0.00,44.14,632.61,2026-04-10 00:00:00+00:00,2026-09-24 15:51:32.431066+00:00
2510,TXN-202604-002510,187,2026-04-24 00:00:00+00:00,completed,2099.22,0.00,157.44,2256.66,2026-04-24 00:00:00+00:00,2026-09-24 15:51:32.431066+00:00
2511,TXN-202607-002511,223,2026-07-05 00:00:00+00:00,refunded,240.52,0.00,18.04,258.56,2026-07-05 00:00:00+00:00,2026-09-24 15:51:32.431066+00:00
2512,TXN-202512-002512,739,2025-12-14 00:00:00+00:00,completed,288.68,0.00,21.65,310.33,2025-12-14 00:00:00+00:00,2026-09-24 15:51:32.431066+00:00
2513,TXN-202603-002513,731,2026-03-05 00:00:00+00:00,completed,742.07,0.00,55.66,797.73,2026-03-05 00:00:00+00:00,2026-09-24 15:51:32.431066+00:00
2514,TXN-202510-002514,657,2025-10-19 00:00:00+00:00,completed,582.02,0.00,43.65,625.67,2025-10-19 00:00:00+00:00,2026-09-24 15:51:32.431066+00:00
2515,TXN-202602-002515,831,2026-02-13 00:00:00+00:00,completed,71.52,0.00,5.36,76.88,2026-02-13 00:00:00+00:00,2026-09-24 15:51:32.431066+00:00
2516,TXN-202601-002516,583,2026-01-19 00:00:00+00:00,completed,1723.62,0.00,129.27,1852.89,2026-01-19 00:00:00+00:00,2026-09-24 15:51:32.431066+00:00
2517,TXN-202604-002517,458,2026-04-07 00:00:00+00:00,completed,407.09,20.35,29.01,415.75,2026-04-07 00:00:00+00:00,2026-09-24 15:51:32.431066+00:00
2518,TXN-202511-002518,657,2025-11-17 00:00:00+00:00,completed,199.56,0.00,14.97,214.53,2025-11-17 00:00:00+00:00,2026-09-24 15:51:32.431066+00:00
2519,TXN-202510-002519,646,2025-10-29 00:00:00+00:00,completed,1946.33,0.00,145.97,2092.30,2025-10-29 00:00:00+00:00,2026-09-24 15:51:32.431066+00:00
2520,TXN-202609-002520,577,2026-09-07 00:00:00+00:00,completed,565.09,0.00,42.38,607.47,2026-09-07 00:00:00+00:00,2026-09-24 15:51:32.431066+00:00
2521,TXN-202601-002521,55,2026-01-04 00:00:00+00:00,completed,1854.17,0.00,139.06,1993.23,2026-01-04 00:00:00+00:00,2026-09-24 15:51:32.431066+00:00
2522,TXN-202606-002522,590,2026-06-23 00:00:00+00:00,completed,334.55,0.00,25.09,359.64,2026-06-23 00:00:00+00:00,2026-09-24 15:51:32.431066+00:00
2523,TXN-202601-002523,903,2026-01-18 00:00:00+00:00,completed,3143.96,0.00,235.80,3379.76,2026-01-18 00:00:00+00:00,2026-09-24 15:51:32.431066+00:00
2524,TXN-202604-002524,307,2026-04-24 00:00:00+00:00,completed,889.93,0.00,66.74,956.67,2026-04-24 00:00:00+00:00,2026-09-24 15:51:32.431066+00:00
2525,TXN-202512-002525,7,2025-12-14 00:00:00+00:00,completed,13185.99,659.30,939.50,13466.19,2025-12-14 00:00:00+00:00,2026-09-24 15:51:32.431066+00:00
2526,TXN-202605-002526,918,2026-05-04 00:00:00+00:00,completed,3634.12,0.00,272.56,3906.68,2026-05-04 00:00:00+00:00,2026-09-24 15:51:32.431066+00:00
2527,TXN-202505-002527,134,2025-05-17 00:00:00+00:00,completed,459.39,0.00,34.45,493.84,2025-05-17 00:00:00+00:00,2026-09-24 15:51:32.431066+00:00
2528,TXN-202512-002528,816,2025-12-13 00:00:00+00:00,completed,615.74,0.00,46.18,661.92,2025-12-13 00:00:00+00:00,2026-09-24 15:51:32.431066+00:00
2529,TXN-202603-002529,712,2026-03-11 00:00:00+00:00,completed,103.83,0.00,7.79,111.62,2026-03-11 00:00:00+00:00,2026-09-24 15:51:32.431066+00:00
2530,TXN-202509-002530,743,2025-09-19 00:00:00+00:00,completed,443.25,0.00,33.24,476.49,2025-09-19 00:00:00+00:00,2026-09-24 15:51:32.431066+00:00
2531,TXN-202607-002531,627,2026-07-25 00:00:00+00:00,completed,45149.84,2257.49,3216.93,46109.28,2026-07-25 00:00:00+00:00,2026-09-24 15:51:32.431066+00:00
2532,TXN-202606-002532,665,2026-06-22 00:00:00+00:00,completed,2199.65,0.00,164.97,2364.62,2026-06-22 00:00:00+00:00,2026-09-24 15:51:32.431066+00:00
2533,TXN-202607-002533,226,2026-07-17 00:00:00+00:00,completed,438.33,0.00,32.87,471.20,2026-07-17 00:00:00+00:00,2026-09-24 15:51:32.431066+00:00
2534,TXN-202603-002534,590,2026-03-06 00:00:00+00:00,completed,31.49,0.00,2.36,33.85,2026-03-06 00:00:00+00:00,2026-09-24 15:51:32.431066+00:00
2535,TXN-202605-002535,431,2026-05-10 00:00:00+00:00,completed,12131.40,0.00,909.85,13041.25,2026-05-10 00:00:00+00:00,2026-09-24 15:51:32.431066+00:00
2536,TXN-202609-002536,637,2026-09-09 00:00:00+00:00,refunded,299.49,0.00,22.46,321.95,2026-09-09 00:00:00+00:00,2026-09-24 15:51:32.431066+00:00
2537,TXN-202606-002537,584,2026-06-28 00:00:00+00:00,cancelled,223.92,0.00,16.79,240.71,2026-06-28 00:00:00+00:00,2026-09-24 15:51:32.431066+00:00
2538,TXN-202603-002538,873,2026-03-18 00:00:00+00:00,completed,8079.23,0.00,605.94,8685.17,2026-03-18 00:00:00+00:00,2026-09-24 15:51:32.431066+00:00
2539,TXN-202608-002539,19,2026-08-05 00:00:00+00:00,completed,216.34,0.00,16.23,232.57,2026-08-05 00:00:00+00:00,2026-09-24 15:51:32.431066+00:00
2540,TXN-202601-002540,334,2026-01-06 00:00:00+00:00,pending,7316.94,0.00,548.77,7865.71,2026-01-06 00:00:00+00:00,2026-09-24 15:51:32.431066+00:00
2541,TXN-202601-002541,88,2026-01-18 00:00:00+00:00,completed,7651.58,0.00,573.87,8225.45,2026-01-18 00:00:00+00:00,2026-09-24 15:51:32.431066+00:00
2542,TXN-202606-002542,289,2026-06-27 00:00:00+00:00,completed,551.38,0.00,41.35,592.73,2026-06-27 00:00:00+00:00,2026-09-24 15:51:32.431066+00:00
2543,TXN-202507-002543,887,2025-07-30 00:00:00+00:00,completed,1077.78,0.00,80.83,1158.61,2025-07-30 00:00:00+00:00,2026-09-24 15:51:32.431066+00:00
2544,TXN-202601-002544,914,2026-01-23 00:00:00+00:00,completed,19.32,0.00,1.45,20.77,2026-01-23 00:00:00+00:00,2026-09-24 15:51:32.431066+00:00
2545,TXN-202603-002545,478,2026-03-21 00:00:00+00:00,completed,5.71,0.00,0.43,6.14,2026-03-21 00:00:00+00:00,2026-09-24 15:51:32.431066+00:00
2546,TXN-202605-002546,759,2026-05-29 00:00:00+00:00,completed,1088.04,0.00,81.60,1169.64,2026-05-29 00:00:00+00:00,2026-09-24 15:51:32.431066+00:00
2547,TXN-202601-002547,720,2026-01-12 00:00:00+00:00,completed,228.49,0.00,17.14,245.63,2026-01-12 00:00:00+00:00,2026-09-24 15:51:32.431066+00:00
2548,TXN-202603-002548,533,2026-03-06 00:00:00+00:00,completed,246.45,0.00,18.48,264.93,2026-03-06 00:00:00+00:00,2026-09-24 15:51:32.431066+00:00
2549,TXN-202604-002549,480,2026-04-17 00:00:00+00:00,completed,248.67,0.00,18.65,267.32,2026-04-17 00:00:00+00:00,2026-09-24 15:51:32.431066+00:00
2550,TXN-202512-002550,186,2025-12-01 00:00:00+00:00,completed,1193.30,0.00,89.50,1282.80,2025-12-01 00:00:00+00:00,2026-09-24 15:51:32.431066+00:00
2551,TXN-202608-002551,856,2026-08-22 00:00:00+00:00,completed,859.39,0.00,64.45,923.84,2026-08-22 00:00:00+00:00,2026-09-24 15:51:32.431066+00:00
2552,TXN-202609-002552,675,2026-09-13 00:00:00+00:00,completed,553.88,0.00,41.54,595.42,2026-09-13 00:00:00+00:00,2026-09-24 15:51:32.431066+00:00
2553,TXN-202512-002553,121,2025-12-25 00:00:00+00:00,completed,504.57,0.00,37.84,542.41,2025-12-25 00:00:00+00:00,2026-09-24 15:51:32.431066+00:00
2554,TXN-202511-002554,915,2025-11-14 00:00:00+00:00,completed,16527.89,0.00,1239.59,17767.48,2025-11-14 00:00:00+00:00,2026-09-24 15:51:32.431066+00:00
2555,TXN-202608-002555,149,2026-08-05 00:00:00+00:00,completed,37138.64,0.00,2785.40,39924.04,2026-08-05 00:00:00+00:00,2026-09-24 15:51:32.431066+00:00
2556,TXN-202606-002556,356,2026-06-05 00:00:00+00:00,completed,1519.96,0.00,114.00,1633.96,2026-06-05 00:00:00+00:00,2026-09-24 15:51:32.431066+00:00
2557,TXN-202603-002557,975,2026-03-15 00:00:00+00:00,completed,125.64,0.00,9.42,135.06,2026-03-15 00:00:00+00:00,2026-09-24 15:51:32.431066+00:00
2558,TXN-202608-002558,960,2026-08-10 00:00:00+00:00,completed,140.54,0.00,10.54,151.08,2026-08-10 00:00:00+00:00,2026-09-24 15:51:32.431066+00:00
2559,TXN-202609-002559,26,2026-09-23 00:00:00+00:00,completed,523.36,0.00,39.25,562.61,2026-09-23 00:00:00+00:00,2026-09-24 15:51:32.431066+00:00
2560,TXN-202608-002560,872,2026-08-04 00:00:00+00:00,completed,485.22,0.00,36.39,521.61,2026-08-04 00:00:00+00:00,2026-09-24 15:51:32.431066+00:00
2561,TXN-202601-002561,707,2026-01-16 00:00:00+00:00,completed,7967.16,0.00,597.54,8564.70,2026-01-16 00:00:00+00:00,2026-09-24 15:51:32.431066+00:00
2562,TXN-202609-002562,229,2026-09-19 00:00:00+00:00,completed,31116.70,0.00,2333.75,33450.45,2026-09-19 00:00:00+00:00,2026-09-24 15:51:32.431066+00:00
2563,TXN-202608-002563,135,2026-08-20 00:00:00+00:00,completed,3128.63,0.00,234.65,3363.28,2026-08-20 00:00:00+00:00,2026-09-24 15:51:32.431066+00:00
2564,TXN-202607-002564,620,2026-07-14 00:00:00+00:00,completed,50.96,0.00,3.82,54.78,2026-07-14 00:00:00+00:00,2026-09-24 15:51:32.431066+00:00
2565,TXN-202508-002565,145,2025-08-24 00:00:00+00:00,completed,1689.00,0.00,126.67,1815.67,2025-08-24 00:00:00+00:00,2026-09-24 15:51:32.431066+00:00
2566,TXN-202605-002566,59,2026-05-14 00:00:00+00:00,completed,6933.20,0.00,519.99,7453.19,2026-05-14 00:00:00+00:00,2026-09-24 15:51:32.431066+00:00
2567,TXN-202607-002567,36,2026-07-03 00:00:00+00:00,refunded,48.17,0.00,3.61,51.78,2026-07-03 00:00:00+00:00,2026-09-24 15:51:32.431066+00:00
2568,TXN-202512-002568,911,2025-12-24 00:00:00+00:00,completed,240.52,0.00,18.04,258.56,2025-12-24 00:00:00+00:00,2026-09-24 15:51:32.431066+00:00
2569,TXN-202512-002569,937,2025-12-10 00:00:00+00:00,pending,986.30,0.00,73.97,1060.27,2025-12-10 00:00:00+00:00,2026-09-24 15:51:32.431066+00:00
2570,TXN-202602-002570,679,2026-02-22 00:00:00+00:00,completed,83.63,0.00,6.27,89.90,2026-02-22 00:00:00+00:00,2026-09-24 15:51:32.431066+00:00
2571,TXN-202606-002571,732,2026-06-13 00:00:00+00:00,completed,164.37,0.00,12.33,176.70,2026-06-13 00:00:00+00:00,2026-09-24 15:51:32.431066+00:00
2572,TXN-202509-002572,716,2025-09-18 00:00:00+00:00,completed,30784.68,0.00,2308.85,33093.53,2025-09-18 00:00:00+00:00,2026-09-24 15:51:32.431066+00:00
2573,TXN-202608-002573,317,2026-08-10 00:00:00+00:00,completed,926.11,0.00,69.46,995.57,2026-08-10 00:00:00+00:00,2026-09-24 15:51:32.431066+00:00
2574,TXN-202508-002574,770,2025-08-23 00:00:00+00:00,completed,88.98,0.00,6.67,95.65,2025-08-23 00:00:00+00:00,2026-09-24 15:51:32.431066+00:00
2575,TXN-202509-002575,425,2025-09-30 00:00:00+00:00,completed,2790.47,139.52,198.82,2849.77,2025-09-30 00:00:00+00:00,2026-09-24 15:51:32.431066+00:00
2576,TXN-202603-002576,100,2026-03-04 00:00:00+00:00,completed,61.26,0.00,4.59,65.85,2026-03-04 00:00:00+00:00,2026-09-24 15:51:32.431066+00:00
2577,TXN-202606-002577,407,2026-06-18 00:00:00+00:00,refunded,481.04,0.00,36.08,517.12,2026-06-18 00:00:00+00:00,2026-09-24 15:51:32.431066+00:00
2578,TXN-202606-002578,181,2026-06-28 00:00:00+00:00,completed,6133.56,0.00,460.02,6593.58,2026-06-28 00:00:00+00:00,2026-09-24 15:51:32.431066+00:00
2579,TXN-202608-002579,648,2026-08-16 00:00:00+00:00,completed,1288.51,0.00,96.64,1385.15,2026-08-16 00:00:00+00:00,2026-09-24 15:51:32.431066+00:00
2580,TXN-202512-002580,235,2025-12-27 00:00:00+00:00,completed,16922.03,0.00,1269.15,18191.18,2025-12-27 00:00:00+00:00,2026-09-24 15:51:32.431066+00:00
2581,TXN-202609-002581,886,2026-09-10 00:00:00+00:00,completed,721.56,0.00,54.12,775.68,2026-09-10 00:00:00+00:00,2026-09-24 15:51:32.431066+00:00
2582,TXN-202605-002582,347,2026-05-09 00:00:00+00:00,pending,962.08,0.00,72.16,1034.24,2026-05-09 00:00:00+00:00,2026-09-24 15:51:32.431066+00:00
2583,TXN-202604-002583,979,2026-04-20 00:00:00+00:00,completed,721.56,0.00,54.12,775.68,2026-04-20 00:00:00+00:00,2026-09-24 15:51:32.431066+00:00
2584,TXN-202604-002584,12,2026-04-24 00:00:00+00:00,completed,28.18,0.00,2.11,30.29,2026-04-24 00:00:00+00:00,2026-09-24 15:51:32.431066+00:00
2585,TXN-202604-002585,532,2026-04-21 00:00:00+00:00,completed,477.77,0.00,35.83,513.60,2026-04-21 00:00:00+00:00,2026-09-24 15:51:32.431066+00:00
2586,TXN-202603-002586,863,2026-03-16 00:00:00+00:00,completed,74.07,0.00,5.56,79.63,2026-03-16 00:00:00+00:00,2026-09-24 15:51:32.431066+00:00
2587,TXN-202606-002587,937,2026-06-30 00:00:00+00:00,completed,11263.19,0.00,844.74,12107.93,2026-06-30 00:00:00+00:00,2026-09-24 15:51:32.431066+00:00
2588,TXN-202608-002588,762,2026-08-20 00:00:00+00:00,completed,133.58,0.00,10.02,143.60,2026-08-20 00:00:00+00:00,2026-09-24 15:51:32.431066+00:00
2589,TXN-202511-002589,650,2025-11-05 00:00:00+00:00,cancelled,1624.32,0.00,121.82,1746.14,2025-11-05 00:00:00+00:00,2026-09-24 15:51:32.431066+00:00
2590,TXN-202601-002590,751,2026-01-26 00:00:00+00:00,completed,699.54,0.00,52.47,752.01,2026-01-26 00:00:00+00:00,2026-09-24 15:51:32.431066+00:00
2591,TXN-202606-002591,994,2026-06-23 00:00:00+00:00,completed,784.10,0.00,58.81,842.91,2026-06-23 00:00:00+00:00,2026-09-24 15:51:32.431066+00:00
2592,TXN-202606-002592,765,2026-06-13 00:00:00+00:00,completed,41354.16,0.00,3101.56,44455.72,2026-06-13 00:00:00+00:00,2026-09-24 15:51:32.431066+00:00
2593,TXN-202609-002593,209,2026-09-13 00:00:00+00:00,completed,2261.20,0.00,169.59,2430.79,2026-09-13 00:00:00+00:00,2026-09-24 15:51:32.431066+00:00
2594,TXN-202606-002594,120,2026-06-26 00:00:00+00:00,completed,1594.74,79.74,113.62,1628.62,2026-06-26 00:00:00+00:00,2026-09-24 15:51:32.431066+00:00
2595,TXN-202603-002595,174,2026-03-28 00:00:00+00:00,completed,721.56,0.00,54.12,775.68,2026-03-28 00:00:00+00:00,2026-09-24 15:51:32.431066+00:00
2596,TXN-202510-002596,191,2025-10-04 00:00:00+00:00,pending,664.48,0.00,49.84,714.32,2025-10-04 00:00:00+00:00,2026-09-24 15:51:32.431066+00:00
2597,TXN-202512-002597,629,2025-12-12 00:00:00+00:00,completed,6522.72,326.14,464.74,6661.32,2025-12-12 00:00:00+00:00,2026-09-24 15:51:32.431066+00:00
2598,TXN-202607-002598,782,2026-07-27 00:00:00+00:00,completed,38731.32,0.00,2904.85,41636.17,2026-07-27 00:00:00+00:00,2026-09-24 15:51:32.431066+00:00
2599,TXN-202606-002599,60,2026-06-10 00:00:00+00:00,completed,898.78,44.94,64.04,917.88,2026-06-10 00:00:00+00:00,2026-09-24 15:51:32.431066+00:00
2600,TXN-202512-002600,644,2025-12-12 00:00:00+00:00,completed,16.50,0.00,1.24,17.74,2025-12-12 00:00:00+00:00,2026-09-24 15:51:32.431066+00:00
2601,TXN-202604-002601,12,2026-04-11 00:00:00+00:00,completed,120.53,0.00,9.04,129.57,2026-04-11 00:00:00+00:00,2026-09-24 15:51:32.431066+00:00
2602,TXN-202511-002602,877,2025-11-06 00:00:00+00:00,completed,11122.27,0.00,834.17,11956.44,2025-11-06 00:00:00+00:00,2026-09-24 15:51:32.431066+00:00
2603,TXN-202508-002603,20,2025-08-19 00:00:00+00:00,completed,115.76,0.00,8.68,124.44,2025-08-19 00:00:00+00:00,2026-09-24 15:51:32.431066+00:00
2604,TXN-202509-002604,903,2025-09-13 00:00:00+00:00,completed,5026.19,0.00,376.96,5403.15,2025-09-13 00:00:00+00:00,2026-09-24 15:51:32.431066+00:00
2605,TXN-202606-002605,26,2026-06-28 00:00:00+00:00,completed,335.28,0.00,25.15,360.43,2026-06-28 00:00:00+00:00,2026-09-24 15:51:32.431066+00:00
2606,TXN-202607-002606,566,2026-07-27 00:00:00+00:00,completed,156.45,0.00,11.73,168.18,2026-07-27 00:00:00+00:00,2026-09-24 15:51:32.431066+00:00
2607,TXN-202603-002607,508,2026-03-30 00:00:00+00:00,completed,229.48,0.00,17.21,246.69,2026-03-30 00:00:00+00:00,2026-09-24 15:51:32.431066+00:00
2608,TXN-202512-002608,987,2025-12-22 00:00:00+00:00,completed,1402.07,0.00,105.16,1507.23,2025-12-22 00:00:00+00:00,2026-09-24 15:51:32.431066+00:00
2609,TXN-202601-002609,959,2026-01-28 00:00:00+00:00,completed,962.08,0.00,72.16,1034.24,2026-01-28 00:00:00+00:00,2026-09-24 15:51:32.431066+00:00
2610,TXN-202511-002610,237,2025-11-10 00:00:00+00:00,completed,222.78,0.00,16.71,239.49,2025-11-10 00:00:00+00:00,2026-09-24 15:51:32.431066+00:00
2611,TXN-202607-002611,598,2026-07-28 00:00:00+00:00,completed,201.36,0.00,15.10,216.46,2026-07-28 00:00:00+00:00,2026-09-24 15:51:32.431066+00:00
2612,TXN-202602-002612,257,2026-02-13 00:00:00+00:00,completed,870.48,0.00,65.29,935.77,2026-02-13 00:00:00+00:00,2026-09-24 15:51:32.431066+00:00
2613,TXN-202607-002613,494,2026-07-30 00:00:00+00:00,completed,29121.06,0.00,2184.08,31305.14,2026-07-30 00:00:00+00:00,2026-09-24 15:51:32.431066+00:00
2614,TXN-202606-002614,960,2026-06-03 00:00:00+00:00,completed,96.24,0.00,7.22,103.46,2026-06-03 00:00:00+00:00,2026-09-24 15:51:32.431066+00:00
2615,TXN-202509-002615,237,2025-09-04 00:00:00+00:00,completed,482.94,0.00,36.22,519.16,2025-09-04 00:00:00+00:00,2026-09-24 15:51:32.431066+00:00
2616,TXN-202509-002616,912,2025-09-07 00:00:00+00:00,completed,407.53,0.00,30.56,438.09,2025-09-07 00:00:00+00:00,2026-09-24 15:51:32.431066+00:00
2617,TXN-202607-002617,770,2026-07-24 00:00:00+00:00,completed,308.80,15.44,22.00,315.36,2026-07-24 00:00:00+00:00,2026-09-24 15:51:32.431066+00:00
2618,TXN-202605-002618,710,2026-05-04 00:00:00+00:00,completed,2152.73,0.00,161.45,2314.18,2026-05-04 00:00:00+00:00,2026-09-24 15:51:32.431066+00:00
2619,TXN-202609-002619,156,2026-09-02 00:00:00+00:00,completed,51300.21,0.00,3847.52,55147.73,2026-09-02 00:00:00+00:00,2026-09-24 15:51:32.431066+00:00
2620,TXN-202605-002620,800,2026-05-04 00:00:00+00:00,completed,935.27,0.00,70.15,1005.42,2026-05-04 00:00:00+00:00,2026-09-24 15:51:32.431066+00:00
2621,TXN-202602-002621,256,2026-02-12 00:00:00+00:00,completed,765.11,0.00,57.38,822.49,2026-02-12 00:00:00+00:00,2026-09-24 15:51:32.431066+00:00
2622,TXN-202603-002622,534,2026-03-06 00:00:00+00:00,completed,200.80,0.00,15.06,215.86,2026-03-06 00:00:00+00:00,2026-09-24 15:51:32.431066+00:00
2623,TXN-202607-002623,708,2026-07-31 00:00:00+00:00,completed,1668.79,0.00,125.16,1793.95,2026-07-31 00:00:00+00:00,2026-09-24 15:51:32.431066+00:00
2624,TXN-202603-002624,250,2026-03-14 00:00:00+00:00,completed,4970.10,0.00,372.76,5342.86,2026-03-14 00:00:00+00:00,2026-09-24 15:51:32.431066+00:00
2625,TXN-202609-002625,989,2026-09-02 00:00:00+00:00,completed,297.60,0.00,22.32,319.92,2026-09-02 00:00:00+00:00,2026-09-24 15:51:32.431066+00:00
2626,TXN-202608-002626,793,2026-08-11 00:00:00+00:00,completed,23742.14,0.00,1780.66,25522.80,2026-08-11 00:00:00+00:00,2026-09-24 15:51:32.431066+00:00
2627,TXN-202605-002627,399,2026-05-21 00:00:00+00:00,pending,544.43,0.00,40.83,585.26,2026-05-21 00:00:00+00:00,2026-09-24 15:51:32.431066+00:00
2628,TXN-202601-002628,870,2026-01-16 00:00:00+00:00,completed,780.08,39.00,55.58,796.66,2026-01-16 00:00:00+00:00,2026-09-24 15:51:32.431066+00:00
2629,TXN-202512-002629,776,2025-12-26 00:00:00+00:00,completed,473.05,0.00,35.48,508.53,2025-12-26 00:00:00+00:00,2026-09-24 15:51:32.431066+00:00
2630,TXN-202512-002630,821,2025-12-28 00:00:00+00:00,completed,176.70,0.00,13.25,189.95,2025-12-28 00:00:00+00:00,2026-09-24 15:51:32.431066+00:00
2631,TXN-202609-002631,418,2026-09-12 00:00:00+00:00,completed,1153.04,0.00,86.48,1239.52,2026-09-12 00:00:00+00:00,2026-09-24 15:51:32.431066+00:00
2632,TXN-202606-002632,954,2026-06-24 00:00:00+00:00,completed,1004.73,0.00,75.35,1080.08,2026-06-24 00:00:00+00:00,2026-09-24 15:51:32.431066+00:00
2633,TXN-202606-002633,464,2026-06-01 00:00:00+00:00,completed,1027.58,0.00,77.07,1104.65,2026-06-01 00:00:00+00:00,2026-09-24 15:51:32.431066+00:00
2634,TXN-202604-002634,299,2026-04-10 00:00:00+00:00,completed,9245.15,462.26,658.72,9441.61,2026-04-10 00:00:00+00:00,2026-09-24 15:51:32.431066+00:00
2635,TXN-202605-002635,491,2026-05-05 00:00:00+00:00,completed,342.85,0.00,25.71,368.56,2026-05-05 00:00:00+00:00,2026-09-24 15:51:32.431066+00:00
2636,TXN-202603-002636,986,2026-03-15 00:00:00+00:00,completed,276.66,0.00,20.75,297.41,2026-03-15 00:00:00+00:00,2026-09-24 15:51:32.431066+00:00
2637,TXN-202605-002637,93,2026-05-29 00:00:00+00:00,completed,943.01,47.15,67.19,963.05,2026-05-29 00:00:00+00:00,2026-09-24 15:51:32.431066+00:00
2638,TXN-202509-002638,874,2025-09-05 00:00:00+00:00,completed,162.86,0.00,12.21,175.07,2025-09-05 00:00:00+00:00,2026-09-24 15:51:32.431066+00:00
2639,TXN-202606-002639,34,2026-06-11 00:00:00+00:00,completed,962.08,0.00,72.16,1034.24,2026-06-11 00:00:00+00:00,2026-09-24 15:51:32.431066+00:00
2640,TXN-202605-002640,328,2026-05-14 00:00:00+00:00,completed,13319.61,0.00,998.97,14318.58,2026-05-14 00:00:00+00:00,2026-09-24 15:51:32.431066+00:00
2641,TXN-202608-002641,911,2026-08-11 00:00:00+00:00,completed,547.52,0.00,41.06,588.58,2026-08-11 00:00:00+00:00,2026-09-24 15:51:32.431066+00:00
2642,TXN-202606-002642,848,2026-06-01 00:00:00+00:00,completed,651.72,0.00,48.88,700.60,2026-06-01 00:00:00+00:00,2026-09-24 15:51:32.431066+00:00
2643,TXN-202605-002643,299,2026-05-12 00:00:00+00:00,completed,10401.26,0.00,780.09,11181.35,2026-05-12 00:00:00+00:00,2026-09-24 15:51:32.431066+00:00
2644,TXN-202602-002644,270,2026-02-11 00:00:00+00:00,refunded,770.77,0.00,57.81,828.58,2026-02-11 00:00:00+00:00,2026-09-24 15:51:32.431066+00:00
2645,TXN-202604-002645,603,2026-04-29 00:00:00+00:00,completed,40.18,0.00,3.01,43.19,2026-04-29 00:00:00+00:00,2026-09-24 15:51:32.431066+00:00
2646,TXN-202608-002646,530,2026-08-31 00:00:00+00:00,completed,7302.07,0.00,547.66,7849.73,2026-08-31 00:00:00+00:00,2026-09-24 15:51:32.431066+00:00
2647,TXN-202607-002647,247,2026-07-12 00:00:00+00:00,completed,65.78,0.00,4.93,70.71,2026-07-12 00:00:00+00:00,2026-09-24 15:51:32.431066+00:00
2648,TXN-202605-002648,705,2026-05-12 00:00:00+00:00,completed,481.04,0.00,36.08,517.12,2026-05-12 00:00:00+00:00,2026-09-24 15:51:32.431066+00:00
2649,TXN-202609-002649,332,2026-09-07 00:00:00+00:00,completed,436.80,0.00,32.76,469.56,2026-09-07 00:00:00+00:00,2026-09-24 15:51:32.431066+00:00
2650,TXN-202608-002650,874,2026-08-05 00:00:00+00:00,completed,481.04,0.00,36.08,517.12,2026-08-05 00:00:00+00:00,2026-09-24 15:51:32.431066+00:00
2651,TXN-202508-002651,885,2025-08-28 00:00:00+00:00,completed,269.64,0.00,20.22,289.86,2025-08-28 00:00:00+00:00,2026-09-24 15:51:32.431066+00:00
2652,TXN-202608-002652,824,2026-08-30 00:00:00+00:00,completed,3198.24,0.00,239.87,3438.11,2026-08-30 00:00:00+00:00,2026-09-24 15:51:32.431066+00:00
2653,TXN-202608-002653,432,2026-08-01 00:00:00+00:00,completed,5167.65,0.00,387.57,5555.22,2026-08-01 00:00:00+00:00,2026-09-24 15:51:32.431066+00:00
2654,TXN-202604-002654,924,2026-04-16 00:00:00+00:00,completed,54269.52,0.00,4070.21,58339.73,2026-04-16 00:00:00+00:00,2026-09-24 15:51:32.431066+00:00
2655,TXN-202512-002655,599,2025-12-26 00:00:00+00:00,completed,1665.72,0.00,124.93,1790.65,2025-12-26 00:00:00+00:00,2026-09-24 15:51:32.431066+00:00
2656,TXN-202510-002656,371,2025-10-09 00:00:00+00:00,completed,20164.91,0.00,1512.37,21677.28,2025-10-09 00:00:00+00:00,2026-09-24 15:51:32.431066+00:00
2657,TXN-202608-002657,127,2026-08-20 00:00:00+00:00,completed,66.05,0.00,4.95,71.00,2026-08-20 00:00:00+00:00,2026-09-24 15:51:32.431066+00:00
2658,TXN-202605-002658,973,2026-05-15 00:00:00+00:00,completed,721.56,0.00,54.12,775.68,2026-05-15 00:00:00+00:00,2026-09-24 15:51:32.431066+00:00
2659,TXN-202609-002659,1,2026-09-07 00:00:00+00:00,completed,16810.85,0.00,1260.81,18071.66,2026-09-07 00:00:00+00:00,2026-09-24 15:51:32.431066+00:00
2660,TXN-202606-002660,835,2026-06-29 00:00:00+00:00,completed,1148.92,0.00,86.17,1235.09,2026-06-29 00:00:00+00:00,2026-09-24 15:51:32.431066+00:00
2661,TXN-202605-002661,872,2026-05-09 00:00:00+00:00,completed,185.34,0.00,13.90,199.24,2026-05-09 00:00:00+00:00,2026-09-24 15:51:32.431066+00:00
2662,TXN-202511-002662,11,2025-11-25 00:00:00+00:00,completed,363.17,18.16,25.88,370.89,2025-11-25 00:00:00+00:00,2026-09-24 15:51:32.431066+00:00
2663,TXN-202512-002663,407,2025-12-15 00:00:00+00:00,refunded,233.27,0.00,17.50,250.77,2025-12-15 00:00:00+00:00,2026-09-24 15:51:32.431066+00:00
2664,TXN-202608-002664,666,2026-08-08 00:00:00+00:00,completed,276.64,13.83,19.71,282.52,2026-08-08 00:00:00+00:00,2026-09-24 15:51:32.431066+00:00
2665,TXN-202509-002665,33,2025-09-26 00:00:00+00:00,completed,2737.03,0.00,205.28,2942.31,2025-09-26 00:00:00+00:00,2026-09-24 15:51:32.431066+00:00
2666,TXN-202609-002666,296,2026-09-15 00:00:00+00:00,completed,875.96,0.00,65.70,941.66,2026-09-15 00:00:00+00:00,2026-09-24 15:51:32.431066+00:00
2667,TXN-202602-002667,137,2026-02-13 00:00:00+00:00,completed,9228.31,0.00,692.12,9920.43,2026-02-13 00:00:00+00:00,2026-09-24 15:51:32.431066+00:00
2668,TXN-202606-002668,866,2026-06-30 00:00:00+00:00,completed,10861.41,0.00,814.61,11676.02,2026-06-30 00:00:00+00:00,2026-09-24 15:51:32.431066+00:00
2669,TXN-202608-002669,404,2026-08-30 00:00:00+00:00,completed,317.12,0.00,23.78,340.90,2026-08-30 00:00:00+00:00,2026-09-24 15:51:32.431066+00:00
2670,TXN-202605-002670,80,2026-05-01 00:00:00+00:00,completed,408.76,0.00,30.66,439.42,2026-05-01 00:00:00+00:00,2026-09-24 15:51:32.431066+00:00
2671,TXN-202512-002671,650,2025-12-13 00:00:00+00:00,completed,1921.11,0.00,144.08,2065.19,2025-12-13 00:00:00+00:00,2026-09-24 15:51:32.431066+00:00
2672,TXN-202601-002672,178,2026-01-31 00:00:00+00:00,completed,158.48,0.00,11.89,170.37,2026-01-31 00:00:00+00:00,2026-09-24 15:51:32.431066+00:00
2673,TXN-202606-002673,218,2026-06-23 00:00:00+00:00,pending,70.64,0.00,5.30,75.94,2026-06-23 00:00:00+00:00,2026-09-24 15:51:32.431066+00:00
2674,TXN-202608-002674,685,2026-08-26 00:00:00+00:00,completed,1796.26,0.00,134.72,1930.98,2026-08-26 00:00:00+00:00,2026-09-24 15:51:32.431066+00:00
2675,TXN-202608-002675,784,2026-08-28 00:00:00+00:00,completed,273.82,0.00,20.54,294.36,2026-08-28 00:00:00+00:00,2026-09-24 15:51:32.431066+00:00
2676,TXN-202607-002676,323,2026-07-23 00:00:00+00:00,completed,3240.74,0.00,243.06,3483.80,2026-07-23 00:00:00+00:00,2026-09-24 15:51:32.431066+00:00
2677,TXN-202609-002677,790,2026-09-10 00:00:00+00:00,refunded,527.07,0.00,39.53,566.60,2026-09-10 00:00:00+00:00,2026-09-24 15:51:32.431066+00:00
2678,TXN-202607-002678,611,2026-07-25 00:00:00+00:00,completed,38.31,0.00,2.87,41.18,2026-07-25 00:00:00+00:00,2026-09-24 15:51:32.431066+00:00
2679,TXN-202608-002679,169,2026-08-18 00:00:00+00:00,completed,191.39,0.00,14.35,205.74,2026-08-18 00:00:00+00:00,2026-09-24 15:51:32.431066+00:00
2680,TXN-202511-002680,870,2025-11-19 00:00:00+00:00,completed,191.34,0.00,14.35,205.69,2025-11-19 00:00:00+00:00,2026-09-24 15:51:32.431066+00:00
2681,TXN-202605-002681,916,2026-05-10 00:00:00+00:00,completed,1178.76,0.00,88.41,1267.17,2026-05-10 00:00:00+00:00,2026-09-24 15:51:32.431066+00:00
2682,TXN-202604-002682,454,2026-04-28 00:00:00+00:00,completed,21986.93,0.00,1649.02,23635.95,2026-04-28 00:00:00+00:00,2026-09-24 15:51:32.431066+00:00
2683,TXN-202606-002683,249,2026-06-28 00:00:00+00:00,completed,99.94,0.00,7.50,107.44,2026-06-28 00:00:00+00:00,2026-09-24 15:51:32.431066+00:00
2684,TXN-202605-002684,603,2026-05-30 00:00:00+00:00,completed,1610.32,0.00,120.77,1731.09,2026-05-30 00:00:00+00:00,2026-09-24 15:51:32.431066+00:00
2685,TXN-202605-002685,479,2026-05-24 00:00:00+00:00,completed,362.42,0.00,27.18,389.60,2026-05-24 00:00:00+00:00,2026-09-24 15:51:32.431066+00:00
2686,TXN-202602-002686,350,2026-02-18 00:00:00+00:00,completed,1036.16,0.00,77.71,1113.87,2026-02-18 00:00:00+00:00,2026-09-24 15:51:32.431066+00:00
2687,TXN-202512-002687,409,2025-12-27 00:00:00+00:00,completed,430.41,0.00,32.28,462.69,2025-12-27 00:00:00+00:00,2026-09-24 15:51:32.431066+00:00
2688,TXN-202608-002688,845,2026-08-23 00:00:00+00:00,completed,47582.25,0.00,3568.67,51150.92,2026-08-23 00:00:00+00:00,2026-09-24 15:51:32.431066+00:00
2689,TXN-202609-002689,30,2026-09-07 00:00:00+00:00,pending,91.68,0.00,6.88,98.56,2026-09-07 00:00:00+00:00,2026-09-24 15:51:32.431066+00:00
2690,TXN-202510-002690,725,2025-10-01 00:00:00+00:00,completed,477.24,23.86,34.00,487.38,2025-10-01 00:00:00+00:00,2026-09-24 15:51:32.431066+00:00
2691,TXN-202605-002691,755,2026-05-15 00:00:00+00:00,completed,394.81,0.00,29.61,424.42,2026-05-15 00:00:00+00:00,2026-09-24 15:51:32.431066+00:00
2692,TXN-202603-002692,393,2026-03-25 00:00:00+00:00,completed,2349.70,0.00,176.23,2525.93,2026-03-25 00:00:00+00:00,2026-09-24 15:51:32.431066+00:00
2693,TXN-202607-002693,408,2026-07-02 00:00:00+00:00,completed,602.40,0.00,45.18,647.58,2026-07-02 00:00:00+00:00,2026-09-24 15:51:32.431066+00:00
2694,TXN-202604-002694,40,2026-04-28 00:00:00+00:00,completed,3133.03,0.00,234.98,3368.01,2026-04-28 00:00:00+00:00,2026-09-24 15:51:32.431066+00:00
2695,TXN-202605-002695,471,2026-05-09 00:00:00+00:00,completed,43.33,0.00,3.25,46.58,2026-05-09 00:00:00+00:00,2026-09-24 15:51:32.431066+00:00
2696,TXN-202605-002696,753,2026-05-05 00:00:00+00:00,completed,4606.18,0.00,345.46,4951.64,2026-05-05 00:00:00+00:00,2026-09-24 15:51:32.431066+00:00
2697,TXN-202606-002697,328,2026-06-24 00:00:00+00:00,completed,7350.72,0.00,551.30,7902.02,2026-06-24 00:00:00+00:00,2026-09-24 15:51:32.431066+00:00
2698,TXN-202607-002698,223,2026-07-19 00:00:00+00:00,completed,291.12,0.00,21.83,312.95,2026-07-19 00:00:00+00:00,2026-09-24 15:51:32.431066+00:00
2699,TXN-202508-002699,899,2025-08-21 00:00:00+00:00,completed,476.10,0.00,35.71,511.81,2025-08-21 00:00:00+00:00,2026-09-24 15:51:32.431066+00:00
2700,TXN-202605-002700,358,2026-05-15 00:00:00+00:00,completed,230.55,0.00,17.29,247.84,2026-05-15 00:00:00+00:00,2026-09-24 15:51:32.431066+00:00
2701,TXN-202608-002701,143,2026-08-10 00:00:00+00:00,refunded,11330.99,0.00,849.82,12180.81,2026-08-10 00:00:00+00:00,2026-09-24 15:51:32.431066+00:00
2702,TXN-202605-002702,702,2026-05-10 00:00:00+00:00,completed,1903.28,0.00,142.75,2046.03,2026-05-10 00:00:00+00:00,2026-09-24 15:51:32.431066+00:00
2703,TXN-202602-002703,62,2026-02-28 00:00:00+00:00,completed,30.80,1.54,2.19,31.45,2026-02-28 00:00:00+00:00,2026-09-24 15:51:32.431066+00:00
2704,TXN-202512-002704,98,2025-12-13 00:00:00+00:00,completed,112.72,0.00,8.45,121.17,2025-12-13 00:00:00+00:00,2026-09-24 15:51:32.431066+00:00
2705,TXN-202608-002705,784,2026-08-01 00:00:00+00:00,completed,58.84,0.00,4.41,63.25,2026-08-01 00:00:00+00:00,2026-09-24 15:51:32.431066+00:00
2706,TXN-202606-002706,896,2026-06-13 00:00:00+00:00,completed,486.48,0.00,36.49,522.97,2026-06-13 00:00:00+00:00,2026-09-24 15:51:32.431066+00:00
2707,TXN-202604-002707,389,2026-04-12 00:00:00+00:00,completed,752.37,0.00,56.43,808.80,2026-04-12 00:00:00+00:00,2026-09-24 15:51:32.431066+00:00
2708,TXN-202609-002708,230,2026-09-21 00:00:00+00:00,completed,12565.65,0.00,942.42,13508.07,2026-09-21 00:00:00+00:00,2026-09-24 15:51:32.431066+00:00
2709,TXN-202512-002709,79,2025-12-19 00:00:00+00:00,completed,2136.24,0.00,160.22,2296.46,2025-12-19 00:00:00+00:00,2026-09-24 15:51:32.431066+00:00
2710,TXN-202604-002710,988,2026-04-26 00:00:00+00:00,completed,13602.11,0.00,1020.16,14622.27,2026-04-26 00:00:00+00:00,2026-09-24 15:51:32.431066+00:00
2711,TXN-202605-002711,737,2026-05-30 00:00:00+00:00,completed,751.49,0.00,56.36,807.85,2026-05-30 00:00:00+00:00,2026-09-24 15:51:32.431066+00:00
2712,TXN-202510-002712,954,2025-10-07 00:00:00+00:00,completed,9746.08,0.00,730.96,10477.04,2025-10-07 00:00:00+00:00,2026-09-24 15:51:32.431066+00:00
2713,TXN-202607-002713,267,2026-07-28 00:00:00+00:00,completed,628.83,0.00,47.16,675.99,2026-07-28 00:00:00+00:00,2026-09-24 15:51:32.431066+00:00
2714,TXN-202602-002714,293,2026-02-24 00:00:00+00:00,completed,1135.35,0.00,85.15,1220.50,2026-02-24 00:00:00+00:00,2026-09-24 15:51:32.431066+00:00
2715,TXN-202608-002715,598,2026-08-26 00:00:00+00:00,completed,1359.90,0.00,101.99,1461.89,2026-08-26 00:00:00+00:00,2026-09-24 15:51:32.431066+00:00
2716,TXN-202608-002716,211,2026-08-20 00:00:00+00:00,completed,1560.23,0.00,117.02,1677.25,2026-08-20 00:00:00+00:00,2026-09-24 15:51:32.431066+00:00
2717,TXN-202606-002717,8,2026-06-28 00:00:00+00:00,completed,965.89,0.00,72.44,1038.33,2026-06-28 00:00:00+00:00,2026-09-24 15:51:32.431066+00:00
2718,TXN-202608-002718,529,2026-08-29 00:00:00+00:00,completed,2859.39,0.00,214.45,3073.84,2026-08-29 00:00:00+00:00,2026-09-24 15:51:32.431066+00:00
2719,TXN-202605-002719,705,2026-05-15 00:00:00+00:00,completed,1010.61,0.00,75.80,1086.41,2026-05-15 00:00:00+00:00,2026-09-24 15:51:32.431066+00:00
2720,TXN-202510-002720,540,2025-10-25 00:00:00+00:00,completed,726.31,0.00,54.47,780.78,2025-10-25 00:00:00+00:00,2026-09-24 15:51:32.431066+00:00
2721,TXN-202607-002721,359,2026-07-19 00:00:00+00:00,completed,67.74,0.00,5.08,72.82,2026-07-19 00:00:00+00:00,2026-09-24 15:51:32.431066+00:00
2722,TXN-202606-002722,294,2026-06-27 00:00:00+00:00,completed,365.66,0.00,27.42,393.08,2026-06-27 00:00:00+00:00,2026-09-24 15:51:32.431066+00:00
2723,TXN-202603-002723,717,2026-03-16 00:00:00+00:00,completed,240.52,12.03,17.14,245.63,2026-03-16 00:00:00+00:00,2026-09-24 15:51:32.431066+00:00
2724,TXN-202608-002724,690,2026-08-27 00:00:00+00:00,completed,30.63,0.00,2.30,32.93,2026-08-27 00:00:00+00:00,2026-09-24 15:51:32.431066+00:00
2725,TXN-202605-002725,519,2026-05-05 00:00:00+00:00,completed,2532.20,0.00,189.91,2722.11,2026-05-05 00:00:00+00:00,2026-09-24 15:51:32.431066+00:00
2726,TXN-202604-002726,663,2026-04-10 00:00:00+00:00,completed,188.61,0.00,14.15,202.76,2026-04-10 00:00:00+00:00,2026-09-24 15:51:32.431066+00:00
2727,TXN-202608-002727,822,2026-08-31 00:00:00+00:00,completed,1131.30,0.00,84.85,1216.15,2026-08-31 00:00:00+00:00,2026-09-24 15:51:32.431066+00:00
2728,TXN-202607-002728,159,2026-07-29 00:00:00+00:00,completed,2516.23,0.00,188.72,2704.95,2026-07-29 00:00:00+00:00,2026-09-24 15:51:32.431066+00:00
2729,TXN-202607-002729,183,2026-07-05 00:00:00+00:00,completed,73.97,0.00,5.55,79.52,2026-07-05 00:00:00+00:00,2026-09-24 15:51:32.431066+00:00
2730,TXN-202607-002730,539,2026-07-31 00:00:00+00:00,completed,30792.12,0.00,2309.41,33101.53,2026-07-31 00:00:00+00:00,2026-09-24 15:51:32.431066+00:00
2731,TXN-202512-002731,805,2025-12-27 00:00:00+00:00,completed,8445.77,0.00,633.43,9079.20,2025-12-27 00:00:00+00:00,2026-09-24 15:51:32.431066+00:00
2732,TXN-202609-002732,171,2026-09-15 00:00:00+00:00,completed,854.49,42.72,60.88,872.65,2026-09-15 00:00:00+00:00,2026-09-24 15:51:32.431066+00:00
2733,TXN-202602-002733,917,2026-02-04 00:00:00+00:00,completed,113.79,0.00,8.53,122.32,2026-02-04 00:00:00+00:00,2026-09-24 15:51:32.431066+00:00
2734,TXN-202603-002734,679,2026-03-22 00:00:00+00:00,completed,931.02,0.00,69.83,1000.85,2026-03-22 00:00:00+00:00,2026-09-24 15:51:32.431066+00:00
2735,TXN-202512-002735,918,2025-12-15 00:00:00+00:00,completed,4061.79,0.00,304.63,4366.42,2025-12-15 00:00:00+00:00,2026-09-24 15:51:32.431066+00:00
2736,TXN-202602-002736,990,2026-02-20 00:00:00+00:00,completed,373.69,0.00,28.03,401.72,2026-02-20 00:00:00+00:00,2026-09-24 15:51:32.431066+00:00
2737,TXN-202606-002737,500,2026-06-14 00:00:00+00:00,completed,1155.35,0.00,86.65,1242.00,2026-06-14 00:00:00+00:00,2026-09-24 15:51:32.431066+00:00
2738,TXN-202511-002738,580,2025-11-20 00:00:00+00:00,completed,3212.94,0.00,240.97,3453.91,2025-11-20 00:00:00+00:00,2026-09-24 15:51:32.431066+00:00
2739,TXN-202607-002739,945,2026-07-18 00:00:00+00:00,completed,110.40,0.00,8.28,118.68,2026-07-18 00:00:00+00:00,2026-09-24 15:51:32.431066+00:00
2740,TXN-202606-002740,287,2026-06-11 00:00:00+00:00,completed,585.52,0.00,43.91,629.43,2026-06-11 00:00:00+00:00,2026-09-24 15:51:32.431066+00:00
2741,TXN-202608-002741,530,2026-08-10 00:00:00+00:00,completed,31133.84,0.00,2335.04,33468.88,2026-08-10 00:00:00+00:00,2026-09-24 15:51:32.431066+00:00
2742,TXN-202609-002742,26,2026-09-04 00:00:00+00:00,completed,862.47,0.00,64.69,927.16,2026-09-04 00:00:00+00:00,2026-09-24 15:51:32.431066+00:00
2743,TXN-202606-002743,131,2026-06-27 00:00:00+00:00,completed,22844.58,0.00,1713.34,24557.92,2026-06-27 00:00:00+00:00,2026-09-24 15:51:32.431066+00:00
2744,TXN-202604-002744,926,2026-04-22 00:00:00+00:00,completed,1297.12,0.00,97.28,1394.40,2026-04-22 00:00:00+00:00,2026-09-24 15:51:32.431066+00:00
2745,TXN-202609-002745,546,2026-09-11 00:00:00+00:00,completed,228.82,0.00,17.16,245.98,2026-09-11 00:00:00+00:00,2026-09-24 15:51:32.431066+00:00
2746,TXN-202608-002746,618,2026-08-27 00:00:00+00:00,completed,340.31,0.00,25.52,365.83,2026-08-27 00:00:00+00:00,2026-09-24 15:51:32.431066+00:00
2747,TXN-202602-002747,695,2026-02-14 00:00:00+00:00,completed,82.68,0.00,6.20,88.88,2026-02-14 00:00:00+00:00,2026-09-24 15:51:32.431066+00:00
2748,TXN-202606-002748,220,2026-06-15 00:00:00+00:00,completed,47576.90,0.00,3568.27,51145.17,2026-06-15 00:00:00+00:00,2026-09-24 15:51:32.431066+00:00
2749,TXN-202603-002749,56,2026-03-12 00:00:00+00:00,completed,238.14,0.00,17.86,256.00,2026-03-12 00:00:00+00:00,2026-09-24 15:51:32.431066+00:00
2750,TXN-202605-002750,140,2026-05-16 00:00:00+00:00,completed,13923.07,0.00,1044.23,14967.30,2026-05-16 00:00:00+00:00,2026-09-24 15:51:32.431066+00:00
2751,TXN-202512-002751,438,2025-12-26 00:00:00+00:00,completed,371.01,0.00,27.83,398.84,2025-12-26 00:00:00+00:00,2026-09-24 15:51:32.431066+00:00
2752,TXN-202608-002752,589,2026-08-06 00:00:00+00:00,completed,5298.26,0.00,397.37,5695.63,2026-08-06 00:00:00+00:00,2026-09-24 15:51:32.431066+00:00
2753,TXN-202607-002753,111,2026-07-11 00:00:00+00:00,completed,63.51,0.00,4.76,68.27,2026-07-11 00:00:00+00:00,2026-09-24 15:51:32.431066+00:00
2754,TXN-202601-002754,619,2026-01-02 00:00:00+00:00,completed,31056.24,0.00,2329.22,33385.46,2026-01-02 00:00:00+00:00,2026-09-24 15:51:32.431066+00:00
2755,TXN-202606-002755,493,2026-06-30 00:00:00+00:00,completed,9222.06,0.00,691.65,9913.71,2026-06-30 00:00:00+00:00,2026-09-24 15:51:32.431066+00:00
2756,TXN-202512-002756,458,2025-12-28 00:00:00+00:00,completed,151.72,7.59,10.81,154.94,2025-12-28 00:00:00+00:00,2026-09-24 15:51:32.431066+00:00
2757,TXN-202606-002757,867,2026-06-08 00:00:00+00:00,completed,583.79,0.00,43.78,627.57,2026-06-08 00:00:00+00:00,2026-09-24 15:51:32.431066+00:00
2758,TXN-202512-002758,861,2025-12-18 00:00:00+00:00,completed,2167.73,0.00,162.58,2330.31,2025-12-18 00:00:00+00:00,2026-09-24 15:51:32.431066+00:00
2759,TXN-202603-002759,112,2026-03-07 00:00:00+00:00,completed,462.49,0.00,34.69,497.18,2026-03-07 00:00:00+00:00,2026-09-24 15:51:32.431066+00:00
2760,TXN-202606-002760,940,2026-06-27 00:00:00+00:00,completed,6957.96,0.00,521.85,7479.81,2026-06-27 00:00:00+00:00,2026-09-24 15:51:32.431066+00:00
2761,TXN-202510-002761,158,2025-10-17 00:00:00+00:00,completed,26609.90,0.00,1995.74,28605.64,2025-10-17 00:00:00+00:00,2026-09-24 15:51:32.431066+00:00
2762,TXN-202607-002762,666,2026-07-22 00:00:00+00:00,completed,667.88,33.39,47.59,682.08,2026-07-22 00:00:00+00:00,2026-09-24 15:51:32.431066+00:00
2763,TXN-202510-002763,155,2025-10-29 00:00:00+00:00,completed,593.23,0.00,44.49,637.72,2025-10-29 00:00:00+00:00,2026-09-24 15:51:32.431066+00:00
2764,TXN-202606-002764,391,2026-06-11 00:00:00+00:00,completed,791.26,0.00,59.34,850.60,2026-06-11 00:00:00+00:00,2026-09-24 15:51:32.431066+00:00
2765,TXN-202507-002765,899,2025-07-30 00:00:00+00:00,completed,137.22,0.00,10.29,147.51,2025-07-30 00:00:00+00:00,2026-09-24 15:51:32.431066+00:00
2766,TXN-202601-002766,985,2026-01-09 00:00:00+00:00,completed,130.79,0.00,9.81,140.60,2026-01-09 00:00:00+00:00,2026-09-24 15:51:32.431066+00:00
2767,TXN-202511-002767,504,2025-11-08 00:00:00+00:00,completed,811.22,0.00,60.84,872.06,2025-11-08 00:00:00+00:00,2026-09-24 15:51:32.431066+00:00
2768,TXN-202511-002768,905,2025-11-10 00:00:00+00:00,completed,6383.94,0.00,478.80,6862.74,2025-11-10 00:00:00+00:00,2026-09-24 15:51:32.431066+00:00
2769,TXN-202601-002769,639,2026-01-16 00:00:00+00:00,completed,29552.60,0.00,2216.44,31769.04,2026-01-16 00:00:00+00:00,2026-09-24 15:51:32.431066+00:00
2770,TXN-202603-002770,605,2026-03-02 00:00:00+00:00,completed,1709.50,85.48,121.80,1745.82,2026-03-02 00:00:00+00:00,2026-09-24 15:51:32.431066+00:00
2771,TXN-202609-002771,39,2026-09-12 00:00:00+00:00,completed,43349.11,0.00,3251.18,46600.29,2026-09-12 00:00:00+00:00,2026-09-24 15:51:32.431066+00:00
2772,TXN-202601-002772,779,2026-01-19 00:00:00+00:00,completed,13448.82,0.00,1008.66,14457.48,2026-01-19 00:00:00+00:00,2026-09-24 15:51:32.431066+00:00
2773,TXN-202603-002773,28,2026-03-30 00:00:00+00:00,completed,228.09,0.00,17.11,245.20,2026-03-30 00:00:00+00:00,2026-09-24 15:51:32.431066+00:00
2774,TXN-202604-002774,657,2026-04-04 00:00:00+00:00,completed,715.62,0.00,53.67,769.29,2026-04-04 00:00:00+00:00,2026-09-24 15:51:32.431066+00:00
2775,TXN-202601-002775,964,2026-01-28 00:00:00+00:00,completed,640.75,0.00,48.06,688.81,2026-01-28 00:00:00+00:00,2026-09-24 15:51:32.431066+00:00
2776,TXN-202506-002776,385,2025-06-01 00:00:00+00:00,completed,3749.51,0.00,281.21,4030.72,2025-06-01 00:00:00+00:00,2026-09-24 15:51:32.431066+00:00
2777,TXN-202601-002777,57,2026-01-30 00:00:00+00:00,completed,169.32,0.00,12.70,182.02,2026-01-30 00:00:00+00:00,2026-09-24 15:51:32.431066+00:00
2778,TXN-202602-002778,168,2026-02-28 00:00:00+00:00,completed,22237.30,0.00,1667.80,23905.10,2026-02-28 00:00:00+00:00,2026-09-24 15:51:32.431066+00:00
2779,TXN-202609-002779,171,2026-09-17 00:00:00+00:00,completed,78.80,0.00,5.91,84.71,2026-09-17 00:00:00+00:00,2026-09-24 15:51:32.431066+00:00
2780,TXN-202603-002780,85,2026-03-28 00:00:00+00:00,pending,38075.69,0.00,2855.68,40931.37,2026-03-28 00:00:00+00:00,2026-09-24 15:51:32.431066+00:00
2781,TXN-202603-002781,258,2026-03-13 00:00:00+00:00,completed,979.72,0.00,73.48,1053.20,2026-03-13 00:00:00+00:00,2026-09-24 15:51:32.431066+00:00
2782,TXN-202602-002782,711,2026-02-19 00:00:00+00:00,completed,681.25,0.00,51.09,732.34,2026-02-19 00:00:00+00:00,2026-09-24 15:51:32.431066+00:00
2783,TXN-202511-002783,521,2025-11-23 00:00:00+00:00,completed,942.72,0.00,70.70,1013.42,2025-11-23 00:00:00+00:00,2026-09-24 15:51:32.431066+00:00
2784,TXN-202601-002784,521,2026-01-16 00:00:00+00:00,completed,148.14,7.41,10.55,151.28,2026-01-16 00:00:00+00:00,2026-09-24 15:51:32.431066+00:00
2785,TXN-202608-002785,432,2026-08-12 00:00:00+00:00,completed,4052.83,0.00,303.96,4356.79,2026-08-12 00:00:00+00:00,2026-09-24 15:51:32.431066+00:00
2786,TXN-202601-002786,561,2026-01-19 00:00:00+00:00,completed,228.20,0.00,17.11,245.31,2026-01-19 00:00:00+00:00,2026-09-24 15:51:32.431066+00:00
2787,TXN-202512-002787,700,2025-12-27 00:00:00+00:00,completed,18150.32,0.00,1361.27,19511.59,2025-12-27 00:00:00+00:00,2026-09-24 15:51:32.431066+00:00
2788,TXN-202606-002788,918,2026-06-26 00:00:00+00:00,completed,11977.34,0.00,898.30,12875.64,2026-06-26 00:00:00+00:00,2026-09-24 15:51:32.431066+00:00
2789,TXN-202604-002789,25,2026-04-13 00:00:00+00:00,completed,27043.34,0.00,2028.25,29071.59,2026-04-13 00:00:00+00:00,2026-09-24 15:51:32.431066+00:00
2790,TXN-202606-002790,67,2026-06-01 00:00:00+00:00,completed,193.31,0.00,14.50,207.81,2026-06-01 00:00:00+00:00,2026-09-24 15:51:32.431066+00:00
2791,TXN-202606-002791,881,2026-06-07 00:00:00+00:00,completed,7025.07,0.00,526.88,7551.95,2026-06-07 00:00:00+00:00,2026-09-24 15:51:32.431066+00:00
2792,TXN-202607-002792,239,2026-07-19 00:00:00+00:00,completed,307.93,0.00,23.09,331.02,2026-07-19 00:00:00+00:00,2026-09-24 15:51:32.431066+00:00
2793,TXN-202607-002793,860,2026-07-19 00:00:00+00:00,completed,44.91,0.00,3.37,48.28,2026-07-19 00:00:00+00:00,2026-09-24 15:51:32.431066+00:00
2794,TXN-202603-002794,757,2026-03-27 00:00:00+00:00,completed,8269.97,0.00,620.25,8890.22,2026-03-27 00:00:00+00:00,2026-09-24 15:51:32.431066+00:00
2795,TXN-202603-002795,825,2026-03-13 00:00:00+00:00,completed,147.00,7.35,10.47,150.12,2026-03-13 00:00:00+00:00,2026-09-24 15:51:32.431066+00:00
2796,TXN-202507-002796,134,2025-07-12 00:00:00+00:00,completed,201.36,10.07,14.35,205.64,2025-07-12 00:00:00+00:00,2026-09-24 15:51:32.431066+00:00
2797,TXN-202509-002797,380,2025-09-29 00:00:00+00:00,completed,307.00,0.00,23.02,330.02,2025-09-29 00:00:00+00:00,2026-09-24 15:51:32.431066+00:00
2798,TXN-202608-002798,456,2026-08-01 00:00:00+00:00,completed,780.68,0.00,58.55,839.23,2026-08-01 00:00:00+00:00,2026-09-24 15:51:32.431066+00:00
2799,TXN-202607-002799,469,2026-07-28 00:00:00+00:00,completed,2903.62,0.00,217.77,3121.39,2026-07-28 00:00:00+00:00,2026-09-24 15:51:32.431066+00:00
2800,TXN-202511-002800,445,2025-11-04 00:00:00+00:00,completed,32192.03,0.00,2414.40,34606.43,2025-11-04 00:00:00+00:00,2026-09-24 15:51:32.431066+00:00
2801,TXN-202606-002801,192,2026-06-30 00:00:00+00:00,completed,2569.96,0.00,192.75,2762.71,2026-06-30 00:00:00+00:00,2026-09-24 15:51:32.431066+00:00
2802,TXN-202606-002802,562,2026-06-14 00:00:00+00:00,refunded,780.08,0.00,58.51,838.59,2026-06-14 00:00:00+00:00,2026-09-24 15:51:32.431066+00:00
2803,TXN-202604-002803,833,2026-04-03 00:00:00+00:00,completed,52.32,0.00,3.92,56.24,2026-04-03 00:00:00+00:00,2026-09-24 15:51:32.431066+00:00
2804,TXN-202609-002804,605,2026-09-08 00:00:00+00:00,completed,1271.99,63.60,90.63,1299.02,2026-09-08 00:00:00+00:00,2026-09-24 15:51:32.431066+00:00
2805,TXN-202512-002805,885,2025-12-11 00:00:00+00:00,completed,152.27,0.00,11.42,163.69,2025-12-11 00:00:00+00:00,2026-09-24 15:51:32.431066+00:00
2806,TXN-202602-002806,178,2026-02-22 00:00:00+00:00,completed,685.42,34.27,48.84,699.99,2026-02-22 00:00:00+00:00,2026-09-24 15:51:32.431066+00:00
2807,TXN-202512-002807,785,2025-12-18 00:00:00+00:00,completed,547.89,0.00,41.09,588.98,2025-12-18 00:00:00+00:00,2026-09-24 15:51:32.431066+00:00
2808,TXN-202606-002808,240,2026-06-18 00:00:00+00:00,completed,481.04,0.00,36.08,517.12,2026-06-18 00:00:00+00:00,2026-09-24 15:51:32.431066+00:00
2809,TXN-202605-002809,625,2026-05-27 00:00:00+00:00,completed,433.25,0.00,32.49,465.74,2026-05-27 00:00:00+00:00,2026-09-24 15:51:32.431066+00:00
2810,TXN-202511-002810,395,2025-11-15 00:00:00+00:00,completed,549.80,0.00,41.23,591.03,2025-11-15 00:00:00+00:00,2026-09-24 15:51:32.431066+00:00
2811,TXN-202605-002811,391,2026-05-15 00:00:00+00:00,completed,1534.38,0.00,115.08,1649.46,2026-05-15 00:00:00+00:00,2026-09-24 15:51:32.431066+00:00
2812,TXN-202608-002812,688,2026-08-13 00:00:00+00:00,completed,215.62,0.00,16.17,231.79,2026-08-13 00:00:00+00:00,2026-09-24 15:51:32.431066+00:00
2813,TXN-202609-002813,836,2026-09-18 00:00:00+00:00,completed,27111.33,0.00,2033.35,29144.68,2026-09-18 00:00:00+00:00,2026-09-24 15:51:32.431066+00:00
2814,TXN-202609-002814,50,2026-09-13 00:00:00+00:00,completed,18764.60,0.00,1407.34,20171.94,2026-09-13 00:00:00+00:00,2026-09-24 15:51:32.431066+00:00
2815,TXN-202510-002815,428,2025-10-14 00:00:00+00:00,completed,3702.72,0.00,277.70,3980.42,2025-10-14 00:00:00+00:00,2026-09-24 15:51:32.431066+00:00
2816,TXN-202509-002816,517,2025-09-02 00:00:00+00:00,completed,31128.58,1556.43,2217.91,31790.06,2025-09-02 00:00:00+00:00,2026-09-24 15:51:32.431066+00:00
2817,TXN-202609-002817,684,2026-09-12 00:00:00+00:00,completed,13334.04,0.00,1000.05,14334.09,2026-09-12 00:00:00+00:00,2026-09-24 15:51:32.431066+00:00
2818,TXN-202601-002818,929,2026-01-27 00:00:00+00:00,completed,1815.80,0.00,136.19,1951.99,2026-01-27 00:00:00+00:00,2026-09-24 15:51:32.431066+00:00
2819,TXN-202602-002819,791,2026-02-28 00:00:00+00:00,completed,4662.63,233.13,332.21,4761.71,2026-02-28 00:00:00+00:00,2026-09-24 15:51:32.431066+00:00
2820,TXN-202509-002820,92,2025-09-26 00:00:00+00:00,completed,28988.88,0.00,2174.17,31163.05,2025-09-26 00:00:00+00:00,2026-09-24 15:51:32.431066+00:00
2821,TXN-202605-002821,908,2026-05-14 00:00:00+00:00,completed,308.12,0.00,23.11,331.23,2026-05-14 00:00:00+00:00,2026-09-24 15:51:32.431066+00:00
2822,TXN-202609-002822,763,2026-09-04 00:00:00+00:00,completed,11669.25,583.46,831.43,11917.22,2026-09-04 00:00:00+00:00,2026-09-24 15:51:32.431066+00:00
2823,TXN-202605-002823,664,2026-05-30 00:00:00+00:00,completed,66.29,0.00,4.97,71.26,2026-05-30 00:00:00+00:00,2026-09-24 15:51:32.431066+00:00
2824,TXN-202609-002824,146,2026-09-21 00:00:00+00:00,completed,360.42,0.00,27.03,387.45,2026-09-21 00:00:00+00:00,2026-09-24 15:51:32.431066+00:00
2825,TXN-202609-002825,898,2026-09-02 00:00:00+00:00,completed,83.56,0.00,6.27,89.83,2026-09-02 00:00:00+00:00,2026-09-24 15:51:32.431066+00:00
2826,TXN-202605-002826,311,2026-05-16 00:00:00+00:00,completed,137.68,0.00,10.33,148.01,2026-05-16 00:00:00+00:00,2026-09-24 15:51:32.431066+00:00
2827,TXN-202609-002827,229,2026-09-21 00:00:00+00:00,completed,22525.46,0.00,1689.41,24214.87,2026-09-21 00:00:00+00:00,2026-09-24 15:51:32.431066+00:00
2828,TXN-202608-002828,413,2026-08-22 00:00:00+00:00,completed,7396.25,0.00,554.72,7950.97,2026-08-22 00:00:00+00:00,2026-09-24 15:51:32.431066+00:00
2829,TXN-202605-002829,868,2026-05-18 00:00:00+00:00,completed,216.51,0.00,16.24,232.75,2026-05-18 00:00:00+00:00,2026-09-24 15:51:32.431066+00:00
2830,TXN-202607-002830,43,2026-07-04 00:00:00+00:00,completed,450.63,0.00,33.80,484.43,2026-07-04 00:00:00+00:00,2026-09-24 15:51:32.431066+00:00
2831,TXN-202604-002831,765,2026-04-18 00:00:00+00:00,completed,24509.57,0.00,1838.22,26347.79,2026-04-18 00:00:00+00:00,2026-09-24 15:51:32.431066+00:00
2832,TXN-202607-002832,723,2026-07-16 00:00:00+00:00,completed,456.99,0.00,34.27,491.26,2026-07-16 00:00:00+00:00,2026-09-24 15:51:32.431066+00:00
2833,TXN-202607-002833,284,2026-07-12 00:00:00+00:00,completed,113.79,0.00,8.53,122.32,2026-07-12 00:00:00+00:00,2026-09-24 15:51:32.431066+00:00
2834,TXN-202601-002834,521,2026-01-28 00:00:00+00:00,completed,839.36,0.00,62.95,902.31,2026-01-28 00:00:00+00:00,2026-09-24 15:51:32.431066+00:00
2835,TXN-202601-002835,823,2026-01-22 00:00:00+00:00,completed,711.13,0.00,53.33,764.46,2026-01-22 00:00:00+00:00,2026-09-24 15:51:32.431066+00:00
2836,TXN-202606-002836,439,2026-06-03 00:00:00+00:00,completed,1831.02,0.00,137.33,1968.35,2026-06-03 00:00:00+00:00,2026-09-24 15:51:32.431066+00:00
2837,TXN-202607-002837,402,2026-07-25 00:00:00+00:00,completed,45245.65,0.00,3393.42,48639.07,2026-07-25 00:00:00+00:00,2026-09-24 15:51:32.431066+00:00
2838,TXN-202609-002838,166,2026-09-12 00:00:00+00:00,completed,29607.37,0.00,2220.55,31827.92,2026-09-12 00:00:00+00:00,2026-09-24 15:51:32.431066+00:00
2839,TXN-202606-002839,827,2026-06-19 00:00:00+00:00,completed,453.76,0.00,34.03,487.79,2026-06-19 00:00:00+00:00,2026-09-24 15:51:32.431066+00:00
2840,TXN-202601-002840,118,2026-01-10 00:00:00+00:00,completed,676.54,0.00,50.74,727.28,2026-01-10 00:00:00+00:00,2026-09-24 15:51:32.431066+00:00
2841,TXN-202609-002841,229,2026-09-24 00:00:00+00:00,completed,58519.12,0.00,4388.93,62908.05,2026-09-24 00:00:00+00:00,2026-09-24 15:51:32.431066+00:00
2842,TXN-202604-002842,703,2026-04-25 00:00:00+00:00,pending,313.46,0.00,23.51,336.97,2026-04-25 00:00:00+00:00,2026-09-24 15:51:32.431066+00:00
2843,TXN-202509-002843,725,2025-09-24 00:00:00+00:00,completed,457.11,0.00,34.28,491.39,2025-09-24 00:00:00+00:00,2026-09-24 15:51:32.431066+00:00
2844,TXN-202604-002844,554,2026-04-20 00:00:00+00:00,completed,1114.32,0.00,83.57,1197.89,2026-04-20 00:00:00+00:00,2026-09-24 15:51:32.431066+00:00
2845,TXN-202609-002845,246,2026-09-08 00:00:00+00:00,completed,1697.93,0.00,127.34,1825.27,2026-09-08 00:00:00+00:00,2026-09-24 15:51:32.431066+00:00
2846,TXN-202608-002846,395,2026-08-21 00:00:00+00:00,completed,958.84,0.00,71.91,1030.75,2026-08-21 00:00:00+00:00,2026-09-24 15:51:32.431066+00:00
2847,TXN-202601-002847,477,2026-01-29 00:00:00+00:00,completed,192.71,0.00,14.45,207.16,2026-01-29 00:00:00+00:00,2026-09-24 15:51:32.431066+00:00
2848,TXN-202602-002848,905,2026-02-17 00:00:00+00:00,completed,6496.98,0.00,487.27,6984.25,2026-02-17 00:00:00+00:00,2026-09-24 15:51:32.431066+00:00
2849,TXN-202603-002849,78,2026-03-14 00:00:00+00:00,completed,202.58,0.00,15.19,217.77,2026-03-14 00:00:00+00:00,2026-09-24 15:51:32.431066+00:00
2850,TXN-202607-002850,741,2026-07-18 00:00:00+00:00,pending,186.01,0.00,13.95,199.96,2026-07-18 00:00:00+00:00,2026-09-24 15:51:32.431066+00:00
2851,TXN-202601-002851,646,2026-01-04 00:00:00+00:00,completed,601.94,0.00,45.15,647.09,2026-01-04 00:00:00+00:00,2026-09-24 15:51:32.431066+00:00
2852,TXN-202603-002852,585,2026-03-26 00:00:00+00:00,completed,125.64,0.00,9.42,135.06,2026-03-26 00:00:00+00:00,2026-09-24 15:51:32.431066+00:00
2853,TXN-202607-002853,155,2026-07-13 00:00:00+00:00,completed,72.17,0.00,5.41,77.58,2026-07-13 00:00:00+00:00,2026-09-24 15:51:32.431066+00:00
2854,TXN-202602-002854,258,2026-02-26 00:00:00+00:00,completed,749.49,0.00,56.21,805.70,2026-02-26 00:00:00+00:00,2026-09-24 15:51:32.431066+00:00
2855,TXN-202609-002855,191,2026-09-13 00:00:00+00:00,completed,73.68,0.00,5.53,79.21,2026-09-13 00:00:00+00:00,2026-09-24 15:51:32.431066+00:00
2856,TXN-202510-002856,619,2025-10-15 00:00:00+00:00,completed,5170.52,0.00,387.79,5558.31,2025-10-15 00:00:00+00:00,2026-09-24 15:51:32.431066+00:00
2857,TXN-202605-002857,250,2026-05-09 00:00:00+00:00,completed,12328.15,0.00,924.61,13252.76,2026-05-09 00:00:00+00:00,2026-09-24 15:51:32.431066+00:00
2858,TXN-202509-002858,91,2025-09-28 00:00:00+00:00,completed,11867.83,0.00,890.09,12757.92,2025-09-28 00:00:00+00:00,2026-09-24 15:51:32.431066+00:00
2859,TXN-202606-002859,129,2026-06-07 00:00:00+00:00,completed,5435.88,0.00,407.69,5843.57,2026-06-07 00:00:00+00:00,2026-09-24 15:51:32.431066+00:00
2860,TXN-202609-002860,198,2026-09-19 00:00:00+00:00,completed,1217.72,0.00,91.33,1309.05,2026-09-19 00:00:00+00:00,2026-09-24 15:51:32.431066+00:00
2861,TXN-202606-002861,317,2026-06-21 00:00:00+00:00,completed,963.36,0.00,72.25,1035.61,2026-06-21 00:00:00+00:00,2026-09-24 15:51:32.431066+00:00
2862,TXN-202609-002862,151,2026-09-10 00:00:00+00:00,completed,26432.65,0.00,1982.45,28415.10,2026-09-10 00:00:00+00:00,2026-09-24 15:51:32.431066+00:00
2863,TXN-202608-002863,593,2026-08-10 00:00:00+00:00,completed,36.03,0.00,2.70,38.73,2026-08-10 00:00:00+00:00,2026-09-24 15:51:32.431066+00:00
2864,TXN-202605-002864,607,2026-05-02 00:00:00+00:00,refunded,136.27,0.00,10.22,146.49,2026-05-02 00:00:00+00:00,2026-09-24 15:51:32.431066+00:00
2865,TXN-202608-002865,694,2026-08-08 00:00:00+00:00,pending,390.04,0.00,29.25,419.29,2026-08-08 00:00:00+00:00,2026-09-24 15:51:32.431066+00:00
2866,TXN-202509-002866,526,2025-09-26 00:00:00+00:00,completed,813.40,0.00,61.00,874.40,2025-09-26 00:00:00+00:00,2026-09-24 15:51:32.431066+00:00
2867,TXN-202608-002867,82,2026-08-20 00:00:00+00:00,completed,29569.11,0.00,2217.68,31786.79,2026-08-20 00:00:00+00:00,2026-09-24 15:51:32.431066+00:00
2868,TXN-202604-002868,663,2026-04-21 00:00:00+00:00,completed,145.60,0.00,10.92,156.52,2026-04-21 00:00:00+00:00,2026-09-24 15:51:32.431066+00:00
2869,TXN-202606-002869,907,2026-06-23 00:00:00+00:00,completed,803.20,0.00,60.24,863.44,2026-06-23 00:00:00+00:00,2026-09-24 15:51:32.431066+00:00
2870,TXN-202607-002870,717,2026-07-05 00:00:00+00:00,cancelled,1049.97,0.00,78.75,1128.72,2026-07-05 00:00:00+00:00,2026-09-24 15:51:32.431066+00:00
2871,TXN-202508-002871,912,2025-08-23 00:00:00+00:00,completed,1191.34,0.00,89.35,1280.69,2025-08-23 00:00:00+00:00,2026-09-24 15:51:32.431066+00:00
2872,TXN-202603-002872,624,2026-03-30 00:00:00+00:00,refunded,2104.96,0.00,157.87,2262.83,2026-03-30 00:00:00+00:00,2026-09-24 15:51:32.431066+00:00
2873,TXN-202603-002873,381,2026-03-06 00:00:00+00:00,completed,479.88,0.00,35.99,515.87,2026-03-06 00:00:00+00:00,2026-09-24 15:51:32.431066+00:00
2874,TXN-202606-002874,575,2026-06-15 00:00:00+00:00,pending,930.87,0.00,69.82,1000.69,2026-06-15 00:00:00+00:00,2026-09-24 15:51:32.431066+00:00
2875,TXN-202608-002875,100,2026-08-15 00:00:00+00:00,completed,842.91,0.00,63.22,906.13,2026-08-15 00:00:00+00:00,2026-09-24 15:51:32.431066+00:00
2876,TXN-202605-002876,210,2026-05-25 00:00:00+00:00,completed,83.82,0.00,6.29,90.11,2026-05-25 00:00:00+00:00,2026-09-24 15:51:32.431066+00:00
2877,TXN-202602-002877,410,2026-02-15 00:00:00+00:00,pending,432.19,0.00,32.41,464.60,2026-02-15 00:00:00+00:00,2026-09-24 15:51:32.431066+00:00
2878,TXN-202601-002878,544,2026-01-19 00:00:00+00:00,completed,52545.85,2627.29,3743.89,53662.45,2026-01-19 00:00:00+00:00,2026-09-24 15:51:32.431066+00:00
2879,TXN-202601-002879,220,2026-01-13 00:00:00+00:00,completed,14190.57,0.00,1064.29,15254.86,2026-01-13 00:00:00+00:00,2026-09-24 15:51:32.431066+00:00
2880,TXN-202609-002880,971,2026-09-01 00:00:00+00:00,completed,721.56,0.00,54.12,775.68,2026-09-01 00:00:00+00:00,2026-09-24 15:51:32.431066+00:00
2881,TXN-202603-002881,281,2026-03-13 00:00:00+00:00,completed,324.33,0.00,24.32,348.65,2026-03-13 00:00:00+00:00,2026-09-24 15:51:32.431066+00:00
2882,TXN-202510-002882,992,2025-10-16 00:00:00+00:00,completed,174.14,0.00,13.06,187.20,2025-10-16 00:00:00+00:00,2026-09-24 15:51:32.431066+00:00
2883,TXN-202511-002883,107,2025-11-10 00:00:00+00:00,completed,232.78,0.00,17.46,250.24,2025-11-10 00:00:00+00:00,2026-09-24 15:51:32.431066+00:00
2884,TXN-202606-002884,81,2026-06-29 00:00:00+00:00,completed,11728.52,0.00,879.64,12608.16,2026-06-29 00:00:00+00:00,2026-09-24 15:51:32.431066+00:00
2885,TXN-202607-002885,826,2026-07-17 00:00:00+00:00,completed,401.60,0.00,30.12,431.72,2026-07-17 00:00:00+00:00,2026-09-24 15:51:32.431066+00:00
2886,TXN-202608-002886,39,2026-08-14 00:00:00+00:00,completed,14053.30,0.00,1054.00,15107.30,2026-08-14 00:00:00+00:00,2026-09-24 15:51:32.431066+00:00
2887,TXN-202605-002887,430,2026-05-22 00:00:00+00:00,completed,818.43,0.00,61.38,879.81,2026-05-22 00:00:00+00:00,2026-09-24 15:51:32.431066+00:00
2888,TXN-202604-002888,301,2026-04-23 00:00:00+00:00,completed,7421.49,0.00,556.61,7978.10,2026-04-23 00:00:00+00:00,2026-09-24 15:51:32.431066+00:00
2889,TXN-202608-002889,798,2026-08-05 00:00:00+00:00,completed,6796.90,0.00,509.77,7306.67,2026-08-05 00:00:00+00:00,2026-09-24 15:51:32.431066+00:00
2890,TXN-202606-002890,88,2026-06-04 00:00:00+00:00,completed,31639.36,0.00,2372.95,34012.31,2026-06-04 00:00:00+00:00,2026-09-24 15:51:32.431066+00:00
2891,TXN-202512-002891,810,2025-12-16 00:00:00+00:00,completed,162.56,0.00,12.19,174.75,2025-12-16 00:00:00+00:00,2026-09-24 15:51:32.431066+00:00
2892,TXN-202512-002892,145,2025-12-01 00:00:00+00:00,completed,77.30,3.87,5.51,78.94,2025-12-01 00:00:00+00:00,2026-09-24 15:51:32.431066+00:00
2893,TXN-202603-002893,78,2026-03-28 00:00:00+00:00,completed,251.46,0.00,18.86,270.32,2026-03-28 00:00:00+00:00,2026-09-24 15:51:32.431066+00:00
2894,TXN-202608-002894,344,2026-08-31 00:00:00+00:00,completed,251.46,0.00,18.86,270.32,2026-08-31 00:00:00+00:00,2026-09-24 15:51:32.431066+00:00
2895,TXN-202509-002895,389,2025-09-19 00:00:00+00:00,completed,456.99,0.00,34.27,491.26,2025-09-19 00:00:00+00:00,2026-09-24 15:51:32.431066+00:00
2896,TXN-202605-002896,17,2026-05-16 00:00:00+00:00,completed,106.59,0.00,7.99,114.58,2026-05-16 00:00:00+00:00,2026-09-24 15:51:32.431066+00:00
2897,TXN-202608-002897,477,2026-08-08 00:00:00+00:00,completed,1482.59,0.00,111.19,1593.78,2026-08-08 00:00:00+00:00,2026-09-24 15:51:32.431066+00:00
2898,TXN-202508-002898,677,2025-08-01 00:00:00+00:00,completed,7954.19,0.00,596.56,8550.75,2025-08-01 00:00:00+00:00,2026-09-24 15:51:32.431066+00:00
2899,TXN-202604-002899,606,2026-04-18 00:00:00+00:00,completed,2507.72,0.00,188.08,2695.80,2026-04-18 00:00:00+00:00,2026-09-24 15:51:32.431066+00:00
2900,TXN-202607-002900,458,2026-07-08 00:00:00+00:00,completed,354.31,0.00,26.57,380.88,2026-07-08 00:00:00+00:00,2026-09-24 15:51:32.431066+00:00
2901,TXN-202606-002901,972,2026-06-17 00:00:00+00:00,completed,6140.89,0.00,460.57,6601.46,2026-06-17 00:00:00+00:00,2026-09-24 15:51:32.431066+00:00
2902,TXN-202510-002902,242,2025-10-17 00:00:00+00:00,completed,211.99,0.00,15.90,227.89,2025-10-17 00:00:00+00:00,2026-09-24 15:51:32.431066+00:00
2903,TXN-202608-002903,637,2026-08-21 00:00:00+00:00,completed,827.44,0.00,62.06,889.50,2026-08-21 00:00:00+00:00,2026-09-24 15:51:32.431066+00:00
2904,TXN-202605-002904,121,2026-05-02 00:00:00+00:00,completed,316.26,0.00,23.72,339.98,2026-05-02 00:00:00+00:00,2026-09-24 15:51:32.431066+00:00
2905,TXN-202607-002905,945,2026-07-12 00:00:00+00:00,completed,151.72,0.00,11.38,163.10,2026-07-12 00:00:00+00:00,2026-09-24 15:51:32.431066+00:00
2906,TXN-202608-002906,310,2026-08-27 00:00:00+00:00,completed,37916.39,0.00,2843.73,40760.12,2026-08-27 00:00:00+00:00,2026-09-24 15:51:32.431066+00:00
2907,TXN-202604-002907,51,2026-04-25 00:00:00+00:00,completed,7513.95,0.00,563.55,8077.50,2026-04-25 00:00:00+00:00,2026-09-24 15:51:32.431066+00:00
2908,TXN-202608-002908,552,2026-08-04 00:00:00+00:00,completed,624.61,0.00,46.85,671.46,2026-08-04 00:00:00+00:00,2026-09-24 15:51:32.431066+00:00
2909,TXN-202609-002909,296,2026-09-03 00:00:00+00:00,completed,207.47,0.00,15.56,223.03,2026-09-03 00:00:00+00:00,2026-09-24 15:51:32.431066+00:00
2910,TXN-202606-002910,876,2026-06-24 00:00:00+00:00,completed,1388.68,0.00,104.15,1492.83,2026-06-24 00:00:00+00:00,2026-09-24 15:51:32.431066+00:00
2911,TXN-202606-002911,31,2026-06-02 00:00:00+00:00,completed,48.31,2.42,3.44,49.33,2026-06-02 00:00:00+00:00,2026-09-24 15:51:32.431066+00:00
2912,TXN-202510-002912,497,2025-10-12 00:00:00+00:00,completed,4397.86,0.00,329.84,4727.70,2025-10-12 00:00:00+00:00,2026-09-24 15:51:32.431066+00:00
2913,TXN-202605-002913,459,2026-05-14 00:00:00+00:00,completed,506.17,0.00,37.96,544.13,2026-05-14 00:00:00+00:00,2026-09-24 15:51:32.431066+00:00
2914,TXN-202604-002914,481,2026-04-20 00:00:00+00:00,completed,3752.87,0.00,281.47,4034.34,2026-04-20 00:00:00+00:00,2026-09-24 15:51:32.431066+00:00
2915,TXN-202603-002915,763,2026-03-23 00:00:00+00:00,completed,5859.37,292.97,417.48,5983.88,2026-03-23 00:00:00+00:00,2026-09-24 15:51:32.431066+00:00
2916,TXN-202512-002916,349,2025-12-07 00:00:00+00:00,refunded,1999.73,0.00,149.98,2149.71,2025-12-07 00:00:00+00:00,2026-09-24 15:51:32.431066+00:00
2917,TXN-202509-002917,450,2025-09-18 00:00:00+00:00,completed,1559.34,0.00,116.95,1676.29,2025-09-18 00:00:00+00:00,2026-09-24 15:51:32.431066+00:00
2918,TXN-202608-002918,860,2026-08-30 00:00:00+00:00,completed,57.99,0.00,4.35,62.34,2026-08-30 00:00:00+00:00,2026-09-24 15:51:32.431066+00:00
2919,TXN-202602-002919,916,2026-02-28 00:00:00+00:00,completed,790.64,0.00,59.30,849.94,2026-02-28 00:00:00+00:00,2026-09-24 15:51:32.431066+00:00
2920,TXN-202605-002920,595,2026-05-01 00:00:00+00:00,completed,1471.85,0.00,110.39,1582.24,2026-05-01 00:00:00+00:00,2026-09-24 15:51:32.431066+00:00
2921,TXN-202606-002921,971,2026-06-21 00:00:00+00:00,completed,281.09,0.00,21.08,302.17,2026-06-21 00:00:00+00:00,2026-09-24 15:51:32.431066+00:00
2922,TXN-202607-002922,485,2026-07-26 00:00:00+00:00,completed,5803.74,290.19,413.52,5927.07,2026-07-26 00:00:00+00:00,2026-09-24 15:51:32.431066+00:00
2923,TXN-202604-002923,924,2026-04-10 00:00:00+00:00,completed,10921.88,0.00,819.14,11741.02,2026-04-10 00:00:00+00:00,2026-09-24 15:51:32.431066+00:00
2924,TXN-202608-002924,554,2026-08-05 00:00:00+00:00,completed,256.17,0.00,19.21,275.38,2026-08-05 00:00:00+00:00,2026-09-24 15:51:32.431066+00:00
2925,TXN-202606-002925,462,2026-06-29 00:00:00+00:00,completed,205.68,0.00,15.43,221.11,2026-06-29 00:00:00+00:00,2026-09-24 15:51:32.431066+00:00
2926,TXN-202512-002926,155,2025-12-26 00:00:00+00:00,completed,368.23,18.41,26.24,376.06,2025-12-26 00:00:00+00:00,2026-09-24 15:51:32.431066+00:00
2927,TXN-202510-002927,537,2025-10-25 00:00:00+00:00,completed,731.00,36.55,52.08,746.53,2025-10-25 00:00:00+00:00,2026-09-24 15:51:32.431066+00:00
2928,TXN-202606-002928,949,2026-06-29 00:00:00+00:00,completed,2684.06,0.00,201.30,2885.36,2026-06-29 00:00:00+00:00,2026-09-24 15:51:32.431066+00:00
2929,TXN-202608-002929,202,2026-08-20 00:00:00+00:00,completed,158.35,0.00,11.88,170.23,2026-08-20 00:00:00+00:00,2026-09-24 15:51:32.431066+00:00
2930,TXN-202603-002930,763,2026-03-25 00:00:00+00:00,completed,12267.16,0.00,920.04,13187.20,2026-03-25 00:00:00+00:00,2026-09-24 15:51:32.431066+00:00
2931,TXN-202601-002931,272,2026-01-18 00:00:00+00:00,completed,749.94,37.50,53.43,765.87,2026-01-18 00:00:00+00:00,2026-09-24 15:51:32.431066+00:00
2932,TXN-202609-002932,798,2026-09-19 00:00:00+00:00,completed,2223.41,0.00,166.76,2390.17,2026-09-19 00:00:00+00:00,2026-09-24 15:51:32.431066+00:00
2933,TXN-202512-002933,89,2025-12-26 00:00:00+00:00,completed,202.84,0.00,15.21,218.05,2025-12-26 00:00:00+00:00,2026-09-24 15:51:32.431066+00:00
2934,TXN-202606-002934,191,2026-06-10 00:00:00+00:00,completed,277.85,0.00,20.84,298.69,2026-06-10 00:00:00+00:00,2026-09-24 15:51:32.431066+00:00
2935,TXN-202608-002935,466,2026-08-24 00:00:00+00:00,completed,142.73,0.00,10.70,153.43,2026-08-24 00:00:00+00:00,2026-09-24 15:51:32.431066+00:00
2936,TXN-202606-002936,566,2026-06-06 00:00:00+00:00,completed,918.90,0.00,68.92,987.82,2026-06-06 00:00:00+00:00,2026-09-24 15:51:32.431066+00:00
2937,TXN-202603-002937,884,2026-03-02 00:00:00+00:00,completed,2902.51,145.13,206.80,2964.18,2026-03-02 00:00:00+00:00,2026-09-24 15:51:32.431066+00:00
2938,TXN-202605-002938,834,2026-05-13 00:00:00+00:00,completed,11236.66,0.00,842.75,12079.41,2026-05-13 00:00:00+00:00,2026-09-24 15:51:32.431066+00:00
2939,TXN-202604-002939,51,2026-04-13 00:00:00+00:00,completed,3156.07,0.00,236.71,3392.78,2026-04-13 00:00:00+00:00,2026-09-24 15:51:32.431066+00:00
2940,TXN-202605-002940,222,2026-05-28 00:00:00+00:00,completed,4133.55,0.00,310.02,4443.57,2026-05-28 00:00:00+00:00,2026-09-24 15:51:32.431066+00:00
2941,TXN-202604-002941,638,2026-04-18 00:00:00+00:00,completed,192.50,0.00,14.44,206.94,2026-04-18 00:00:00+00:00,2026-09-24 15:51:32.431066+00:00
2942,TXN-202607-002942,894,2026-07-08 00:00:00+00:00,completed,8755.88,0.00,656.69,9412.57,2026-07-08 00:00:00+00:00,2026-09-24 15:51:32.431066+00:00
2943,TXN-202602-002943,427,2026-02-27 00:00:00+00:00,completed,897.26,0.00,67.29,964.55,2026-02-27 00:00:00+00:00,2026-09-24 15:51:32.431066+00:00
2944,TXN-202608-002944,449,2026-08-15 00:00:00+00:00,completed,221.91,0.00,16.64,238.55,2026-08-15 00:00:00+00:00,2026-09-24 15:51:32.431066+00:00
2945,TXN-202607-002945,817,2026-07-31 00:00:00+00:00,completed,144.52,0.00,10.84,155.36,2026-07-31 00:00:00+00:00,2026-09-24 15:51:32.431066+00:00
2946,TXN-202605-002946,796,2026-05-25 00:00:00+00:00,completed,46991.78,0.00,3524.38,50516.16,2026-05-25 00:00:00+00:00,2026-09-24 15:51:32.431066+00:00
2947,TXN-202512-002947,900,2025-12-02 00:00:00+00:00,completed,7217.21,0.00,541.29,7758.50,2025-12-02 00:00:00+00:00,2026-09-24 15:51:32.431066+00:00
2948,TXN-202509-002948,491,2025-09-30 00:00:00+00:00,completed,37.93,0.00,2.84,40.77,2025-09-30 00:00:00+00:00,2026-09-24 15:51:32.431066+00:00
2949,TXN-202603-002949,588,2026-03-02 00:00:00+00:00,completed,1702.02,0.00,127.65,1829.67,2026-03-02 00:00:00+00:00,2026-09-24 15:51:32.431066+00:00
2950,TXN-202608-002950,444,2026-08-29 00:00:00+00:00,completed,41822.06,0.00,3136.65,44958.71,2026-08-29 00:00:00+00:00,2026-09-24 15:51:32.431066+00:00
2951,TXN-202609-002951,241,2026-09-08 00:00:00+00:00,completed,263.56,0.00,19.77,283.33,2026-09-08 00:00:00+00:00,2026-09-24 15:51:32.431066+00:00
2952,TXN-202605-002952,783,2026-05-05 00:00:00+00:00,completed,15166.36,0.00,1137.48,16303.84,2026-05-05 00:00:00+00:00,2026-09-24 15:51:32.431066+00:00
2953,TXN-202606-002953,465,2026-06-26 00:00:00+00:00,completed,576.75,0.00,43.26,620.01,2026-06-26 00:00:00+00:00,2026-09-24 15:51:32.431066+00:00
2954,TXN-202602-002954,25,2026-02-04 00:00:00+00:00,completed,41154.76,0.00,3086.61,44241.37,2026-02-04 00:00:00+00:00,2026-09-24 15:51:32.431066+00:00
2955,TXN-202608-002955,217,2026-08-06 00:00:00+00:00,refunded,962.08,0.00,72.16,1034.24,2026-08-06 00:00:00+00:00,2026-09-24 15:51:32.431066+00:00
2956,TXN-202606-002956,706,2026-06-29 00:00:00+00:00,completed,23301.46,0.00,1747.61,25049.07,2026-06-29 00:00:00+00:00,2026-09-24 15:51:32.431066+00:00
2957,TXN-202512-002957,201,2025-12-01 00:00:00+00:00,completed,626.91,0.00,47.02,673.93,2025-12-01 00:00:00+00:00,2026-09-24 15:51:32.431066+00:00
2958,TXN-202509-002958,396,2025-09-30 00:00:00+00:00,completed,286.66,0.00,21.50,308.16,2025-09-30 00:00:00+00:00,2026-09-24 15:51:32.431066+00:00
2959,TXN-202603-002959,711,2026-03-16 00:00:00+00:00,completed,117.04,5.85,8.34,119.53,2026-03-16 00:00:00+00:00,2026-09-24 15:51:32.431066+00:00
2960,TXN-202510-002960,937,2025-10-06 00:00:00+00:00,completed,6582.43,0.00,493.68,7076.11,2025-10-06 00:00:00+00:00,2026-09-24 15:51:32.431066+00:00
2961,TXN-202607-002961,54,2026-07-11 00:00:00+00:00,completed,513.77,0.00,38.53,552.30,2026-07-11 00:00:00+00:00,2026-09-24 15:51:32.431066+00:00
2962,TXN-202609-002962,907,2026-09-05 00:00:00+00:00,completed,498.88,0.00,37.42,536.30,2026-09-05 00:00:00+00:00,2026-09-24 15:51:32.431066+00:00
2963,TXN-202512-002963,373,2025-12-18 00:00:00+00:00,completed,50.71,0.00,3.80,54.51,2025-12-18 00:00:00+00:00,2026-09-24 15:51:32.431066+00:00
2964,TXN-202510-002964,445,2025-10-03 00:00:00+00:00,completed,22918.01,0.00,1718.85,24636.86,2025-10-03 00:00:00+00:00,2026-09-24 15:51:32.431066+00:00
2965,TXN-202607-002965,957,2026-07-09 00:00:00+00:00,completed,30.52,0.00,2.29,32.81,2026-07-09 00:00:00+00:00,2026-09-24 15:51:32.431066+00:00
2966,TXN-202603-002966,165,2026-03-20 00:00:00+00:00,completed,119.66,0.00,8.97,128.63,2026-03-20 00:00:00+00:00,2026-09-24 15:51:32.431066+00:00
2967,TXN-202609-002967,843,2026-09-11 00:00:00+00:00,completed,5512.29,0.00,413.42,5925.71,2026-09-11 00:00:00+00:00,2026-09-24 15:51:32.431066+00:00
2968,TXN-202609-002968,525,2026-09-18 00:00:00+00:00,completed,1045.86,0.00,78.44,1124.30,2026-09-18 00:00:00+00:00,2026-09-24 15:51:32.431066+00:00
2969,TXN-202608-002969,181,2026-08-16 00:00:00+00:00,refunded,2534.53,0.00,190.09,2724.62,2026-08-16 00:00:00+00:00,2026-09-24 15:51:32.431066+00:00
2970,TXN-202608-002970,351,2026-08-11 00:00:00+00:00,completed,36569.97,0.00,2742.75,39312.72,2026-08-11 00:00:00+00:00,2026-09-24 15:51:32.431066+00:00
2971,TXN-202604-002971,334,2026-04-29 00:00:00+00:00,completed,3791.05,0.00,284.33,4075.38,2026-04-29 00:00:00+00:00,2026-09-24 15:51:32.431066+00:00
2972,TXN-202511-002972,896,2025-11-23 00:00:00+00:00,completed,174.95,0.00,13.12,188.07,2025-11-23 00:00:00+00:00,2026-09-24 15:51:32.431066+00:00
2973,TXN-202606-002973,972,2026-06-16 00:00:00+00:00,completed,26145.95,0.00,1960.95,28106.90,2026-06-16 00:00:00+00:00,2026-09-24 15:51:32.431066+00:00
2974,TXN-202605-002974,500,2026-05-10 00:00:00+00:00,completed,1497.59,74.88,106.70,1529.41,2026-05-10 00:00:00+00:00,2026-09-24 15:51:32.431066+00:00
2975,TXN-202511-002975,326,2025-11-09 00:00:00+00:00,completed,721.56,36.08,51.41,736.89,2025-11-09 00:00:00+00:00,2026-09-24 15:51:32.431066+00:00
2976,TXN-202604-002976,96,2026-04-05 00:00:00+00:00,completed,1121.52,0.00,84.11,1205.63,2026-04-05 00:00:00+00:00,2026-09-24 15:51:32.431066+00:00
2977,TXN-202609-002977,193,2026-09-22 00:00:00+00:00,completed,872.17,0.00,65.41,937.58,2026-09-22 00:00:00+00:00,2026-09-24 15:51:32.431066+00:00
2978,TXN-202602-002978,238,2026-02-11 00:00:00+00:00,completed,749.84,0.00,56.24,806.08,2026-02-11 00:00:00+00:00,2026-09-24 15:51:32.431066+00:00
2979,TXN-202604-002979,731,2026-04-15 00:00:00+00:00,completed,465.01,0.00,34.88,499.89,2026-04-15 00:00:00+00:00,2026-09-24 15:51:32.431066+00:00
2980,TXN-202607-002980,790,2026-07-02 00:00:00+00:00,completed,925.66,0.00,69.42,995.08,2026-07-02 00:00:00+00:00,2026-09-24 15:51:32.431066+00:00
2981,TXN-202510-002981,200,2025-10-12 00:00:00+00:00,completed,908.85,0.00,68.16,977.01,2025-10-12 00:00:00+00:00,2026-09-24 15:51:32.431066+00:00
2982,TXN-202605-002982,872,2026-05-11 00:00:00+00:00,completed,334.62,16.73,23.84,341.73,2026-05-11 00:00:00+00:00,2026-09-24 15:51:32.431066+00:00
2983,TXN-202608-002983,473,2026-08-29 00:00:00+00:00,completed,146.08,0.00,10.96,157.04,2026-08-29 00:00:00+00:00,2026-09-24 15:51:32.431066+00:00
2984,TXN-202608-002984,555,2026-08-22 00:00:00+00:00,completed,245.21,0.00,18.39,263.60,2026-08-22 00:00:00+00:00,2026-09-24 15:51:32.431066+00:00
2985,TXN-202606-002985,246,2026-06-02 00:00:00+00:00,completed,1191.92,0.00,89.39,1281.31,2026-06-02 00:00:00+00:00,2026-09-24 15:51:32.431066+00:00
2986,TXN-202608-002986,580,2026-08-26 00:00:00+00:00,completed,3218.75,0.00,241.41,3460.16,2026-08-26 00:00:00+00:00,2026-09-24 15:51:32.431066+00:00
2987,TXN-202604-002987,78,2026-04-19 00:00:00+00:00,completed,297.42,0.00,22.31,319.73,2026-04-19 00:00:00+00:00,2026-09-24 15:51:32.431066+00:00
2988,TXN-202607-002988,248,2026-07-19 00:00:00+00:00,completed,10622.05,0.00,796.65,11418.70,2026-07-19 00:00:00+00:00,2026-09-24 15:51:32.431066+00:00
2989,TXN-202609-002989,183,2026-09-15 00:00:00+00:00,completed,313.20,0.00,23.49,336.69,2026-09-15 00:00:00+00:00,2026-09-24 15:51:32.431066+00:00
2990,TXN-202510-002990,757,2025-10-11 00:00:00+00:00,completed,4997.61,0.00,374.82,5372.43,2025-10-11 00:00:00+00:00,2026-09-24 15:51:32.431066+00:00
2991,TXN-202605-002991,609,2026-05-21 00:00:00+00:00,completed,4460.77,0.00,334.56,4795.33,2026-05-21 00:00:00+00:00,2026-09-24 15:51:32.431066+00:00
2992,TXN-202608-002992,668,2026-08-28 00:00:00+00:00,completed,18406.94,0.00,1380.52,19787.46,2026-08-28 00:00:00+00:00,2026-09-24 15:51:32.431066+00:00
2993,TXN-202609-002993,7,2026-09-21 00:00:00+00:00,completed,405.58,20.28,28.90,414.20,2026-09-21 00:00:00+00:00,2026-09-24 15:51:32.431066+00:00
2994,TXN-202607-002994,771,2026-07-09 00:00:00+00:00,completed,405.07,0.00,30.38,435.45,2026-07-09 00:00:00+00:00,2026-09-24 15:51:32.431066+00:00
2995,TXN-202609-002995,58,2026-09-10 00:00:00+00:00,completed,50.36,0.00,3.78,54.14,2026-09-10 00:00:00+00:00,2026-09-24 15:51:32.431066+00:00
2996,TXN-202608-002996,440,2026-08-04 00:00:00+00:00,completed,18024.59,0.00,1351.84,19376.43,2026-08-04 00:00:00+00:00,2026-09-24 15:51:32.431066+00:00
2997,TXN-202603-002997,176,2026-03-30 00:00:00+00:00,completed,14669.44,0.00,1100.21,15769.65,2026-03-30 00:00:00+00:00,2026-09-24 15:51:32.431066+00:00
2998,TXN-202609-002998,985,2026-09-18 00:00:00+00:00,completed,1321.32,0.00,99.10,1420.42,2026-09-18 00:00:00+00:00,2026-09-24 15:51:32.431066+00:00
2999,TXN-202605-002999,5,2026-05-30 00:00:00+00:00,completed,1097.84,0.00,82.34,1180.18,2026-05-30 00:00:00+00:00,2026-09-24 15:51:32.431066+00:00
3000,TXN-202508-003000,69,2025-08-04 00:00:00+00:00,completed,639.47,0.00,47.96,687.43,2025-08-04 00:00:00+00:00,2026-09-24 15:51:32.431066+00:00
3001,TXN-202607-003001,269,2026-07-19 00:00:00+00:00,completed,29012.73,0.00,2175.95,31188.68,2026-07-19 00:00:00+00:00,2026-09-24 15:51:32.431066+00:00
3002,TXN-202608-003002,188,2026-08-12 00:00:00+00:00,completed,2307.05,0.00,173.03,2480.08,2026-08-12 00:00:00+00:00,2026-09-24 15:51:32.431066+00:00
3003,TXN-202512-003003,343,2025-12-12 00:00:00+00:00,completed,216.51,0.00,16.24,232.75,2025-12-12 00:00:00+00:00,2026-09-24 15:51:32.431066+00:00
3004,TXN-202512-003004,900,2025-12-16 00:00:00+00:00,completed,6658.28,0.00,499.37,7157.65,2025-12-16 00:00:00+00:00,2026-09-24 15:51:32.431066+00:00
3005,TXN-202602-003005,612,2026-02-20 00:00:00+00:00,completed,4634.63,0.00,347.60,4982.23,2026-02-20 00:00:00+00:00,2026-09-24 15:51:32.431066+00:00
3006,TXN-202512-003006,629,2025-12-28 00:00:00+00:00,completed,5677.35,0.00,425.80,6103.15,2025-12-28 00:00:00+00:00,2026-09-24 15:51:32.431066+00:00
3007,TXN-202601-003007,330,2026-01-19 00:00:00+00:00,completed,240.52,0.00,18.04,258.56,2026-01-19 00:00:00+00:00,2026-09-24 15:51:32.431066+00:00
3008,TXN-202604-003008,589,2026-04-22 00:00:00+00:00,completed,4412.64,0.00,330.95,4743.59,2026-04-22 00:00:00+00:00,2026-09-24 15:51:32.431066+00:00
3009,TXN-202605-003009,579,2026-05-06 00:00:00+00:00,completed,8293.54,0.00,622.02,8915.56,2026-05-06 00:00:00+00:00,2026-09-24 15:51:32.431066+00:00
3010,TXN-202608-003010,651,2026-08-19 00:00:00+00:00,completed,10623.56,0.00,796.77,11420.33,2026-08-19 00:00:00+00:00,2026-09-24 15:51:32.431066+00:00
3011,TXN-202604-003011,754,2026-04-18 00:00:00+00:00,completed,113.79,0.00,8.53,122.32,2026-04-18 00:00:00+00:00,2026-09-24 15:51:32.431066+00:00
3012,TXN-202608-003012,192,2026-08-20 00:00:00+00:00,completed,9646.58,0.00,723.49,10370.07,2026-08-20 00:00:00+00:00,2026-09-24 15:51:32.431066+00:00
3013,TXN-202511-003013,621,2025-11-25 00:00:00+00:00,completed,44993.50,0.00,3374.51,48368.01,2025-11-25 00:00:00+00:00,2026-09-24 15:51:32.431066+00:00
3014,TXN-202609-003014,389,2026-09-18 00:00:00+00:00,completed,853.12,0.00,63.98,917.10,2026-09-18 00:00:00+00:00,2026-09-24 15:51:32.431066+00:00
3015,TXN-202609-003015,598,2026-09-06 00:00:00+00:00,completed,303.32,0.00,22.75,326.07,2026-09-06 00:00:00+00:00,2026-09-24 15:51:32.431066+00:00
3016,TXN-202602-003016,661,2026-02-15 00:00:00+00:00,completed,72.07,0.00,5.41,77.48,2026-02-15 00:00:00+00:00,2026-09-24 15:51:32.431066+00:00
3017,TXN-202607-003017,141,2026-07-28 00:00:00+00:00,completed,1500.98,0.00,112.57,1613.55,2026-07-28 00:00:00+00:00,2026-09-24 15:51:32.431066+00:00
3018,TXN-202602-003018,712,2026-02-21 00:00:00+00:00,completed,264.20,0.00,19.81,284.01,2026-02-21 00:00:00+00:00,2026-09-24 15:51:32.431066+00:00
3019,TXN-202603-003019,892,2026-03-16 00:00:00+00:00,completed,126.40,0.00,9.48,135.88,2026-03-16 00:00:00+00:00,2026-09-24 15:51:32.431066+00:00
3020,TXN-202602-003020,334,2026-02-28 00:00:00+00:00,completed,3807.99,190.40,271.32,3888.91,2026-02-28 00:00:00+00:00,2026-09-24 15:51:32.431066+00:00
3021,TXN-202608-003021,777,2026-08-16 00:00:00+00:00,completed,215.62,0.00,16.17,231.79,2026-08-16 00:00:00+00:00,2026-09-24 15:51:32.431066+00:00
3022,TXN-202608-003022,42,2026-08-29 00:00:00+00:00,completed,2373.26,0.00,177.99,2551.25,2026-08-29 00:00:00+00:00,2026-09-24 15:51:32.431066+00:00
3023,TXN-202608-003023,186,2026-08-23 00:00:00+00:00,completed,885.43,0.00,66.41,951.84,2026-08-23 00:00:00+00:00,2026-09-24 15:51:32.431066+00:00
3024,TXN-202603-003024,362,2026-03-31 00:00:00+00:00,completed,35.70,0.00,2.68,38.38,2026-03-31 00:00:00+00:00,2026-09-24 15:51:32.431066+00:00
3025,TXN-202605-003025,16,2026-05-28 00:00:00+00:00,completed,27973.26,0.00,2097.99,30071.25,2026-05-28 00:00:00+00:00,2026-09-24 15:51:32.431066+00:00
3026,TXN-202607-003026,61,2026-07-21 00:00:00+00:00,refunded,28976.28,0.00,2173.22,31149.50,2026-07-21 00:00:00+00:00,2026-09-24 15:51:32.431066+00:00
3027,TXN-202607-003027,9,2026-07-23 00:00:00+00:00,completed,2587.38,0.00,194.05,2781.43,2026-07-23 00:00:00+00:00,2026-09-24 15:51:32.431066+00:00
3028,TXN-202602-003028,444,2026-02-22 00:00:00+00:00,completed,35750.50,1787.53,2547.22,36510.19,2026-02-22 00:00:00+00:00,2026-09-24 15:51:32.431066+00:00
3029,TXN-202609-003029,577,2026-09-08 00:00:00+00:00,completed,375.28,0.00,28.15,403.43,2026-09-08 00:00:00+00:00,2026-09-24 15:51:32.431066+00:00
3030,TXN-202511-003030,863,2025-11-27 00:00:00+00:00,completed,251.46,0.00,18.86,270.32,2025-11-27 00:00:00+00:00,2026-09-24 15:51:32.431066+00:00
3031,TXN-202607-003031,459,2026-07-13 00:00:00+00:00,completed,623.02,0.00,46.73,669.75,2026-07-13 00:00:00+00:00,2026-09-24 15:51:32.431066+00:00
3032,TXN-202606-003032,821,2026-06-19 00:00:00+00:00,completed,907.56,0.00,68.07,975.63,2026-06-19 00:00:00+00:00,2026-09-24 15:51:32.431066+00:00
3033,TXN-202608-003033,907,2026-08-27 00:00:00+00:00,completed,244.28,0.00,18.32,262.60,2026-08-27 00:00:00+00:00,2026-09-24 15:51:32.431066+00:00
3034,TXN-202512-003034,79,2025-12-20 00:00:00+00:00,completed,916.31,0.00,68.72,985.03,2025-12-20 00:00:00+00:00,2026-09-24 15:51:32.431066+00:00
3035,TXN-202607-003035,856,2026-07-10 00:00:00+00:00,completed,50.71,0.00,3.80,54.51,2026-07-10 00:00:00+00:00,2026-09-24 15:51:32.431066+00:00
3036,TXN-202606-003036,694,2026-06-28 00:00:00+00:00,completed,291.20,0.00,21.84,313.04,2026-06-28 00:00:00+00:00,2026-09-24 15:51:32.431066+00:00
3037,TXN-202609-003037,467,2026-09-14 00:00:00+00:00,completed,593.76,29.69,42.31,606.38,2026-09-14 00:00:00+00:00,2026-09-24 15:51:32.431066+00:00
3038,TXN-202602-003038,877,2026-02-28 00:00:00+00:00,completed,26375.81,0.00,1978.19,28354.00,2026-02-28 00:00:00+00:00,2026-09-24 15:51:32.431066+00:00
3039,TXN-202603-003039,375,2026-03-09 00:00:00+00:00,completed,302.04,0.00,22.65,324.69,2026-03-09 00:00:00+00:00,2026-09-24 15:51:32.431066+00:00
3040,TXN-202608-003040,571,2026-08-31 00:00:00+00:00,completed,283.90,0.00,21.29,305.19,2026-08-31 00:00:00+00:00,2026-09-24 15:51:32.431066+00:00
3041,TXN-202601-003041,277,2026-01-13 00:00:00+00:00,completed,134.26,0.00,10.07,144.33,2026-01-13 00:00:00+00:00,2026-09-24 15:51:32.431066+00:00
3042,TXN-202512-003042,674,2025-12-11 00:00:00+00:00,completed,1740.84,0.00,130.56,1871.40,2025-12-11 00:00:00+00:00,2026-09-24 15:51:32.431066+00:00
3043,TXN-202608-003043,52,2026-08-15 00:00:00+00:00,completed,1308.77,0.00,98.16,1406.93,2026-08-15 00:00:00+00:00,2026-09-24 15:51:32.431066+00:00
3044,TXN-202609-003044,759,2026-09-13 00:00:00+00:00,completed,251.46,0.00,18.86,270.32,2026-09-13 00:00:00+00:00,2026-09-24 15:51:32.431066+00:00
3045,TXN-202603-003045,529,2026-03-21 00:00:00+00:00,refunded,5227.17,0.00,392.04,5619.21,2026-03-21 00:00:00+00:00,2026-09-24 15:51:32.431066+00:00
3046,TXN-202509-003046,443,2025-09-08 00:00:00+00:00,completed,107.02,0.00,8.03,115.05,2025-09-08 00:00:00+00:00,2026-09-24 15:51:32.431066+00:00
3047,TXN-202603-003047,288,2026-03-07 00:00:00+00:00,completed,29.09,0.00,2.18,31.27,2026-03-07 00:00:00+00:00,2026-09-24 15:51:32.431066+00:00
3048,TXN-202511-003048,554,2025-11-13 00:00:00+00:00,pending,1702.89,0.00,127.72,1830.61,2025-11-13 00:00:00+00:00,2026-09-24 15:51:32.431066+00:00
3049,TXN-202510-003049,770,2025-10-27 00:00:00+00:00,completed,288.85,0.00,21.66,310.51,2025-10-27 00:00:00+00:00,2026-09-24 15:51:32.431066+00:00
3050,TXN-202509-003050,377,2025-09-05 00:00:00+00:00,completed,101.92,0.00,7.64,109.56,2025-09-05 00:00:00+00:00,2026-09-24 15:51:32.431066+00:00
3051,TXN-202601-003051,882,2026-01-02 00:00:00+00:00,completed,435.96,0.00,32.70,468.66,2026-01-02 00:00:00+00:00,2026-09-24 15:51:32.431066+00:00
3052,TXN-202602-003052,822,2026-02-12 00:00:00+00:00,completed,553.21,0.00,41.49,594.70,2026-02-12 00:00:00+00:00,2026-09-24 15:51:32.431066+00:00
3053,TXN-202604-003053,199,2026-04-25 00:00:00+00:00,completed,320.43,0.00,24.03,344.46,2026-04-25 00:00:00+00:00,2026-09-24 15:51:32.431066+00:00
3054,TXN-202606-003054,26,2026-06-09 00:00:00+00:00,completed,92.19,0.00,6.91,99.10,2026-06-09 00:00:00+00:00,2026-09-24 15:51:32.431066+00:00
3055,TXN-202512-003055,164,2025-12-24 00:00:00+00:00,completed,264.23,0.00,19.82,284.05,2025-12-24 00:00:00+00:00,2026-09-24 15:51:32.431066+00:00
3056,TXN-202606-003056,443,2026-06-18 00:00:00+00:00,completed,549.94,0.00,41.25,591.19,2026-06-18 00:00:00+00:00,2026-09-24 15:51:32.431066+00:00
3057,TXN-202602-003057,766,2026-02-01 00:00:00+00:00,completed,14172.80,0.00,1062.96,15235.76,2026-02-01 00:00:00+00:00,2026-09-24 15:51:32.431066+00:00
3058,TXN-202608-003058,365,2026-08-12 00:00:00+00:00,pending,15735.76,0.00,1180.18,16915.94,2026-08-12 00:00:00+00:00,2026-09-24 15:51:32.431066+00:00
3059,TXN-202607-003059,151,2026-07-08 00:00:00+00:00,completed,32893.30,0.00,2467.00,35360.30,2026-07-08 00:00:00+00:00,2026-09-24 15:51:32.431066+00:00
3060,TXN-202512-003060,380,2025-12-28 00:00:00+00:00,completed,14.49,0.00,1.09,15.58,2025-12-28 00:00:00+00:00,2026-09-24 15:51:32.431066+00:00
3061,TXN-202604-003061,5,2026-04-01 00:00:00+00:00,completed,201.89,0.00,15.14,217.03,2026-04-01 00:00:00+00:00,2026-09-24 15:51:32.431066+00:00
3062,TXN-202601-003062,347,2026-01-29 00:00:00+00:00,completed,379.44,0.00,28.46,407.90,2026-01-29 00:00:00+00:00,2026-09-24 15:51:32.431066+00:00
3063,TXN-202604-003063,300,2026-04-26 00:00:00+00:00,completed,709.71,0.00,53.23,762.94,2026-04-26 00:00:00+00:00,2026-09-24 15:51:32.431066+00:00
3064,TXN-202603-003064,912,2026-03-04 00:00:00+00:00,completed,1204.54,0.00,90.34,1294.88,2026-03-04 00:00:00+00:00,2026-09-24 15:51:32.431066+00:00
3065,TXN-202508-003065,543,2025-08-17 00:00:00+00:00,completed,1095.90,0.00,82.19,1178.09,2025-08-17 00:00:00+00:00,2026-09-24 15:51:32.431066+00:00
3066,TXN-202509-003066,732,2025-09-18 00:00:00+00:00,completed,37.38,0.00,2.80,40.18,2025-09-18 00:00:00+00:00,2026-09-24 15:51:32.431066+00:00
3067,TXN-202609-003067,746,2026-09-19 00:00:00+00:00,completed,167.17,8.36,11.91,170.72,2026-09-19 00:00:00+00:00,2026-09-24 15:51:32.431066+00:00
3068,TXN-202506-003068,186,2025-06-20 00:00:00+00:00,completed,683.88,0.00,51.29,735.17,2025-06-20 00:00:00+00:00,2026-09-24 15:51:32.431066+00:00
3069,TXN-202509-003069,989,2025-09-17 00:00:00+00:00,completed,125.48,0.00,9.41,134.89,2025-09-17 00:00:00+00:00,2026-09-24 15:51:32.431066+00:00
3070,TXN-202608-003070,505,2026-08-28 00:00:00+00:00,completed,80.36,0.00,6.03,86.39,2026-08-28 00:00:00+00:00,2026-09-24 15:51:32.431066+00:00
3071,TXN-202608-003071,792,2026-08-07 00:00:00+00:00,completed,481.04,0.00,36.08,517.12,2026-08-07 00:00:00+00:00,2026-09-24 15:51:32.431066+00:00
3072,TXN-202607-003072,973,2026-07-09 00:00:00+00:00,completed,427.49,0.00,32.06,459.55,2026-07-09 00:00:00+00:00,2026-09-24 15:51:32.431066+00:00
3073,TXN-202608-003073,222,2026-08-21 00:00:00+00:00,completed,1855.56,0.00,139.17,1994.73,2026-08-21 00:00:00+00:00,2026-09-24 15:51:32.431066+00:00
3074,TXN-202608-003074,835,2026-08-19 00:00:00+00:00,completed,215.27,10.76,15.34,219.85,2026-08-19 00:00:00+00:00,2026-09-24 15:51:32.431066+00:00
3075,TXN-202608-003075,380,2026-08-13 00:00:00+00:00,completed,148.73,7.44,10.60,151.89,2026-08-13 00:00:00+00:00,2026-09-24 15:51:32.431066+00:00
3076,TXN-202601-003076,806,2026-01-18 00:00:00+00:00,refunded,10959.47,0.00,821.96,11781.43,2026-01-18 00:00:00+00:00,2026-09-24 15:51:32.431066+00:00
3077,TXN-202512-003077,43,2025-12-10 00:00:00+00:00,completed,99.03,0.00,7.43,106.46,2025-12-10 00:00:00+00:00,2026-09-24 15:51:32.431066+00:00
3078,TXN-202609-003078,115,2026-09-02 00:00:00+00:00,completed,897.19,44.86,63.92,916.25,2026-09-02 00:00:00+00:00,2026-09-24 15:51:32.431066+00:00
3079,TXN-202605-003079,963,2026-05-24 00:00:00+00:00,completed,98.67,0.00,7.40,106.07,2026-05-24 00:00:00+00:00,2026-09-24 15:51:32.431066+00:00
3080,TXN-202603-003080,792,2026-03-06 00:00:00+00:00,completed,142.04,7.10,10.12,145.06,2026-03-06 00:00:00+00:00,2026-09-24 15:51:32.431066+00:00
3081,TXN-202605-003081,833,2026-05-20 00:00:00+00:00,completed,184.31,0.00,13.82,198.13,2026-05-20 00:00:00+00:00,2026-09-24 15:51:32.431066+00:00
3082,TXN-202607-003082,161,2026-07-03 00:00:00+00:00,refunded,247.03,0.00,18.53,265.56,2026-07-03 00:00:00+00:00,2026-09-24 15:51:32.431066+00:00
3083,TXN-202601-003083,633,2026-01-19 00:00:00+00:00,completed,278.62,0.00,20.90,299.52,2026-01-19 00:00:00+00:00,2026-09-24 15:51:32.431066+00:00
3084,TXN-202512-003084,384,2025-12-29 00:00:00+00:00,completed,28931.87,0.00,2169.89,31101.76,2025-12-29 00:00:00+00:00,2026-09-24 15:51:32.431066+00:00
3085,TXN-202605-003085,474,2026-05-18 00:00:00+00:00,completed,1285.09,64.25,91.56,1312.40,2026-05-18 00:00:00+00:00,2026-09-24 15:51:32.431066+00:00
3086,TXN-202608-003086,307,2026-08-29 00:00:00+00:00,completed,639.64,0.00,47.97,687.61,2026-08-29 00:00:00+00:00,2026-09-24 15:51:32.431066+00:00
3087,TXN-202603-003087,857,2026-03-09 00:00:00+00:00,completed,50897.57,0.00,3817.32,54714.89,2026-03-09 00:00:00+00:00,2026-09-24 15:51:32.431066+00:00
3088,TXN-202604-003088,353,2026-04-03 00:00:00+00:00,completed,188.04,0.00,14.10,202.14,2026-04-03 00:00:00+00:00,2026-09-24 15:51:32.431066+00:00
3089,TXN-202608-003089,172,2026-08-08 00:00:00+00:00,completed,233.10,0.00,17.48,250.58,2026-08-08 00:00:00+00:00,2026-09-24 15:51:32.431066+00:00
3090,TXN-202609-003090,437,2026-09-16 00:00:00+00:00,completed,7743.86,0.00,580.79,8324.65,2026-09-16 00:00:00+00:00,2026-09-24 15:51:32.431066+00:00
3091,TXN-202605-003091,748,2026-05-28 00:00:00+00:00,completed,1563.25,0.00,117.24,1680.49,2026-05-28 00:00:00+00:00,2026-09-24 15:51:32.431066+00:00
3092,TXN-202512-003092,980,2025-12-18 00:00:00+00:00,pending,13186.62,0.00,989.00,14175.62,2025-12-18 00:00:00+00:00,2026-09-24 15:51:32.431066+00:00
3093,TXN-202608-003093,227,2026-08-28 00:00:00+00:00,completed,318.52,0.00,23.89,342.41,2026-08-28 00:00:00+00:00,2026-09-24 15:51:32.431066+00:00
3094,TXN-202608-003094,627,2026-08-29 00:00:00+00:00,completed,21008.67,0.00,1575.65,22584.32,2026-08-29 00:00:00+00:00,2026-09-24 15:51:32.431066+00:00
3095,TXN-202606-003095,625,2026-06-09 00:00:00+00:00,completed,677.79,0.00,50.83,728.62,2026-06-09 00:00:00+00:00,2026-09-24 15:51:32.431066+00:00
3096,TXN-202605-003096,66,2026-05-14 00:00:00+00:00,completed,918.89,0.00,68.92,987.81,2026-05-14 00:00:00+00:00,2026-09-24 15:51:32.431066+00:00
3097,TXN-202602-003097,850,2026-02-10 00:00:00+00:00,completed,1219.04,0.00,91.43,1310.47,2026-02-10 00:00:00+00:00,2026-09-24 15:51:32.431066+00:00
3098,TXN-202511-003098,385,2025-11-18 00:00:00+00:00,completed,6168.94,0.00,462.67,6631.61,2025-11-18 00:00:00+00:00,2026-09-24 15:51:32.431066+00:00
3099,TXN-202508-003099,893,2025-08-01 00:00:00+00:00,completed,3881.37,0.00,291.10,4172.47,2025-08-01 00:00:00+00:00,2026-09-24 15:51:32.431066+00:00
3100,TXN-202601-003100,273,2026-01-07 00:00:00+00:00,completed,319.72,0.00,23.98,343.70,2026-01-07 00:00:00+00:00,2026-09-24 15:51:32.431066+00:00
3101,TXN-202608-003101,204,2026-08-10 00:00:00+00:00,completed,780.38,0.00,58.53,838.91,2026-08-10 00:00:00+00:00,2026-09-24 15:51:32.431066+00:00
3102,TXN-202607-003102,292,2026-07-25 00:00:00+00:00,completed,1632.85,0.00,122.46,1755.31,2026-07-25 00:00:00+00:00,2026-09-24 15:51:32.431066+00:00
3103,TXN-202606-003103,622,2026-06-28 00:00:00+00:00,completed,51448.63,0.00,3858.65,55307.28,2026-06-28 00:00:00+00:00,2026-09-24 15:51:32.431066+00:00
3104,TXN-202509-003104,580,2025-09-17 00:00:00+00:00,completed,9495.77,0.00,712.18,10207.95,2025-09-17 00:00:00+00:00,2026-09-24 15:51:32.431066+00:00
3105,TXN-202510-003105,952,2025-10-22 00:00:00+00:00,completed,812.17,0.00,60.91,873.08,2025-10-22 00:00:00+00:00,2026-09-24 15:51:32.431066+00:00
3106,TXN-202602-003106,466,2026-02-19 00:00:00+00:00,cancelled,352.32,0.00,26.42,378.74,2026-02-19 00:00:00+00:00,2026-09-24 15:51:32.431066+00:00
3107,TXN-202608-003107,756,2026-08-15 00:00:00+00:00,completed,940.58,0.00,70.54,1011.12,2026-08-15 00:00:00+00:00,2026-09-24 15:51:32.431066+00:00
3108,TXN-202512-003108,594,2025-12-03 00:00:00+00:00,completed,1031.56,0.00,77.37,1108.93,2025-12-03 00:00:00+00:00,2026-09-24 15:51:32.431066+00:00
3109,TXN-202603-003109,58,2026-03-01 00:00:00+00:00,completed,151.72,0.00,11.38,163.10,2026-03-01 00:00:00+00:00,2026-09-24 15:51:32.431066+00:00
3110,TXN-202512-003110,288,2025-12-14 00:00:00+00:00,completed,780.08,39.00,55.58,796.66,2025-12-14 00:00:00+00:00,2026-09-24 15:51:32.431066+00:00
3111,TXN-202604-003111,145,2026-04-26 00:00:00+00:00,completed,320.55,0.00,24.04,344.59,2026-04-26 00:00:00+00:00,2026-09-24 15:51:32.431066+00:00
3112,TXN-202601-003112,674,2026-01-09 00:00:00+00:00,completed,14.49,0.00,1.09,15.58,2026-01-09 00:00:00+00:00,2026-09-24 15:51:32.431066+00:00
3113,TXN-202601-003113,531,2026-01-28 00:00:00+00:00,completed,645.43,0.00,48.41,693.84,2026-01-28 00:00:00+00:00,2026-09-24 15:51:32.431066+00:00
3114,TXN-202512-003114,326,2025-12-21 00:00:00+00:00,completed,228.49,0.00,17.14,245.63,2025-12-21 00:00:00+00:00,2026-09-24 15:51:32.431066+00:00
3115,TXN-202601-003115,419,2026-01-21 00:00:00+00:00,completed,2254.08,0.00,169.06,2423.14,2026-01-21 00:00:00+00:00,2026-09-24 15:51:32.431066+00:00
3116,TXN-202604-003116,917,2026-04-29 00:00:00+00:00,completed,421.83,0.00,31.64,453.47,2026-04-29 00:00:00+00:00,2026-09-24 15:51:32.431066+00:00
3117,TXN-202607-003117,782,2026-07-16 00:00:00+00:00,pending,37651.72,0.00,2823.88,40475.60,2026-07-16 00:00:00+00:00,2026-09-24 15:51:32.431066+00:00
3118,TXN-202606-003118,438,2026-06-29 00:00:00+00:00,refunded,1711.16,0.00,128.34,1839.50,2026-06-29 00:00:00+00:00,2026-09-24 15:51:32.431066+00:00
3119,TXN-202608-003119,431,2026-08-11 00:00:00+00:00,completed,1574.40,0.00,118.08,1692.48,2026-08-11 00:00:00+00:00,2026-09-24 15:51:32.431066+00:00
3120,TXN-202603-003120,185,2026-03-27 00:00:00+00:00,completed,15810.90,0.00,1185.82,16996.72,2026-03-27 00:00:00+00:00,2026-09-24 15:51:32.431066+00:00
3121,TXN-202607-003121,909,2026-07-27 00:00:00+00:00,completed,157.30,0.00,11.80,169.10,2026-07-27 00:00:00+00:00,2026-09-24 15:51:32.431066+00:00
3122,TXN-202608-003122,519,2026-08-26 00:00:00+00:00,completed,1019.39,0.00,76.45,1095.84,2026-08-26 00:00:00+00:00,2026-09-24 15:51:32.431066+00:00
3123,TXN-202510-003123,9,2025-10-24 00:00:00+00:00,completed,6780.35,0.00,508.53,7288.88,2025-10-24 00:00:00+00:00,2026-09-24 15:51:32.431066+00:00
3124,TXN-202602-003124,110,2026-02-03 00:00:00+00:00,completed,10581.80,0.00,793.63,11375.43,2026-02-03 00:00:00+00:00,2026-09-24 15:51:32.431066+00:00
3125,TXN-202609-003125,813,2026-09-22 00:00:00+00:00,completed,46204.96,0.00,3465.37,49670.33,2026-09-22 00:00:00+00:00,2026-09-24 15:51:32.431066+00:00
3126,TXN-202603-003126,710,2026-03-18 00:00:00+00:00,completed,651.91,0.00,48.89,700.80,2026-03-18 00:00:00+00:00,2026-09-24 15:51:32.431066+00:00
3127,TXN-202608-003127,13,2026-08-18 00:00:00+00:00,completed,1103.68,0.00,82.78,1186.46,2026-08-18 00:00:00+00:00,2026-09-24 15:51:32.431066+00:00
3128,TXN-202604-003128,260,2026-04-15 00:00:00+00:00,completed,483.01,0.00,36.23,519.24,2026-04-15 00:00:00+00:00,2026-09-24 15:51:32.431066+00:00
3129,TXN-202605-003129,523,2026-05-24 00:00:00+00:00,completed,357.94,0.00,26.85,384.79,2026-05-24 00:00:00+00:00,2026-09-24 15:51:32.431066+00:00
3130,TXN-202608-003130,213,2026-08-31 00:00:00+00:00,completed,728.76,0.00,54.66,783.42,2026-08-31 00:00:00+00:00,2026-09-24 15:51:32.431066+00:00
3131,TXN-202609-003131,906,2026-09-12 00:00:00+00:00,completed,16471.92,0.00,1235.39,17707.31,2026-09-12 00:00:00+00:00,2026-09-24 15:51:32.431066+00:00
3132,TXN-202609-003132,432,2026-09-07 00:00:00+00:00,pending,5765.78,0.00,432.43,6198.21,2026-09-07 00:00:00+00:00,2026-09-24 15:51:32.431066+00:00
3133,TXN-202608-003133,452,2026-08-17 00:00:00+00:00,completed,26756.87,0.00,2006.77,28763.64,2026-08-17 00:00:00+00:00,2026-09-24 15:51:32.431066+00:00
3134,TXN-202607-003134,755,2026-07-18 00:00:00+00:00,completed,191.50,9.58,13.64,195.56,2026-07-18 00:00:00+00:00,2026-09-24 15:51:32.431066+00:00
3135,TXN-202602-003135,407,2026-02-14 00:00:00+00:00,completed,879.16,0.00,65.94,945.10,2026-02-14 00:00:00+00:00,2026-09-24 15:51:32.431066+00:00
3136,TXN-202607-003136,734,2026-07-23 00:00:00+00:00,completed,845.91,0.00,63.44,909.35,2026-07-23 00:00:00+00:00,2026-09-24 15:51:32.431066+00:00
3137,TXN-202510-003137,102,2025-10-15 00:00:00+00:00,completed,798.92,0.00,59.92,858.84,2025-10-15 00:00:00+00:00,2026-09-24 15:51:32.431066+00:00
3138,TXN-202601-003138,363,2026-01-07 00:00:00+00:00,completed,452.52,0.00,33.94,486.46,2026-01-07 00:00:00+00:00,2026-09-24 15:51:32.431066+00:00
3139,TXN-202606-003139,556,2026-06-11 00:00:00+00:00,cancelled,231.16,0.00,17.34,248.50,2026-06-11 00:00:00+00:00,2026-09-24 15:51:32.431066+00:00
3140,TXN-202602-003140,900,2026-02-19 00:00:00+00:00,completed,8281.20,0.00,621.09,8902.29,2026-02-19 00:00:00+00:00,2026-09-24 15:51:32.431066+00:00
3141,TXN-202602-003141,615,2026-02-14 00:00:00+00:00,completed,775.18,0.00,58.14,833.32,2026-02-14 00:00:00+00:00,2026-09-24 15:51:32.431066+00:00
3142,TXN-202606-003142,32,2026-06-04 00:00:00+00:00,completed,223.13,0.00,16.73,239.86,2026-06-04 00:00:00+00:00,2026-09-24 15:51:32.431066+00:00
3143,TXN-202512-003143,455,2025-12-19 00:00:00+00:00,completed,26705.87,1335.29,1902.79,27273.37,2025-12-19 00:00:00+00:00,2026-09-24 15:51:32.431066+00:00
3144,TXN-202603-003144,591,2026-03-03 00:00:00+00:00,completed,2061.96,0.00,154.65,2216.61,2026-03-03 00:00:00+00:00,2026-09-24 15:51:32.431066+00:00
3145,TXN-202604-003145,188,2026-04-03 00:00:00+00:00,completed,2803.05,0.00,210.23,3013.28,2026-04-03 00:00:00+00:00,2026-09-24 15:51:32.431066+00:00
3146,TXN-202602-003146,494,2026-02-15 00:00:00+00:00,completed,6893.16,0.00,516.99,7410.15,2026-02-15 00:00:00+00:00,2026-09-24 15:51:32.431066+00:00
3147,TXN-202601-003147,508,2026-01-08 00:00:00+00:00,completed,170.02,0.00,12.75,182.77,2026-01-08 00:00:00+00:00,2026-09-24 15:51:32.431066+00:00
3148,TXN-202609-003148,21,2026-09-06 00:00:00+00:00,completed,36.03,0.00,2.70,38.73,2026-09-06 00:00:00+00:00,2026-09-24 15:51:32.431066+00:00
3149,TXN-202608-003149,282,2026-08-10 00:00:00+00:00,completed,524.38,26.22,37.36,535.52,2026-08-10 00:00:00+00:00,2026-09-24 15:51:32.431066+00:00
3150,TXN-202606-003150,949,2026-06-17 00:00:00+00:00,pending,21563.14,0.00,1617.24,23180.38,2026-06-17 00:00:00+00:00,2026-09-24 15:51:32.431066+00:00
3151,TXN-202605-003151,126,2026-05-30 00:00:00+00:00,completed,1569.88,78.49,111.85,1603.24,2026-05-30 00:00:00+00:00,2026-09-24 15:51:32.431066+00:00
3152,TXN-202601-003152,663,2026-01-16 00:00:00+00:00,completed,828.68,0.00,62.15,890.83,2026-01-16 00:00:00+00:00,2026-09-24 15:51:32.431066+00:00
3153,TXN-202508-003153,972,2025-08-22 00:00:00+00:00,completed,24837.88,0.00,1862.84,26700.72,2025-08-22 00:00:00+00:00,2026-09-24 15:51:32.431066+00:00
3154,TXN-202607-003154,782,2026-07-26 00:00:00+00:00,pending,18958.46,0.00,1421.88,20380.34,2026-07-26 00:00:00+00:00,2026-09-24 15:51:32.431066+00:00
3155,TXN-202608-003155,756,2026-08-09 00:00:00+00:00,refunded,420.51,0.00,31.54,452.05,2026-08-09 00:00:00+00:00,2026-09-24 15:51:32.431066+00:00
3156,TXN-202601-003156,295,2026-01-24 00:00:00+00:00,completed,131.70,0.00,9.88,141.58,2026-01-24 00:00:00+00:00,2026-09-24 15:51:32.431066+00:00
3157,TXN-202607-003157,432,2026-07-22 00:00:00+00:00,completed,3964.11,0.00,297.31,4261.42,2026-07-22 00:00:00+00:00,2026-09-24 15:51:32.431066+00:00
3158,TXN-202509-003158,455,2025-09-25 00:00:00+00:00,completed,23902.39,1195.12,1703.05,24410.32,2025-09-25 00:00:00+00:00,2026-09-24 15:51:32.431066+00:00
3159,TXN-202607-003159,324,2026-07-08 00:00:00+00:00,completed,257.28,0.00,19.30,276.58,2026-07-08 00:00:00+00:00,2026-09-24 15:51:32.431066+00:00
3160,TXN-202608-003160,674,2026-08-08 00:00:00+00:00,completed,623.96,0.00,46.80,670.76,2026-08-08 00:00:00+00:00,2026-09-24 15:51:32.431066+00:00
3161,TXN-202605-003161,737,2026-05-25 00:00:00+00:00,completed,481.48,0.00,36.11,517.59,2026-05-25 00:00:00+00:00,2026-09-24 15:51:32.431066+00:00
3162,TXN-202604-003162,256,2026-04-16 00:00:00+00:00,completed,406.22,0.00,30.47,436.69,2026-04-16 00:00:00+00:00,2026-09-24 15:51:32.431066+00:00
3163,TXN-202511-003163,536,2025-11-28 00:00:00+00:00,completed,14934.26,746.71,1064.07,15251.62,2025-11-28 00:00:00+00:00,2026-09-24 15:51:32.431066+00:00
3164,TXN-202607-003164,158,2026-07-07 00:00:00+00:00,completed,12507.75,0.00,938.08,13445.83,2026-07-07 00:00:00+00:00,2026-09-24 15:51:32.431066+00:00
3165,TXN-202608-003165,973,2026-08-20 00:00:00+00:00,completed,585.56,0.00,43.92,629.48,2026-08-20 00:00:00+00:00,2026-09-24 15:51:32.431066+00:00
3166,TXN-202511-003166,121,2025-11-22 00:00:00+00:00,completed,57.72,0.00,4.33,62.05,2025-11-22 00:00:00+00:00,2026-09-24 15:51:32.431066+00:00
3167,TXN-202607-003167,112,2026-07-22 00:00:00+00:00,completed,208.11,0.00,15.61,223.72,2026-07-22 00:00:00+00:00,2026-09-24 15:51:32.431066+00:00
3168,TXN-202512-003168,244,2025-12-10 00:00:00+00:00,completed,93.42,0.00,7.01,100.43,2025-12-10 00:00:00+00:00,2026-09-24 15:51:32.431066+00:00
3169,TXN-202606-003169,784,2026-06-17 00:00:00+00:00,completed,418.25,0.00,31.37,449.62,2026-06-17 00:00:00+00:00,2026-09-24 15:51:32.431066+00:00
3170,TXN-202509-003170,9,2025-09-15 00:00:00+00:00,completed,13078.91,653.95,931.87,13356.83,2025-09-15 00:00:00+00:00,2026-09-24 15:51:32.431066+00:00
3171,TXN-202606-003171,30,2026-06-07 00:00:00+00:00,completed,581.82,0.00,43.64,625.46,2026-06-07 00:00:00+00:00,2026-09-24 15:51:32.431066+00:00
3172,TXN-202605-003172,814,2026-05-23 00:00:00+00:00,completed,138.77,0.00,10.41,149.18,2026-05-23 00:00:00+00:00,2026-09-24 15:51:32.431066+00:00
3173,TXN-202608-003173,620,2026-08-02 00:00:00+00:00,completed,144.13,0.00,10.81,154.94,2026-08-02 00:00:00+00:00,2026-09-24 15:51:32.431066+00:00
3174,TXN-202512-003174,748,2025-12-31 00:00:00+00:00,completed,345.13,0.00,25.88,371.01,2025-12-31 00:00:00+00:00,2026-09-24 15:51:32.431066+00:00
3175,TXN-202608-003175,627,2026-08-26 00:00:00+00:00,completed,22775.82,0.00,1708.19,24484.01,2026-08-26 00:00:00+00:00,2026-09-24 15:51:32.431066+00:00
3176,TXN-202602-003176,56,2026-02-02 00:00:00+00:00,completed,199.42,0.00,14.96,214.38,2026-02-02 00:00:00+00:00,2026-09-24 15:51:32.431066+00:00
3177,TXN-202602-003177,263,2026-02-04 00:00:00+00:00,completed,6981.28,0.00,523.60,7504.88,2026-02-04 00:00:00+00:00,2026-09-24 15:51:32.431066+00:00
3178,TXN-202608-003178,793,2026-08-24 00:00:00+00:00,completed,31790.93,0.00,2384.32,34175.25,2026-08-24 00:00:00+00:00,2026-09-24 15:51:32.431066+00:00
3179,TXN-202511-003179,805,2025-11-10 00:00:00+00:00,completed,7202.66,0.00,540.20,7742.86,2025-11-10 00:00:00+00:00,2026-09-24 15:51:32.431066+00:00
3180,TXN-202604-003180,71,2026-04-22 00:00:00+00:00,completed,40129.73,0.00,3009.73,43139.46,2026-04-22 00:00:00+00:00,2026-09-24 15:51:32.431066+00:00
3181,TXN-202510-003181,419,2025-10-13 00:00:00+00:00,completed,9113.22,0.00,683.49,9796.71,2025-10-13 00:00:00+00:00,2026-09-24 15:51:32.431066+00:00
3182,TXN-202601-003182,362,2026-01-04 00:00:00+00:00,completed,177.75,0.00,13.33,191.08,2026-01-04 00:00:00+00:00,2026-09-24 15:51:32.431066+00:00
3183,TXN-202607-003183,345,2026-07-12 00:00:00+00:00,completed,360.44,0.00,27.03,387.47,2026-07-12 00:00:00+00:00,2026-09-24 15:51:32.431066+00:00
3184,TXN-202603-003184,7,2026-03-10 00:00:00+00:00,completed,4747.44,0.00,356.06,5103.50,2026-03-10 00:00:00+00:00,2026-09-24 15:51:32.431066+00:00
3185,TXN-202605-003185,881,2026-05-25 00:00:00+00:00,completed,4712.92,0.00,353.47,5066.39,2026-05-25 00:00:00+00:00,2026-09-24 15:51:32.431066+00:00
3186,TXN-202605-003186,713,2026-05-30 00:00:00+00:00,completed,3855.31,0.00,289.15,4144.46,2026-05-30 00:00:00+00:00,2026-09-24 15:51:32.431066+00:00
3187,TXN-202608-003187,898,2026-08-01 00:00:00+00:00,completed,975.30,0.00,73.15,1048.45,2026-08-01 00:00:00+00:00,2026-09-24 15:51:32.431066+00:00
3188,TXN-202604-003188,467,2026-04-03 00:00:00+00:00,completed,493.86,24.69,35.19,504.36,2026-04-03 00:00:00+00:00,2026-09-24 15:51:32.431066+00:00
3189,TXN-202605-003189,51,2026-05-13 00:00:00+00:00,pending,6251.44,0.00,468.86,6720.30,2026-05-13 00:00:00+00:00,2026-09-24 15:51:32.431066+00:00
3190,TXN-202512-003190,250,2025-12-04 00:00:00+00:00,completed,4229.56,0.00,317.22,4546.78,2025-12-04 00:00:00+00:00,2026-09-24 15:51:32.431066+00:00
3191,TXN-202607-003191,271,2026-07-01 00:00:00+00:00,completed,341.65,17.08,24.34,348.91,2026-07-01 00:00:00+00:00,2026-09-24 15:51:32.431066+00:00
3192,TXN-202608-003192,570,2026-08-18 00:00:00+00:00,completed,71.82,0.00,5.39,77.21,2026-08-18 00:00:00+00:00,2026-09-24 15:51:32.431066+00:00
3193,TXN-202606-003193,705,2026-06-02 00:00:00+00:00,refunded,962.08,0.00,72.16,1034.24,2026-06-02 00:00:00+00:00,2026-09-24 15:51:32.431066+00:00
3194,TXN-202604-003194,730,2026-04-05 00:00:00+00:00,completed,140.70,0.00,10.55,151.25,2026-04-05 00:00:00+00:00,2026-09-24 15:51:32.431066+00:00
3195,TXN-202606-003195,417,2026-06-21 00:00:00+00:00,completed,913.98,0.00,68.55,982.53,2026-06-21 00:00:00+00:00,2026-09-24 15:51:32.431066+00:00
3196,TXN-202602-003196,145,2026-02-06 00:00:00+00:00,completed,1957.48,0.00,146.81,2104.29,2026-02-06 00:00:00+00:00,2026-09-24 15:51:32.431066+00:00
3197,TXN-202607-003197,436,2026-07-09 00:00:00+00:00,completed,740.92,0.00,55.57,796.49,2026-07-09 00:00:00+00:00,2026-09-24 15:51:32.431066+00:00
3198,TXN-202602-003198,391,2026-02-26 00:00:00+00:00,completed,367.16,0.00,27.54,394.70,2026-02-26 00:00:00+00:00,2026-09-24 15:51:32.431066+00:00
3199,TXN-202603-003199,675,2026-03-01 00:00:00+00:00,completed,70.79,0.00,5.31,76.10,2026-03-01 00:00:00+00:00,2026-09-24 15:51:32.431066+00:00
3200,TXN-202512-003200,969,2025-12-11 00:00:00+00:00,completed,671.24,0.00,50.34,721.58,2025-12-11 00:00:00+00:00,2026-09-24 15:51:32.431066+00:00
3201,TXN-202512-003201,789,2025-12-26 00:00:00+00:00,pending,2263.00,0.00,169.72,2432.72,2025-12-26 00:00:00+00:00,2026-09-24 15:51:32.431066+00:00
3202,TXN-202512-003202,956,2025-12-30 00:00:00+00:00,completed,5631.07,0.00,422.33,6053.40,2025-12-30 00:00:00+00:00,2026-09-24 15:51:32.431066+00:00
3203,TXN-202607-003203,589,2026-07-18 00:00:00+00:00,completed,5902.02,0.00,442.65,6344.67,2026-07-18 00:00:00+00:00,2026-09-24 15:51:32.431066+00:00
3204,TXN-202607-003204,89,2026-07-30 00:00:00+00:00,completed,337.37,0.00,25.30,362.67,2026-07-30 00:00:00+00:00,2026-09-24 15:51:32.431066+00:00
3205,TXN-202608-003205,527,2026-08-16 00:00:00+00:00,completed,6947.02,0.00,521.03,7468.05,2026-08-16 00:00:00+00:00,2026-09-24 15:51:32.431066+00:00
3206,TXN-202608-003206,334,2026-08-18 00:00:00+00:00,refunded,4861.90,0.00,364.64,5226.54,2026-08-18 00:00:00+00:00,2026-09-24 15:51:32.431066+00:00
3207,TXN-202602-003207,79,2026-02-24 00:00:00+00:00,completed,758.22,0.00,56.87,815.09,2026-02-24 00:00:00+00:00,2026-09-24 15:51:32.431066+00:00
3208,TXN-202606-003208,494,2026-06-22 00:00:00+00:00,completed,40836.33,0.00,3062.72,43899.05,2026-06-22 00:00:00+00:00,2026-09-24 15:51:32.431066+00:00
3209,TXN-202604-003209,744,2026-04-29 00:00:00+00:00,pending,4777.95,0.00,358.35,5136.30,2026-04-29 00:00:00+00:00,2026-09-24 15:51:32.431066+00:00
3210,TXN-202601-003210,668,2026-01-25 00:00:00+00:00,completed,7391.01,0.00,554.33,7945.34,2026-01-25 00:00:00+00:00,2026-09-24 15:51:32.431066+00:00
3211,TXN-202605-003211,128,2026-05-15 00:00:00+00:00,completed,2915.21,145.76,207.71,2977.16,2026-05-15 00:00:00+00:00,2026-09-24 15:51:32.431066+00:00
3212,TXN-202606-003212,654,2026-06-12 00:00:00+00:00,completed,134.82,0.00,10.11,144.93,2026-06-12 00:00:00+00:00,2026-09-24 15:51:32.431066+00:00
3213,TXN-202605-003213,853,2026-05-18 00:00:00+00:00,completed,65.56,0.00,4.92,70.48,2026-05-18 00:00:00+00:00,2026-09-24 15:51:32.431066+00:00
3214,TXN-202604-003214,476,2026-04-30 00:00:00+00:00,completed,829.41,0.00,62.21,891.62,2026-04-30 00:00:00+00:00,2026-09-24 15:51:32.431066+00:00
3215,TXN-202608-003215,813,2026-08-07 00:00:00+00:00,completed,42035.12,0.00,3152.63,45187.75,2026-08-07 00:00:00+00:00,2026-09-24 15:51:32.431066+00:00
3216,TXN-202512-003216,322,2025-12-02 00:00:00+00:00,completed,514.45,0.00,38.58,553.03,2025-12-02 00:00:00+00:00,2026-09-24 15:51:32.431066+00:00
3217,TXN-202607-003217,735,2026-07-10 00:00:00+00:00,completed,632.76,0.00,47.46,680.22,2026-07-10 00:00:00+00:00,2026-09-24 15:51:32.431066+00:00
3218,TXN-202511-003218,675,2025-11-30 00:00:00+00:00,completed,405.10,0.00,30.38,435.48,2025-11-30 00:00:00+00:00,2026-09-24 15:51:32.431066+00:00
3219,TXN-202510-003219,579,2025-10-26 00:00:00+00:00,completed,566.46,0.00,42.48,608.94,2025-10-26 00:00:00+00:00,2026-09-24 15:51:32.431066+00:00
3220,TXN-202607-003220,470,2026-07-07 00:00:00+00:00,completed,41919.04,2095.95,2986.73,42809.82,2026-07-07 00:00:00+00:00,2026-09-24 15:51:32.431066+00:00
3221,TXN-202509-003221,74,2025-09-22 00:00:00+00:00,completed,20730.20,0.00,1554.77,22284.97,2025-09-22 00:00:00+00:00,2026-09-24 15:51:32.431066+00:00
3222,TXN-202512-003222,340,2025-12-01 00:00:00+00:00,completed,972.47,0.00,72.94,1045.41,2025-12-01 00:00:00+00:00,2026-09-24 15:51:32.431066+00:00
3223,TXN-202601-003223,221,2026-01-01 00:00:00+00:00,completed,679.80,0.00,50.98,730.78,2026-01-01 00:00:00+00:00,2026-09-24 15:51:32.431066+00:00
3224,TXN-202608-003224,65,2026-08-16 00:00:00+00:00,completed,174.12,0.00,13.06,187.18,2026-08-16 00:00:00+00:00,2026-09-24 15:51:32.431066+00:00
3225,TXN-202605-003225,105,2026-05-25 00:00:00+00:00,completed,467.84,0.00,35.09,502.93,2026-05-25 00:00:00+00:00,2026-09-24 15:51:32.431066+00:00
3226,TXN-202512-003226,733,2025-12-23 00:00:00+00:00,completed,962.08,0.00,72.16,1034.24,2025-12-23 00:00:00+00:00,2026-09-24 15:51:32.431066+00:00
3227,TXN-202511-003227,196,2025-11-09 00:00:00+00:00,completed,375.67,0.00,28.18,403.85,2025-11-09 00:00:00+00:00,2026-09-24 15:51:32.431066+00:00
3228,TXN-202603-003228,765,2026-03-17 00:00:00+00:00,completed,54284.84,0.00,4071.36,58356.20,2026-03-17 00:00:00+00:00,2026-09-24 15:51:32.431066+00:00
3229,TXN-202607-003229,183,2026-07-08 00:00:00+00:00,completed,288.68,0.00,21.65,310.33,2026-07-08 00:00:00+00:00,2026-09-24 15:51:32.431066+00:00
3230,TXN-202604-003230,276,2026-04-29 00:00:00+00:00,completed,538.76,0.00,40.41,579.17,2026-04-29 00:00:00+00:00,2026-09-24 15:51:32.431066+00:00
3231,TXN-202608-003231,898,2026-08-27 00:00:00+00:00,completed,422.70,0.00,31.70,454.40,2026-08-27 00:00:00+00:00,2026-09-24 15:51:32.431066+00:00
3232,TXN-202512-003232,991,2025-12-11 00:00:00+00:00,completed,111.70,0.00,8.38,120.08,2025-12-11 00:00:00+00:00,2026-09-24 15:51:32.431066+00:00
3233,TXN-202607-003233,15,2026-07-12 00:00:00+00:00,completed,12902.32,0.00,967.67,13869.99,2026-07-12 00:00:00+00:00,2026-09-24 15:51:32.431066+00:00
3234,TXN-202608-003234,684,2026-08-01 00:00:00+00:00,completed,34200.73,0.00,2565.05,36765.78,2026-08-01 00:00:00+00:00,2026-09-24 15:51:32.431066+00:00
3235,TXN-202605-003235,517,2026-05-13 00:00:00+00:00,completed,50884.14,0.00,3816.31,54700.45,2026-05-13 00:00:00+00:00,2026-09-24 15:51:32.431066+00:00
3236,TXN-202506-003236,206,2025-06-18 00:00:00+00:00,cancelled,481.04,0.00,36.08,517.12,2025-06-18 00:00:00+00:00,2026-09-24 15:51:32.431066+00:00
3237,TXN-202603-003237,792,2026-03-11 00:00:00+00:00,pending,407.27,0.00,30.55,437.82,2026-03-11 00:00:00+00:00,2026-09-24 15:51:32.431066+00:00
3238,TXN-202606-003238,889,2026-06-25 00:00:00+00:00,completed,518.55,0.00,38.89,557.44,2026-06-25 00:00:00+00:00,2026-09-24 15:51:32.431066+00:00
3239,TXN-202605-003239,354,2026-05-14 00:00:00+00:00,completed,20868.14,0.00,1565.11,22433.25,2026-05-14 00:00:00+00:00,2026-09-24 15:51:32.431066+00:00
3240,TXN-202606-003240,82,2026-06-30 00:00:00+00:00,completed,13993.91,0.00,1049.54,15043.45,2026-06-30 00:00:00+00:00,2026-09-24 15:51:32.431066+00:00
3241,TXN-202606-003241,183,2026-06-03 00:00:00+00:00,completed,210.69,0.00,15.80,226.49,2026-06-03 00:00:00+00:00,2026-09-24 15:51:32.431066+00:00
3242,TXN-202609-003242,142,2026-09-24 00:00:00+00:00,completed,424.38,0.00,31.83,456.21,2026-09-24 00:00:00+00:00,2026-09-24 15:51:32.431066+00:00
3243,TXN-202512-003243,583,2025-12-22 00:00:00+00:00,completed,296.81,0.00,22.26,319.07,2025-12-22 00:00:00+00:00,2026-09-24 15:51:32.431066+00:00
3244,TXN-202507-003244,164,2025-07-31 00:00:00+00:00,completed,936.30,0.00,70.22,1006.52,2025-07-31 00:00:00+00:00,2026-09-24 15:51:32.431066+00:00
3245,TXN-202604-003245,367,2026-04-08 00:00:00+00:00,completed,117.80,0.00,8.83,126.63,2026-04-08 00:00:00+00:00,2026-09-24 15:51:32.431066+00:00
3246,TXN-202608-003246,687,2026-08-17 00:00:00+00:00,completed,972.16,0.00,72.91,1045.07,2026-08-17 00:00:00+00:00,2026-09-24 15:51:32.431066+00:00
3247,TXN-202601-003247,944,2026-01-01 00:00:00+00:00,completed,4151.05,0.00,311.33,4462.38,2026-01-01 00:00:00+00:00,2026-09-24 15:51:32.431066+00:00
3248,TXN-202603-003248,8,2026-03-08 00:00:00+00:00,completed,130.86,0.00,9.81,140.67,2026-03-08 00:00:00+00:00,2026-09-24 15:51:32.431066+00:00
3249,TXN-202603-003249,72,2026-03-30 00:00:00+00:00,completed,910.20,0.00,68.27,978.47,2026-03-30 00:00:00+00:00,2026-09-24 15:51:32.431066+00:00
3250,TXN-202609-003250,19,2026-09-14 00:00:00+00:00,completed,176.70,0.00,13.25,189.95,2026-09-14 00:00:00+00:00,2026-09-24 15:51:32.431066+00:00
3251,TXN-202607-003251,78,2026-07-25 00:00:00+00:00,completed,836.53,0.00,62.74,899.27,2026-07-25 00:00:00+00:00,2026-09-24 15:51:32.431066+00:00
3252,TXN-202511-003252,173,2025-11-05 00:00:00+00:00,completed,3472.35,0.00,260.43,3732.78,2025-11-05 00:00:00+00:00,2026-09-24 15:51:32.431066+00:00
3253,TXN-202606-003253,734,2026-06-29 00:00:00+00:00,cancelled,804.65,0.00,60.35,865.00,2026-06-29 00:00:00+00:00,2026-09-24 15:51:32.431066+00:00
3254,TXN-202605-003254,227,2026-05-29 00:00:00+00:00,completed,1461.89,0.00,109.64,1571.53,2026-05-29 00:00:00+00:00,2026-09-24 15:51:32.431066+00:00
3255,TXN-202609-003255,968,2026-09-05 00:00:00+00:00,completed,3145.28,0.00,235.90,3381.18,2026-09-05 00:00:00+00:00,2026-09-24 15:51:32.431066+00:00
3256,TXN-202604-003256,650,2026-04-06 00:00:00+00:00,refunded,649.40,0.00,48.70,698.10,2026-04-06 00:00:00+00:00,2026-09-24 15:51:32.431066+00:00
3257,TXN-202601-003257,644,2026-01-13 00:00:00+00:00,completed,67.45,0.00,5.06,72.51,2026-01-13 00:00:00+00:00,2026-09-24 15:51:32.431066+00:00
3258,TXN-202512-003258,970,2025-12-26 00:00:00+00:00,completed,326.76,0.00,24.51,351.27,2025-12-26 00:00:00+00:00,2026-09-24 15:51:32.431066+00:00
3259,TXN-202511-003259,491,2025-11-17 00:00:00+00:00,completed,639.26,0.00,47.94,687.20,2025-11-17 00:00:00+00:00,2026-09-24 15:51:32.431066+00:00
3260,TXN-202607-003260,575,2026-07-31 00:00:00+00:00,refunded,96.97,0.00,7.27,104.24,2026-07-31 00:00:00+00:00,2026-09-24 15:51:32.431066+00:00
3261,TXN-202607-003261,683,2026-07-09 00:00:00+00:00,completed,837.78,0.00,62.83,900.61,2026-07-09 00:00:00+00:00,2026-09-24 15:51:32.431066+00:00
3262,TXN-202511-003262,974,2025-11-29 00:00:00+00:00,completed,561.37,0.00,42.10,603.47,2025-11-29 00:00:00+00:00,2026-09-24 15:51:32.431066+00:00
3263,TXN-202607-003263,189,2026-07-28 00:00:00+00:00,completed,1765.28,88.26,125.78,1802.80,2026-07-28 00:00:00+00:00,2026-09-24 15:51:32.431066+00:00
3264,TXN-202509-003264,630,2025-09-20 00:00:00+00:00,completed,715.88,0.00,53.69,769.57,2025-09-20 00:00:00+00:00,2026-09-24 15:51:32.431066+00:00
3265,TXN-202609-003265,561,2026-09-13 00:00:00+00:00,completed,240.52,0.00,18.04,258.56,2026-09-13 00:00:00+00:00,2026-09-24 15:51:32.431066+00:00
3266,TXN-202609-003266,228,2026-09-20 00:00:00+00:00,completed,532.00,26.60,37.90,543.30,2026-09-20 00:00:00+00:00,2026-09-24 15:51:32.431066+00:00
3267,TXN-202608-003267,143,2026-08-15 00:00:00+00:00,completed,2462.94,0.00,184.72,2647.66,2026-08-15 00:00:00+00:00,2026-09-24 15:51:32.431066+00:00
3268,TXN-202604-003268,210,2026-04-23 00:00:00+00:00,completed,559.91,0.00,41.99,601.90,2026-04-23 00:00:00+00:00,2026-09-24 15:51:32.431066+00:00
3269,TXN-202512-003269,635,2025-12-09 00:00:00+00:00,completed,580.38,0.00,43.53,623.91,2025-12-09 00:00:00+00:00,2026-09-24 15:51:32.431066+00:00
3270,TXN-202602-003270,732,2026-02-07 00:00:00+00:00,completed,1438.00,0.00,107.85,1545.85,2026-02-07 00:00:00+00:00,2026-09-24 15:51:32.431066+00:00
3271,TXN-202606-003271,522,2026-06-12 00:00:00+00:00,completed,26341.45,0.00,1975.61,28317.06,2026-06-12 00:00:00+00:00,2026-09-24 15:51:32.431066+00:00
3272,TXN-202607-003272,65,2026-07-11 00:00:00+00:00,cancelled,167.64,0.00,12.57,180.21,2026-07-11 00:00:00+00:00,2026-09-24 15:51:32.431066+00:00
3273,TXN-202602-003273,920,2026-02-16 00:00:00+00:00,completed,813.56,40.68,57.97,830.85,2026-02-16 00:00:00+00:00,2026-09-24 15:51:32.431066+00:00
3274,TXN-202601-003274,2,2026-01-12 00:00:00+00:00,completed,713.10,0.00,53.48,766.58,2026-01-12 00:00:00+00:00,2026-09-24 15:51:32.431066+00:00
3275,TXN-202512-003275,7,2025-12-14 00:00:00+00:00,refunded,4137.46,0.00,310.31,4447.77,2025-12-14 00:00:00+00:00,2026-09-24 15:51:32.431066+00:00
3276,TXN-202603-003276,829,2026-03-07 00:00:00+00:00,completed,24.75,0.00,1.86,26.61,2026-03-07 00:00:00+00:00,2026-09-24 15:51:32.431066+00:00
3277,TXN-202609-003277,913,2026-09-03 00:00:00+00:00,pending,101.67,0.00,7.63,109.30,2026-09-03 00:00:00+00:00,2026-09-24 15:51:32.431066+00:00
3278,TXN-202605-003278,754,2026-05-12 00:00:00+00:00,completed,1543.62,0.00,115.77,1659.39,2026-05-12 00:00:00+00:00,2026-09-24 15:51:32.431066+00:00
3279,TXN-202512-003279,335,2025-12-24 00:00:00+00:00,completed,818.90,0.00,61.42,880.32,2025-12-24 00:00:00+00:00,2026-09-24 15:51:32.431066+00:00
3280,TXN-202605-003280,285,2026-05-12 00:00:00+00:00,completed,169.97,0.00,12.75,182.72,2026-05-12 00:00:00+00:00,2026-09-24 15:51:32.431066+00:00
3281,TXN-202609-003281,665,2026-09-09 00:00:00+00:00,completed,1831.39,0.00,137.35,1968.74,2026-09-09 00:00:00+00:00,2026-09-24 15:51:32.431066+00:00
3282,TXN-202606-003282,135,2026-06-25 00:00:00+00:00,completed,1091.93,0.00,81.89,1173.82,2026-06-25 00:00:00+00:00,2026-09-24 15:51:32.431066+00:00
3283,TXN-202601-003283,234,2026-01-19 00:00:00+00:00,completed,38980.52,0.00,2923.54,41904.06,2026-01-19 00:00:00+00:00,2026-09-24 15:51:32.431066+00:00
3284,TXN-202609-003284,47,2026-09-07 00:00:00+00:00,completed,4039.53,0.00,302.96,4342.49,2026-09-07 00:00:00+00:00,2026-09-24 15:51:32.431066+00:00
3285,TXN-202602-003285,714,2026-02-28 00:00:00+00:00,completed,401.60,20.08,28.61,410.13,2026-02-28 00:00:00+00:00,2026-09-24 15:51:32.431066+00:00
3286,TXN-202608-003286,317,2026-08-08 00:00:00+00:00,completed,453.67,0.00,34.03,487.70,2026-08-08 00:00:00+00:00,2026-09-24 15:51:32.431066+00:00
3287,TXN-202604-003287,748,2026-04-20 00:00:00+00:00,completed,1023.34,0.00,76.75,1100.09,2026-04-20 00:00:00+00:00,2026-09-24 15:51:32.431066+00:00
3288,TXN-202603-003288,399,2026-03-26 00:00:00+00:00,completed,7158.59,0.00,536.89,7695.48,2026-03-26 00:00:00+00:00,2026-09-24 15:51:32.431066+00:00
3289,TXN-202607-003289,876,2026-07-27 00:00:00+00:00,completed,116.94,0.00,8.77,125.71,2026-07-27 00:00:00+00:00,2026-09-24 15:51:32.431066+00:00
3290,TXN-202607-003290,588,2026-07-21 00:00:00+00:00,completed,3048.20,0.00,228.61,3276.81,2026-07-21 00:00:00+00:00,2026-09-24 15:51:32.431066+00:00
3291,TXN-202607-003291,85,2026-07-12 00:00:00+00:00,completed,25671.03,0.00,1925.33,27596.36,2026-07-12 00:00:00+00:00,2026-09-24 15:51:32.431066+00:00
3292,TXN-202601-003292,450,2026-01-08 00:00:00+00:00,completed,16214.44,0.00,1216.08,17430.52,2026-01-08 00:00:00+00:00,2026-09-24 15:51:32.431066+00:00
3293,TXN-202608-003293,827,2026-08-21 00:00:00+00:00,completed,640.24,0.00,48.02,688.26,2026-08-21 00:00:00+00:00,2026-09-24 15:51:32.431066+00:00
3294,TXN-202609-003294,163,2026-09-04 00:00:00+00:00,completed,19693.14,0.00,1476.99,21170.13,2026-09-04 00:00:00+00:00,2026-09-24 15:51:32.431066+00:00
3295,TXN-202608-003295,346,2026-08-05 00:00:00+00:00,completed,21848.94,1092.45,1556.74,22313.23,2026-08-05 00:00:00+00:00,2026-09-24 15:51:32.431066+00:00
3296,TXN-202609-003296,868,2026-09-12 00:00:00+00:00,completed,55.75,0.00,4.18,59.93,2026-09-12 00:00:00+00:00,2026-09-24 15:51:32.431066+00:00
3297,TXN-202608-003297,517,2026-08-31 00:00:00+00:00,completed,24771.71,0.00,1857.88,26629.59,2026-08-31 00:00:00+00:00,2026-09-24 15:51:32.431066+00:00
3298,TXN-202601-003298,49,2026-01-05 00:00:00+00:00,completed,3647.20,0.00,273.54,3920.74,2026-01-05 00:00:00+00:00,2026-09-24 15:51:32.431066+00:00
3299,TXN-202609-003299,152,2026-09-18 00:00:00+00:00,completed,386.19,0.00,28.96,415.15,2026-09-18 00:00:00+00:00,2026-09-24 15:51:32.431066+00:00
3300,TXN-202605-003300,617,2026-05-20 00:00:00+00:00,completed,496.01,0.00,37.20,533.21,2026-05-20 00:00:00+00:00,2026-09-24 15:51:32.431066+00:00
3301,TXN-202512-003301,274,2025-12-05 00:00:00+00:00,completed,1049.80,0.00,78.73,1128.53,2025-12-05 00:00:00+00:00,2026-09-24 15:51:32.431066+00:00
3302,TXN-202509-003302,487,2025-09-03 00:00:00+00:00,completed,395.95,0.00,29.70,425.65,2025-09-03 00:00:00+00:00,2026-09-24 15:51:32.431066+00:00
3303,TXN-202606-003303,279,2026-06-11 00:00:00+00:00,completed,38894.20,0.00,2917.06,41811.26,2026-06-11 00:00:00+00:00,2026-09-24 15:51:32.431066+00:00
3304,TXN-202606-003304,843,2026-06-19 00:00:00+00:00,completed,2878.52,0.00,215.89,3094.41,2026-06-19 00:00:00+00:00,2026-09-24 15:51:32.431066+00:00
3305,TXN-202511-003305,944,2025-11-28 00:00:00+00:00,completed,3280.84,0.00,246.06,3526.90,2025-11-28 00:00:00+00:00,2026-09-24 15:51:32.431066+00:00
3306,TXN-202606-003306,809,2026-06-04 00:00:00+00:00,completed,907.90,0.00,68.09,975.99,2026-06-04 00:00:00+00:00,2026-09-24 15:51:32.431066+00:00
3307,TXN-202608-003307,546,2026-08-31 00:00:00+00:00,completed,192.08,0.00,14.41,206.49,2026-08-31 00:00:00+00:00,2026-09-24 15:51:32.431066+00:00
3308,TXN-202511-003308,494,2025-11-22 00:00:00+00:00,completed,40860.87,0.00,3064.57,43925.44,2025-11-22 00:00:00+00:00,2026-09-24 15:51:32.431066+00:00
3309,TXN-202609-003309,636,2026-09-11 00:00:00+00:00,completed,14126.00,0.00,1059.45,15185.45,2026-09-11 00:00:00+00:00,2026-09-24 15:51:32.431066+00:00
3310,TXN-202605-003310,710,2026-05-09 00:00:00+00:00,completed,1286.60,0.00,96.49,1383.09,2026-05-09 00:00:00+00:00,2026-09-24 15:51:32.431066+00:00
3311,TXN-202607-003311,24,2026-07-15 00:00:00+00:00,completed,1664.63,83.23,118.61,1700.01,2026-07-15 00:00:00+00:00,2026-09-24 15:51:32.431066+00:00
3312,TXN-202606-003312,745,2026-06-26 00:00:00+00:00,completed,1455.41,0.00,109.16,1564.57,2026-06-26 00:00:00+00:00,2026-09-24 15:51:32.431066+00:00
3313,TXN-202601-003313,329,2026-01-26 00:00:00+00:00,completed,19.32,0.00,1.45,20.77,2026-01-26 00:00:00+00:00,2026-09-24 15:51:32.431066+00:00
3314,TXN-202607-003314,966,2026-07-27 00:00:00+00:00,completed,170.54,0.00,12.79,183.33,2026-07-27 00:00:00+00:00,2026-09-24 15:51:32.431066+00:00
3315,TXN-202602-003315,494,2026-02-01 00:00:00+00:00,completed,25187.73,0.00,1889.08,27076.81,2026-02-01 00:00:00+00:00,2026-09-24 15:51:32.431066+00:00
3316,TXN-202607-003316,693,2026-07-31 00:00:00+00:00,completed,30387.64,0.00,2279.07,32666.71,2026-07-31 00:00:00+00:00,2026-09-24 15:51:32.431066+00:00
3317,TXN-202608-003317,493,2026-08-05 00:00:00+00:00,completed,11929.77,0.00,894.73,12824.50,2026-08-05 00:00:00+00:00,2026-09-24 15:51:32.431066+00:00
3318,TXN-202609-003318,675,2026-09-02 00:00:00+00:00,cancelled,33.00,0.00,2.48,35.48,2026-09-02 00:00:00+00:00,2026-09-24 15:51:32.431066+00:00
3319,TXN-202606-003319,978,2026-06-23 00:00:00+00:00,completed,723.52,0.00,54.26,777.78,2026-06-23 00:00:00+00:00,2026-09-24 15:51:32.431066+00:00
3320,TXN-202509-003320,10,2025-09-05 00:00:00+00:00,completed,1156.35,0.00,86.73,1243.08,2025-09-05 00:00:00+00:00,2026-09-24 15:51:32.431066+00:00
3321,TXN-202601-003321,415,2026-01-26 00:00:00+00:00,completed,2392.46,0.00,179.43,2571.89,2026-01-26 00:00:00+00:00,2026-09-24 15:51:32.431066+00:00
3322,TXN-202605-003322,862,2026-05-26 00:00:00+00:00,completed,1667.31,0.00,125.05,1792.36,2026-05-26 00:00:00+00:00,2026-09-24 15:51:32.431066+00:00
3323,TXN-202608-003323,803,2026-08-11 00:00:00+00:00,completed,19703.63,0.00,1477.77,21181.40,2026-08-11 00:00:00+00:00,2026-09-24 15:51:32.431066+00:00
3324,TXN-202603-003324,137,2026-03-23 00:00:00+00:00,completed,2836.64,0.00,212.75,3049.39,2026-03-23 00:00:00+00:00,2026-09-24 15:51:32.431066+00:00
3325,TXN-202510-003325,734,2025-10-31 00:00:00+00:00,completed,370.20,0.00,27.76,397.96,2025-10-31 00:00:00+00:00,2026-09-24 15:51:32.431066+00:00
3326,TXN-202609-003326,836,2026-09-02 00:00:00+00:00,completed,57551.07,0.00,4316.33,61867.40,2026-09-02 00:00:00+00:00,2026-09-24 15:51:32.431066+00:00
3327,TXN-202608-003327,833,2026-08-15 00:00:00+00:00,completed,606.43,0.00,45.48,651.91,2026-08-15 00:00:00+00:00,2026-09-24 15:51:32.431066+00:00
3328,TXN-202601-003328,195,2026-01-26 00:00:00+00:00,completed,602.40,0.00,45.18,647.58,2026-01-26 00:00:00+00:00,2026-09-24 15:51:32.431066+00:00
3329,TXN-202607-003329,630,2026-07-02 00:00:00+00:00,completed,14.64,0.00,1.10,15.74,2026-07-02 00:00:00+00:00,2026-09-24 15:51:32.431066+00:00
3330,TXN-202512-003330,204,2025-12-21 00:00:00+00:00,completed,1560.16,0.00,117.01,1677.17,2025-12-21 00:00:00+00:00,2026-09-24 15:51:32.431066+00:00
3331,TXN-202605-003331,918,2026-05-29 00:00:00+00:00,completed,5549.70,0.00,416.23,5965.93,2026-05-29 00:00:00+00:00,2026-09-24 15:51:32.431066+00:00
3332,TXN-202512-003332,816,2025-12-30 00:00:00+00:00,completed,688.82,0.00,51.66,740.48,2025-12-30 00:00:00+00:00,2026-09-24 15:51:32.431066+00:00
3333,TXN-202512-003333,142,2025-12-25 00:00:00+00:00,completed,481.04,0.00,36.08,517.12,2025-12-25 00:00:00+00:00,2026-09-24 15:51:32.431066+00:00
3334,TXN-202606-003334,81,2026-06-21 00:00:00+00:00,refunded,12964.73,0.00,972.35,13937.08,2026-06-21 00:00:00+00:00,2026-09-24 15:51:32.431066+00:00
3335,TXN-202510-003335,442,2025-10-30 00:00:00+00:00,refunded,208.98,0.00,15.67,224.65,2025-10-30 00:00:00+00:00,2026-09-24 15:51:32.431066+00:00
3336,TXN-202606-003336,902,2026-06-28 00:00:00+00:00,completed,1004.43,0.00,75.33,1079.76,2026-06-28 00:00:00+00:00,2026-09-24 15:51:32.431066+00:00
3337,TXN-202510-003337,831,2025-10-02 00:00:00+00:00,completed,275.19,0.00,20.64,295.83,2025-10-02 00:00:00+00:00,2026-09-24 15:51:32.431066+00:00
3338,TXN-202603-003338,285,2026-03-25 00:00:00+00:00,pending,657.58,0.00,49.32,706.90,2026-03-25 00:00:00+00:00,2026-09-24 15:51:32.431066+00:00
3339,TXN-202608-003339,965,2026-08-18 00:00:00+00:00,completed,1030.72,0.00,77.30,1108.02,2026-08-18 00:00:00+00:00,2026-09-24 15:51:32.431066+00:00
3340,TXN-202608-003340,338,2026-08-06 00:00:00+00:00,completed,1791.16,0.00,134.34,1925.50,2026-08-06 00:00:00+00:00,2026-09-24 15:51:32.431066+00:00
3341,TXN-202605-003341,352,2026-05-29 00:00:00+00:00,completed,48545.69,0.00,3640.93,52186.62,2026-05-29 00:00:00+00:00,2026-09-24 15:51:32.431066+00:00
3342,TXN-202606-003342,13,2026-06-07 00:00:00+00:00,completed,458.82,0.00,34.41,493.23,2026-06-07 00:00:00+00:00,2026-09-24 15:51:32.431066+00:00
3343,TXN-202604-003343,823,2026-04-17 00:00:00+00:00,completed,602.49,30.12,42.93,615.30,2026-04-17 00:00:00+00:00,2026-09-24 15:51:32.431066+00:00
3344,TXN-202604-003344,800,2026-04-29 00:00:00+00:00,completed,415.23,0.00,31.14,446.37,2026-04-29 00:00:00+00:00,2026-09-24 15:51:32.431066+00:00
3345,TXN-202608-003345,388,2026-08-11 00:00:00+00:00,completed,317.85,0.00,23.84,341.69,2026-08-11 00:00:00+00:00,2026-09-24 15:51:32.431066+00:00
3346,TXN-202603-003346,226,2026-03-26 00:00:00+00:00,completed,50.71,0.00,3.80,54.51,2026-03-26 00:00:00+00:00,2026-09-24 15:51:32.431066+00:00
3347,TXN-202606-003347,883,2026-06-03 00:00:00+00:00,completed,624.77,0.00,46.86,671.63,2026-06-03 00:00:00+00:00,2026-09-24 15:51:32.431066+00:00
3348,TXN-202605-003348,44,2026-05-02 00:00:00+00:00,completed,186.75,0.00,14.01,200.76,2026-05-02 00:00:00+00:00,2026-09-24 15:51:32.431066+00:00
3349,TXN-202606-003349,120,2026-06-23 00:00:00+00:00,completed,10339.43,0.00,775.46,11114.89,2026-06-23 00:00:00+00:00,2026-09-24 15:51:32.431066+00:00
3350,TXN-202605-003350,413,2026-05-01 00:00:00+00:00,completed,9139.53,0.00,685.46,9824.99,2026-05-01 00:00:00+00:00,2026-09-24 15:51:32.431066+00:00
3351,TXN-202509-003351,349,2025-09-25 00:00:00+00:00,completed,12005.39,0.00,900.40,12905.79,2025-09-25 00:00:00+00:00,2026-09-24 15:51:32.431066+00:00
3352,TXN-202608-003352,282,2026-08-14 00:00:00+00:00,completed,943.15,0.00,70.74,1013.89,2026-08-14 00:00:00+00:00,2026-09-24 15:51:32.431066+00:00
3353,TXN-202608-003353,407,2026-08-26 00:00:00+00:00,completed,723.54,36.18,51.55,738.91,2026-08-26 00:00:00+00:00,2026-09-24 15:51:32.431066+00:00
3354,TXN-202604-003354,926,2026-04-15 00:00:00+00:00,completed,123.60,0.00,9.27,132.87,2026-04-15 00:00:00+00:00,2026-09-24 15:51:32.431066+00:00
3355,TXN-202603-003355,832,2026-03-31 00:00:00+00:00,completed,15610.41,780.52,1112.24,15942.13,2026-03-31 00:00:00+00:00,2026-09-24 15:51:32.431066+00:00
3356,TXN-202601-003356,122,2026-01-29 00:00:00+00:00,completed,55.12,2.76,3.93,56.29,2026-01-29 00:00:00+00:00,2026-09-24 15:51:32.431066+00:00
3357,TXN-202606-003357,52,2026-06-08 00:00:00+00:00,completed,554.47,0.00,41.59,596.06,2026-06-08 00:00:00+00:00,2026-09-24 15:51:32.431066+00:00
3358,TXN-202608-003358,221,2026-08-31 00:00:00+00:00,completed,151.72,0.00,11.38,163.10,2026-08-31 00:00:00+00:00,2026-09-24 15:51:32.431066+00:00
3359,TXN-202608-003359,89,2026-08-09 00:00:00+00:00,completed,221.91,0.00,16.64,238.55,2026-08-09 00:00:00+00:00,2026-09-24 15:51:32.431066+00:00
3360,TXN-202511-003360,707,2025-11-15 00:00:00+00:00,completed,3092.83,0.00,231.96,3324.79,2025-11-15 00:00:00+00:00,2026-09-24 15:51:32.431066+00:00
3361,TXN-202607-003361,398,2026-07-01 00:00:00+00:00,completed,3134.28,0.00,235.07,3369.35,2026-07-01 00:00:00+00:00,2026-09-24 15:51:32.431066+00:00
3362,TXN-202604-003362,631,2026-04-15 00:00:00+00:00,completed,1839.67,91.98,131.08,1878.77,2026-04-15 00:00:00+00:00,2026-09-24 15:51:32.431066+00:00
3363,TXN-202508-003363,371,2025-08-15 00:00:00+00:00,completed,23994.53,0.00,1799.59,25794.12,2025-08-15 00:00:00+00:00,2026-09-24 15:51:32.431066+00:00
3364,TXN-202607-003364,841,2026-07-16 00:00:00+00:00,completed,492.46,0.00,36.93,529.39,2026-07-16 00:00:00+00:00,2026-09-24 15:51:32.431066+00:00
3365,TXN-202604-003365,493,2026-04-16 00:00:00+00:00,refunded,11055.71,0.00,829.18,11884.89,2026-04-16 00:00:00+00:00,2026-09-24 15:51:32.431066+00:00
3366,TXN-202510-003366,593,2025-10-05 00:00:00+00:00,completed,561.20,0.00,42.09,603.29,2025-10-05 00:00:00+00:00,2026-09-24 15:51:32.431066+00:00
3367,TXN-202602-003367,924,2026-02-09 00:00:00+00:00,completed,24694.99,0.00,1852.12,26547.11,2026-02-09 00:00:00+00:00,2026-09-24 15:51:32.431066+00:00
3368,TXN-202609-003368,239,2026-09-22 00:00:00+00:00,pending,15.54,0.00,1.17,16.71,2026-09-22 00:00:00+00:00,2026-09-24 15:51:32.431066+00:00
3369,TXN-202604-003369,959,2026-04-29 00:00:00+00:00,refunded,419.22,0.00,31.44,450.66,2026-04-29 00:00:00+00:00,2026-09-24 15:51:32.431066+00:00
3370,TXN-202609-003370,81,2026-09-23 00:00:00+00:00,completed,45192.90,0.00,3389.47,48582.37,2026-09-23 00:00:00+00:00,2026-09-24 15:51:32.431066+00:00
3371,TXN-202605-003371,279,2026-05-07 00:00:00+00:00,completed,6598.41,0.00,494.88,7093.29,2026-05-07 00:00:00+00:00,2026-09-24 15:51:32.431066+00:00
3372,TXN-202512-003372,19,2025-12-14 00:00:00+00:00,completed,87.08,0.00,6.53,93.61,2025-12-14 00:00:00+00:00,2026-09-24 15:51:32.431066+00:00
3373,TXN-202511-003373,572,2025-11-03 00:00:00+00:00,completed,988.67,0.00,74.15,1062.82,2025-11-03 00:00:00+00:00,2026-09-24 15:51:32.431066+00:00
3374,TXN-202603-003374,942,2026-03-02 00:00:00+00:00,completed,539.55,0.00,40.47,580.02,2026-03-02 00:00:00+00:00,2026-09-24 15:51:32.431066+00:00
3375,TXN-202607-003375,337,2026-07-03 00:00:00+00:00,completed,10866.01,0.00,814.95,11680.96,2026-07-03 00:00:00+00:00,2026-09-24 15:51:32.431066+00:00
3376,TXN-202606-003376,535,2026-06-21 00:00:00+00:00,completed,23477.79,0.00,1760.83,25238.62,2026-06-21 00:00:00+00:00,2026-09-24 15:51:32.431066+00:00
3377,TXN-202609-003377,865,2026-09-20 00:00:00+00:00,completed,2166.75,0.00,162.51,2329.26,2026-09-20 00:00:00+00:00,2026-09-24 15:51:32.431066+00:00
3378,TXN-202601-003378,680,2026-01-05 00:00:00+00:00,completed,254.78,0.00,19.11,273.89,2026-01-05 00:00:00+00:00,2026-09-24 15:51:32.431066+00:00
3379,TXN-202608-003379,750,2026-08-26 00:00:00+00:00,completed,61.04,0.00,4.58,65.62,2026-08-26 00:00:00+00:00,2026-09-24 15:51:32.431066+00:00
3380,TXN-202601-003380,580,2026-01-01 00:00:00+00:00,completed,11435.26,571.76,814.76,11678.26,2026-01-01 00:00:00+00:00,2026-09-24 15:51:32.431066+00:00
3381,TXN-202602-003381,839,2026-02-02 00:00:00+00:00,completed,312.34,0.00,23.43,335.77,2026-02-02 00:00:00+00:00,2026-09-24 15:51:32.431066+00:00
3382,TXN-202510-003382,139,2025-10-02 00:00:00+00:00,completed,128.32,0.00,9.62,137.94,2025-10-02 00:00:00+00:00,2026-09-24 15:51:32.431066+00:00
3383,TXN-202608-003383,819,2026-08-30 00:00:00+00:00,completed,28.86,0.00,2.16,31.02,2026-08-30 00:00:00+00:00,2026-09-24 15:51:32.431066+00:00
3384,TXN-202609-003384,342,2026-09-17 00:00:00+00:00,completed,15.67,0.00,1.18,16.85,2026-09-17 00:00:00+00:00,2026-09-24 15:51:32.431066+00:00
3385,TXN-202606-003385,450,2026-06-29 00:00:00+00:00,completed,14756.00,0.00,1106.70,15862.70,2026-06-29 00:00:00+00:00,2026-09-24 15:51:32.431066+00:00
3386,TXN-202602-003386,871,2026-02-15 00:00:00+00:00,completed,585.04,0.00,43.88,628.92,2026-02-15 00:00:00+00:00,2026-09-24 15:51:32.431066+00:00
3387,TXN-202604-003387,246,2026-04-11 00:00:00+00:00,completed,1122.04,0.00,84.15,1206.19,2026-04-11 00:00:00+00:00,2026-09-24 15:51:32.431066+00:00
3388,TXN-202604-003388,622,2026-04-05 00:00:00+00:00,completed,30841.68,0.00,2313.13,33154.81,2026-04-05 00:00:00+00:00,2026-09-24 15:51:32.431066+00:00
3389,TXN-202512-003389,888,2025-12-20 00:00:00+00:00,completed,7181.41,359.07,511.68,7334.02,2025-12-20 00:00:00+00:00,2026-09-24 15:51:32.431066+00:00
3390,TXN-202604-003390,941,2026-04-15 00:00:00+00:00,refunded,538.17,0.00,40.36,578.53,2026-04-15 00:00:00+00:00,2026-09-24 15:51:32.431066+00:00
3391,TXN-202511-003391,373,2025-11-25 00:00:00+00:00,completed,166.47,0.00,12.49,178.96,2025-11-25 00:00:00+00:00,2026-09-24 15:51:32.431066+00:00
3392,TXN-202604-003392,813,2026-04-07 00:00:00+00:00,completed,36332.14,0.00,2724.91,39057.05,2026-04-07 00:00:00+00:00,2026-09-24 15:51:32.431066+00:00
3393,TXN-202609-003393,21,2026-09-22 00:00:00+00:00,completed,117.16,0.00,8.79,125.95,2026-09-22 00:00:00+00:00,2026-09-24 15:51:32.431066+00:00
3394,TXN-202601-003394,867,2026-01-15 00:00:00+00:00,completed,913.87,0.00,68.54,982.41,2026-01-15 00:00:00+00:00,2026-09-24 15:51:32.431066+00:00
3395,TXN-202603-003395,940,2026-03-06 00:00:00+00:00,completed,3820.74,0.00,286.56,4107.30,2026-03-06 00:00:00+00:00,2026-09-24 15:51:32.431066+00:00
3396,TXN-202609-003396,653,2026-09-04 00:00:00+00:00,completed,100.07,0.00,7.51,107.58,2026-09-04 00:00:00+00:00,2026-09-24 15:51:32.431066+00:00
3397,TXN-202602-003397,107,2026-02-02 00:00:00+00:00,completed,367.36,0.00,27.55,394.91,2026-02-02 00:00:00+00:00,2026-09-24 15:51:32.431066+00:00
3398,TXN-202604-003398,590,2026-04-15 00:00:00+00:00,completed,298.62,0.00,22.40,321.02,2026-04-15 00:00:00+00:00,2026-09-24 15:51:32.431066+00:00
3399,TXN-202607-003399,226,2026-07-01 00:00:00+00:00,completed,128.97,0.00,9.67,138.64,2026-07-01 00:00:00+00:00,2026-09-24 15:51:32.431066+00:00
3400,TXN-202512-003400,932,2025-12-14 00:00:00+00:00,completed,1429.77,0.00,107.23,1537.00,2025-12-14 00:00:00+00:00,2026-09-24 15:51:32.431066+00:00
3401,TXN-202607-003401,672,2026-07-08 00:00:00+00:00,completed,7419.64,370.98,528.65,7577.31,2026-07-08 00:00:00+00:00,2026-09-24 15:51:32.431066+00:00
3402,TXN-202511-003402,88,2025-11-13 00:00:00+00:00,completed,11977.24,0.00,898.29,12875.53,2025-11-13 00:00:00+00:00,2026-09-24 15:51:32.431066+00:00
3403,TXN-202601-003403,472,2026-01-15 00:00:00+00:00,completed,4338.42,0.00,325.38,4663.80,2026-01-15 00:00:00+00:00,2026-09-24 15:51:32.431066+00:00
3404,TXN-202605-003404,545,2026-05-05 00:00:00+00:00,completed,466.11,0.00,34.96,501.07,2026-05-05 00:00:00+00:00,2026-09-24 15:51:32.431066+00:00
3405,TXN-202601-003405,613,2026-01-29 00:00:00+00:00,completed,471.04,0.00,35.33,506.37,2026-01-29 00:00:00+00:00,2026-09-24 15:51:32.431066+00:00
3406,TXN-202605-003406,928,2026-05-07 00:00:00+00:00,completed,303.78,0.00,22.78,326.56,2026-05-07 00:00:00+00:00,2026-09-24 15:51:32.431066+00:00
3407,TXN-202601-003407,349,2026-01-24 00:00:00+00:00,completed,2749.45,0.00,206.21,2955.66,2026-01-24 00:00:00+00:00,2026-09-24 15:51:32.431066+00:00
3408,TXN-202602-003408,714,2026-02-07 00:00:00+00:00,completed,1124.28,0.00,84.32,1208.60,2026-02-07 00:00:00+00:00,2026-09-24 15:51:32.431066+00:00
3409,TXN-202604-003409,708,2026-04-29 00:00:00+00:00,completed,948.90,0.00,71.17,1020.07,2026-04-29 00:00:00+00:00,2026-09-24 15:51:32.431066+00:00
3410,TXN-202606-003410,773,2026-06-06 00:00:00+00:00,completed,287.91,0.00,21.59,309.50,2026-06-06 00:00:00+00:00,2026-09-24 15:51:32.431066+00:00
3411,TXN-202608-003411,271,2026-08-09 00:00:00+00:00,completed,689.08,0.00,51.68,740.76,2026-08-09 00:00:00+00:00,2026-09-24 15:51:32.431066+00:00
3412,TXN-202602-003412,107,2026-02-09 00:00:00+00:00,completed,22.92,0.00,1.72,24.64,2026-02-09 00:00:00+00:00,2026-09-24 15:51:32.431066+00:00
3413,TXN-202606-003413,562,2026-06-03 00:00:00+00:00,completed,944.35,0.00,70.83,1015.18,2026-06-03 00:00:00+00:00,2026-09-24 15:51:32.431066+00:00
3414,TXN-202511-003414,746,2025-11-21 00:00:00+00:00,completed,825.75,0.00,61.93,887.68,2025-11-21 00:00:00+00:00,2026-09-24 15:51:32.431066+00:00
3415,TXN-202604-003415,133,2026-04-03 00:00:00+00:00,completed,87.78,0.00,6.58,94.36,2026-04-03 00:00:00+00:00,2026-09-24 15:51:32.431066+00:00
3416,TXN-202607-003416,354,2026-07-20 00:00:00+00:00,completed,5470.76,273.54,389.79,5587.01,2026-07-20 00:00:00+00:00,2026-09-24 15:51:32.431066+00:00
3417,TXN-202603-003417,936,2026-03-09 00:00:00+00:00,completed,135.74,0.00,10.18,145.92,2026-03-09 00:00:00+00:00,2026-09-24 15:51:32.431066+00:00
3418,TXN-202601-003418,809,2026-01-14 00:00:00+00:00,completed,274.92,0.00,20.62,295.54,2026-01-14 00:00:00+00:00,2026-09-24 15:51:32.431066+00:00
3419,TXN-202607-003419,239,2026-07-28 00:00:00+00:00,completed,269.14,13.46,19.18,274.86,2026-07-28 00:00:00+00:00,2026-09-24 15:51:32.431066+00:00
3420,TXN-202606-003420,576,2026-06-27 00:00:00+00:00,completed,1372.03,0.00,102.90,1474.93,2026-06-27 00:00:00+00:00,2026-09-24 15:51:32.431066+00:00
3421,TXN-202607-003421,427,2026-07-20 00:00:00+00:00,completed,301.48,0.00,22.61,324.09,2026-07-20 00:00:00+00:00,2026-09-24 15:51:32.431066+00:00
3422,TXN-202512-003422,597,2025-12-14 00:00:00+00:00,completed,633.26,0.00,47.49,680.75,2025-12-14 00:00:00+00:00,2026-09-24 15:51:32.431066+00:00
3423,TXN-202512-003423,821,2025-12-26 00:00:00+00:00,completed,208.59,0.00,15.64,224.23,2025-12-26 00:00:00+00:00,2026-09-24 15:51:32.431066+00:00
3424,TXN-202607-003424,779,2026-07-03 00:00:00+00:00,completed,28691.45,0.00,2151.86,30843.31,2026-07-03 00:00:00+00:00,2026-09-24 15:51:32.431066+00:00
3425,TXN-202608-003425,660,2026-08-16 00:00:00+00:00,completed,288.68,0.00,21.65,310.33,2026-08-16 00:00:00+00:00,2026-09-24 15:51:32.431066+00:00
3426,TXN-202510-003426,640,2025-10-21 00:00:00+00:00,completed,19760.35,0.00,1482.03,21242.38,2025-10-21 00:00:00+00:00,2026-09-24 15:51:32.431066+00:00
3427,TXN-202609-003427,113,2026-09-24 00:00:00+00:00,completed,240.52,12.03,17.14,245.63,2026-09-24 00:00:00+00:00,2026-09-24 15:51:32.431066+00:00
3428,TXN-202601-003428,879,2026-01-10 00:00:00+00:00,completed,906.71,0.00,68.00,974.71,2026-01-10 00:00:00+00:00,2026-09-24 15:51:32.431066+00:00
3429,TXN-202609-003429,239,2026-09-03 00:00:00+00:00,completed,411.14,0.00,30.84,441.98,2026-09-03 00:00:00+00:00,2026-09-24 15:51:32.431066+00:00
3430,TXN-202512-003430,783,2025-12-17 00:00:00+00:00,completed,35842.77,0.00,2688.21,38530.98,2025-12-17 00:00:00+00:00,2026-09-24 15:51:32.431066+00:00
3431,TXN-202604-003431,411,2026-04-24 00:00:00+00:00,completed,112.14,0.00,8.41,120.55,2026-04-24 00:00:00+00:00,2026-09-24 15:51:32.431066+00:00
3432,TXN-202604-003432,547,2026-04-22 00:00:00+00:00,completed,240.52,12.03,17.14,245.63,2026-04-22 00:00:00+00:00,2026-09-24 15:51:32.431066+00:00
3433,TXN-202604-003433,601,2026-04-09 00:00:00+00:00,completed,50172.38,2508.62,3574.78,51238.54,2026-04-09 00:00:00+00:00,2026-09-24 15:51:32.431066+00:00
3434,TXN-202603-003434,59,2026-03-03 00:00:00+00:00,completed,5193.87,0.00,389.54,5583.41,2026-03-03 00:00:00+00:00,2026-09-24 15:51:32.431066+00:00
3435,TXN-202512-003435,279,2025-12-12 00:00:00+00:00,completed,71377.07,0.00,5353.28,76730.35,2025-12-12 00:00:00+00:00,2026-09-24 15:51:32.431066+00:00
3436,TXN-202608-003436,644,2026-08-15 00:00:00+00:00,completed,167.82,0.00,12.59,180.41,2026-08-15 00:00:00+00:00,2026-09-24 15:51:32.431066+00:00
3437,TXN-202607-003437,335,2026-07-25 00:00:00+00:00,completed,1946.36,0.00,145.98,2092.34,2026-07-25 00:00:00+00:00,2026-09-24 15:51:32.431066+00:00
3438,TXN-202607-003438,98,2026-07-15 00:00:00+00:00,refunded,738.28,0.00,55.37,793.65,2026-07-15 00:00:00+00:00,2026-09-24 15:51:32.431066+00:00
3439,TXN-202605-003439,824,2026-05-02 00:00:00+00:00,completed,12195.42,0.00,914.66,13110.08,2026-05-02 00:00:00+00:00,2026-09-24 15:51:32.431066+00:00
3440,TXN-202604-003440,66,2026-04-13 00:00:00+00:00,completed,152.02,0.00,11.40,163.42,2026-04-13 00:00:00+00:00,2026-09-24 15:51:32.431066+00:00
3441,TXN-202604-003441,22,2026-04-19 00:00:00+00:00,completed,367.96,0.00,27.60,395.56,2026-04-19 00:00:00+00:00,2026-09-24 15:51:32.431066+00:00
3442,TXN-202609-003442,925,2026-09-02 00:00:00+00:00,completed,199.69,0.00,14.98,214.67,2026-09-02 00:00:00+00:00,2026-09-24 15:51:32.431066+00:00
3443,TXN-202605-003443,366,2026-05-23 00:00:00+00:00,completed,70.79,0.00,5.31,76.10,2026-05-23 00:00:00+00:00,2026-09-24 15:51:32.431066+00:00
3444,TXN-202509-003444,10,2025-09-23 00:00:00+00:00,completed,1289.96,0.00,96.75,1386.71,2025-09-23 00:00:00+00:00,2026-09-24 15:51:32.431066+00:00
3445,TXN-202512-003445,817,2025-12-20 00:00:00+00:00,completed,299.63,0.00,22.47,322.10,2025-12-20 00:00:00+00:00,2026-09-24 15:51:32.431066+00:00
3446,TXN-202602-003446,662,2026-02-28 00:00:00+00:00,completed,276.76,0.00,20.76,297.52,2026-02-28 00:00:00+00:00,2026-09-24 15:51:32.431066+00:00
3447,TXN-202604-003447,518,2026-04-16 00:00:00+00:00,completed,177.18,0.00,13.29,190.47,2026-04-16 00:00:00+00:00,2026-09-24 15:51:32.431066+00:00
3448,TXN-202602-003448,85,2026-02-21 00:00:00+00:00,completed,18690.38,0.00,1401.78,20092.16,2026-02-21 00:00:00+00:00,2026-09-24 15:51:32.431066+00:00
3449,TXN-202603-003449,736,2026-03-28 00:00:00+00:00,completed,536.91,0.00,40.27,577.18,2026-03-28 00:00:00+00:00,2026-09-24 15:51:32.431066+00:00
3450,TXN-202601-003450,871,2026-01-26 00:00:00+00:00,completed,1000.24,0.00,75.02,1075.26,2026-01-26 00:00:00+00:00,2026-09-24 15:51:32.431066+00:00
3451,TXN-202609-003451,841,2026-09-05 00:00:00+00:00,completed,1063.44,0.00,79.76,1143.20,2026-09-05 00:00:00+00:00,2026-09-24 15:51:32.431066+00:00
3452,TXN-202512-003452,49,2025-12-16 00:00:00+00:00,completed,9036.44,451.82,643.85,9228.47,2025-12-16 00:00:00+00:00,2026-09-24 15:51:32.431066+00:00
3453,TXN-202601-003453,891,2026-01-16 00:00:00+00:00,completed,929.28,0.00,69.70,998.98,2026-01-16 00:00:00+00:00,2026-09-24 15:51:32.431066+00:00
3454,TXN-202606-003454,560,2026-06-07 00:00:00+00:00,completed,1563.71,0.00,117.28,1680.99,2026-06-07 00:00:00+00:00,2026-09-24 15:51:32.431066+00:00
3455,TXN-202605-003455,755,2026-05-10 00:00:00+00:00,completed,7.77,0.00,0.58,8.35,2026-05-10 00:00:00+00:00,2026-09-24 15:51:32.431066+00:00
3456,TXN-202603-003456,45,2026-03-19 00:00:00+00:00,pending,414.76,0.00,31.11,445.87,2026-03-19 00:00:00+00:00,2026-09-24 15:51:32.431066+00:00
3457,TXN-202608-003457,830,2026-08-17 00:00:00+00:00,pending,481.04,0.00,36.08,517.12,2026-08-17 00:00:00+00:00,2026-09-24 15:51:32.431066+00:00
3458,TXN-202605-003458,133,2026-05-21 00:00:00+00:00,completed,504.50,0.00,37.84,542.34,2026-05-21 00:00:00+00:00,2026-09-24 15:51:32.431066+00:00
3459,TXN-202607-003459,638,2026-07-02 00:00:00+00:00,completed,632.76,0.00,47.46,680.22,2026-07-02 00:00:00+00:00,2026-09-24 15:51:32.431066+00:00
3460,TXN-202608-003460,813,2026-08-11 00:00:00+00:00,completed,23629.73,1181.49,1683.62,24131.86,2026-08-11 00:00:00+00:00,2026-09-24 15:51:32.431066+00:00
3461,TXN-202609-003461,628,2026-09-24 00:00:00+00:00,completed,900.51,0.00,67.54,968.05,2026-09-24 00:00:00+00:00,2026-09-24 15:51:32.431066+00:00
3462,TXN-202608-003462,548,2026-08-14 00:00:00+00:00,completed,388.16,0.00,29.11,417.27,2026-08-14 00:00:00+00:00,2026-09-24 15:51:32.431066+00:00
3463,TXN-202605-003463,139,2026-05-27 00:00:00+00:00,completed,1134.59,0.00,85.09,1219.68,2026-05-27 00:00:00+00:00,2026-09-24 15:51:32.431066+00:00
3464,TXN-202512-003464,888,2025-12-20 00:00:00+00:00,completed,5040.54,0.00,378.04,5418.58,2025-12-20 00:00:00+00:00,2026-09-24 15:51:32.431066+00:00
3465,TXN-202603-003465,103,2026-03-04 00:00:00+00:00,completed,91.89,0.00,6.89,98.78,2026-03-04 00:00:00+00:00,2026-09-24 15:51:32.431066+00:00
3466,TXN-202605-003466,465,2026-05-23 00:00:00+00:00,completed,137.44,0.00,10.31,147.75,2026-05-23 00:00:00+00:00,2026-09-24 15:51:32.431066+00:00
3467,TXN-202606-003467,219,2026-06-04 00:00:00+00:00,completed,399.06,0.00,29.93,428.99,2026-06-04 00:00:00+00:00,2026-09-24 15:51:32.431066+00:00
3468,TXN-202602-003468,635,2026-02-15 00:00:00+00:00,completed,431.07,0.00,32.33,463.40,2026-02-15 00:00:00+00:00,2026-09-24 15:51:32.431066+00:00
3469,TXN-202603-003469,96,2026-03-24 00:00:00+00:00,completed,954.71,0.00,71.60,1026.31,2026-03-24 00:00:00+00:00,2026-09-24 15:51:32.431066+00:00
3470,TXN-202602-003470,680,2026-02-14 00:00:00+00:00,completed,422.73,0.00,31.70,454.43,2026-02-14 00:00:00+00:00,2026-09-24 15:51:32.431066+00:00
3471,TXN-202511-003471,974,2025-11-23 00:00:00+00:00,completed,605.20,0.00,45.39,650.59,2025-11-23 00:00:00+00:00,2026-09-24 15:51:32.431066+00:00
3472,TXN-202605-003472,62,2026-05-24 00:00:00+00:00,completed,220.80,0.00,16.56,237.36,2026-05-24 00:00:00+00:00,2026-09-24 15:51:32.431066+00:00
3473,TXN-202604-003473,165,2026-04-02 00:00:00+00:00,completed,133.17,0.00,9.99,143.16,2026-04-02 00:00:00+00:00,2026-09-24 15:51:32.431066+00:00
3474,TXN-202608-003474,14,2026-08-05 00:00:00+00:00,completed,687.06,0.00,51.53,738.59,2026-08-05 00:00:00+00:00,2026-09-24 15:51:32.431066+00:00
3475,TXN-202605-003475,515,2026-05-13 00:00:00+00:00,completed,1316.16,0.00,98.71,1414.87,2026-05-13 00:00:00+00:00,2026-09-24 15:51:32.431066+00:00
3476,TXN-202605-003476,236,2026-05-23 00:00:00+00:00,completed,1398.65,0.00,104.90,1503.55,2026-05-23 00:00:00+00:00,2026-09-24 15:51:32.431066+00:00
3477,TXN-202605-003477,72,2026-05-19 00:00:00+00:00,completed,302.21,0.00,22.67,324.88,2026-05-19 00:00:00+00:00,2026-09-24 15:51:32.431066+00:00
3478,TXN-202608-003478,930,2026-08-23 00:00:00+00:00,completed,847.18,42.36,60.36,865.18,2026-08-23 00:00:00+00:00,2026-09-24 15:51:32.431066+00:00
3479,TXN-202608-003479,633,2026-08-03 00:00:00+00:00,completed,359.53,0.00,26.96,386.49,2026-08-03 00:00:00+00:00,2026-09-24 15:51:32.431066+00:00
3480,TXN-202609-003480,938,2026-09-10 00:00:00+00:00,completed,323.76,0.00,24.28,348.04,2026-09-10 00:00:00+00:00,2026-09-24 15:51:32.431066+00:00
3481,TXN-202508-003481,953,2025-08-14 00:00:00+00:00,completed,671.16,0.00,50.34,721.50,2025-08-14 00:00:00+00:00,2026-09-24 15:51:32.431066+00:00
3482,TXN-202607-003482,359,2026-07-15 00:00:00+00:00,completed,205.68,0.00,15.43,221.11,2026-07-15 00:00:00+00:00,2026-09-24 15:51:32.431066+00:00
3483,TXN-202608-003483,166,2026-08-14 00:00:00+00:00,completed,35298.35,0.00,2647.38,37945.73,2026-08-14 00:00:00+00:00,2026-09-24 15:51:32.431066+00:00
3484,TXN-202512-003484,635,2025-12-26 00:00:00+00:00,pending,652.67,0.00,48.95,701.62,2025-12-26 00:00:00+00:00,2026-09-24 15:51:32.431066+00:00
3485,TXN-202509-003485,167,2025-09-11 00:00:00+00:00,completed,1527.72,76.39,108.85,1560.18,2025-09-11 00:00:00+00:00,2026-09-24 15:51:32.431066+00:00
3486,TXN-202603-003486,947,2026-03-15 00:00:00+00:00,completed,77.72,0.00,5.83,83.55,2026-03-15 00:00:00+00:00,2026-09-24 15:51:32.431066+00:00
3487,TXN-202604-003487,574,2026-04-21 00:00:00+00:00,completed,318.51,0.00,23.89,342.40,2026-04-21 00:00:00+00:00,2026-09-24 15:51:32.431066+00:00
3488,TXN-202602-003488,695,2026-02-28 00:00:00+00:00,completed,506.52,0.00,37.99,544.51,2026-02-28 00:00:00+00:00,2026-09-24 15:51:32.431066+00:00
3489,TXN-202606-003489,972,2026-06-09 00:00:00+00:00,completed,13289.66,0.00,996.72,14286.38,2026-06-09 00:00:00+00:00,2026-09-24 15:51:32.431066+00:00
3490,TXN-202608-003490,752,2026-08-13 00:00:00+00:00,completed,286.94,0.00,21.52,308.46,2026-08-13 00:00:00+00:00,2026-09-24 15:51:32.431066+00:00
3491,TXN-202607-003491,791,2026-07-22 00:00:00+00:00,completed,1784.37,0.00,133.83,1918.20,2026-07-22 00:00:00+00:00,2026-09-24 15:51:32.431066+00:00
3492,TXN-202507-003492,992,2025-07-20 00:00:00+00:00,completed,1297.26,0.00,97.29,1394.55,2025-07-20 00:00:00+00:00,2026-09-24 15:51:32.431066+00:00
3493,TXN-202608-003493,603,2026-08-17 00:00:00+00:00,completed,433.04,0.00,32.48,465.52,2026-08-17 00:00:00+00:00,2026-09-24 15:51:32.431066+00:00
3494,TXN-202512-003494,15,2025-12-23 00:00:00+00:00,completed,8300.83,0.00,622.56,8923.39,2025-12-23 00:00:00+00:00,2026-09-24 15:51:32.431066+00:00
3495,TXN-202602-003495,310,2026-02-03 00:00:00+00:00,completed,41672.20,0.00,3125.41,44797.61,2026-02-03 00:00:00+00:00,2026-09-24 15:51:32.431066+00:00
3496,TXN-202602-003496,531,2026-02-17 00:00:00+00:00,completed,835.23,0.00,62.64,897.87,2026-02-17 00:00:00+00:00,2026-09-24 15:51:32.431066+00:00
3497,TXN-202605-003497,280,2026-05-26 00:00:00+00:00,completed,60.71,0.00,4.55,65.26,2026-05-26 00:00:00+00:00,2026-09-24 15:51:32.431066+00:00
3498,TXN-202609-003498,958,2026-09-16 00:00:00+00:00,completed,17658.40,0.00,1324.38,18982.78,2026-09-16 00:00:00+00:00,2026-09-24 15:51:32.431066+00:00
3499,TXN-202608-003499,718,2026-08-24 00:00:00+00:00,completed,24062.21,0.00,1804.67,25866.88,2026-08-24 00:00:00+00:00,2026-09-24 15:51:32.431066+00:00
3500,TXN-202606-003500,490,2026-06-23 00:00:00+00:00,completed,23169.80,0.00,1737.73,24907.53,2026-06-23 00:00:00+00:00,2026-09-24 15:51:32.431066+00:00
